{
"type": "FeatureCollection",
"name": "cities_with_pois",
"crs": { "type": "name", "properties": { "name": "urn:ogc:def:crs:OGC:1.3:CRS84" } },
"features": [
{ "type": "Feature", "properties": { "element": "relation", "id": 1440612, "addr:country": "RU", "addr:region": "Тульская область", "name": "Донской", "name:ar": null, "name:az": null, "name:de": "Donskoi", "name:diq": null, "name:en": "Donskoy", "name:eo": null, "name:es": null, "name:fa": null, "name:fi": null, "name:fr": "Donskoï", "name:hr": "Donskoj", "name:it": null, "name:ja": null, "name:ko": null, "name:nn": null, "name:no": null, "name:pl": null, "name:pt": null, "name:ru": "Донской", "name:tl": null, "name:war": null, "name:zh": null, "official_status": "ru:город", "place": "town", "population": null, "population:date": null, "wikidata": "Q135427", "wikipedia": "ru:Донской (город)", "addr:district": null, "start_date": null, "addr:subdistrict": null, "name:ca": null, "name:et": null, "name:id": null, "name:lt": null, "name:ro": null, "source": null, "addr:postcode": null, "name:hsb": null, "name:nl": null, "name:pnb": null, "name:sr": null, "name:sv": null, "name:tt": null, "name:uk": null, "name:vi": null, "admin_level": null, "capital": null, "contact:website": null, "int_name": null, "is_in:country": null, "is_in:country_code": null, "name:be": null, "name:bn": null, "name:eu": null, "name:he": null, "name:hu": null, "name:ml": null, "name:ru:word_stress": null, "name:sk": null, "name:sr-Latn": null, "name:zh-Hant": null, "wikimedia_commons": null, "addr:city": null, "website": null, "name:be-tarask": null, "name:bg": null, "description": null, "name:io": null, "alt_name": null, "landuse": null, "is_in": null, "type": "multipolygon", "ele": null, "name:pa": null, "tourism": 0, "leisure": 0, "healthcare": 0 }, "geometry": { "type": "Polygon", "coordinates": [ [ [ 38.2448935, 53.9322482 ], [ 38.2480073, 53.9322695 ], [ 38.2486542, 53.9324991 ], [ 38.2495823, 53.9326012 ], [ 38.253755, 53.9325682 ], [ 38.254112, 53.9333248 ], [ 38.2587888, 53.9332941 ], [ 38.258998, 53.9331153 ], [ 38.2596388, 53.9331522 ], [ 38.2611398, 53.9321065 ], [ 38.2628992, 53.9323887 ], [ 38.2665098, 53.9330853 ], [ 38.2670366, 53.9332317 ], [ 38.2637042, 53.9342097 ], [ 38.2634951, 53.9343028 ], [ 38.2627601, 53.934479 ], [ 38.2599435, 53.9355195 ], [ 38.2594108, 53.9361805 ], [ 38.2599624, 53.9365696 ], [ 38.2596462, 53.9378245 ], [ 38.2593403, 53.9390012 ], [ 38.2624787, 53.9429174 ], [ 38.2618077, 53.9437025 ], [ 38.2612741, 53.9446152 ], [ 38.2593268, 53.9450184 ], [ 38.2581152, 53.9453834 ], [ 38.2570336, 53.9458802 ], [ 38.2560672, 53.9488811 ], [ 38.2561713, 53.9489463 ], [ 38.2579422, 53.9492021 ], [ 38.2615344, 53.9498328 ], [ 38.2651854, 53.9504031 ], [ 38.268489, 53.9510369 ], [ 38.2693781, 53.9511741 ], [ 38.2689555, 53.9533959 ], [ 38.2689843, 53.9543789 ], [ 38.2687395, 53.954781 ], [ 38.2688109, 53.9550391 ], [ 38.2689639, 53.9552371 ], [ 38.2689945, 53.9554532 ], [ 38.2691774, 53.9592637 ], [ 38.2719806, 53.9593815 ], [ 38.2770578, 53.9598483 ], [ 38.2786589, 53.9599671 ], [ 38.2803032, 53.9601793 ], [ 38.290393, 53.9608754 ], [ 38.2900704, 53.9620158 ], [ 38.2897472, 53.9645219 ], [ 38.2888161, 53.9650697 ], [ 38.2842513, 53.9690855 ], [ 38.2824173, 53.968571 ], [ 38.2817119, 53.9681893 ], [ 38.2805269, 53.9678905 ], [ 38.2800472, 53.9680766 ], [ 38.277319, 53.969591 ], [ 38.2773492, 53.9701313 ], [ 38.2795983, 53.971089 ], [ 38.2812403, 53.9720791 ], [ 38.2817784, 53.9727852 ], [ 38.2845381, 53.9741162 ], [ 38.2845767, 53.9744555 ], [ 38.2839271, 53.9751505 ], [ 38.2984534, 53.9812431 ], [ 38.2996269, 53.980629 ], [ 38.3009722, 53.9801437 ], [ 38.3025659, 53.9797918 ], [ 38.3040282, 53.9795 ], [ 38.3051893, 53.9793613 ], [ 38.3056526, 53.979306 ], [ 38.3073504, 53.9792224 ], [ 38.3075305, 53.9813598 ], [ 38.3074639, 53.9825079 ], [ 38.3070778, 53.9836715 ], [ 38.3032011, 53.9862759 ], [ 38.3053472, 53.9875316 ], [ 38.3110072, 53.9912394 ], [ 38.3117315, 53.991649 ], [ 38.312754, 53.9920514 ], [ 38.3136938, 53.9941881 ], [ 38.3149049, 53.9969413 ], [ 38.3194126, 53.9994059 ], [ 38.3204805, 53.9987954 ], [ 38.3206471, 53.9988991 ], [ 38.3197653, 53.9996305 ], [ 38.3212865, 54.0005411 ], [ 38.3202249, 54.0015244 ], [ 38.3210717, 54.0019542 ], [ 38.3224083, 54.0029618 ], [ 38.3224964, 54.0031403 ], [ 38.3231823, 54.0036528 ], [ 38.324011, 54.004071 ], [ 38.3254996, 54.0054811 ], [ 38.3247321, 54.0058282 ], [ 38.3336383, 54.0098088 ], [ 38.3342884, 54.0102223 ], [ 38.3347184, 54.0102834 ], [ 38.334877, 54.0103059 ], [ 38.3366372, 54.0106298 ], [ 38.3369656, 54.0107224 ], [ 38.3383605, 54.0116558 ], [ 38.3387473, 54.0123712 ], [ 38.3400981, 54.0129018 ], [ 38.3419423, 54.0140715 ], [ 38.3422872, 54.0150723 ], [ 38.3422282, 54.0153905 ], [ 38.3417041, 54.0161106 ], [ 38.3427549, 54.0164263 ], [ 38.3430623, 54.0165187 ], [ 38.3428078, 54.0169924 ], [ 38.3428, 54.0172859 ], [ 38.3426283, 54.0176757 ], [ 38.3426299, 54.0184865 ], [ 38.3435181, 54.0185378 ], [ 38.3443377, 54.018758 ], [ 38.3452509, 54.019056 ], [ 38.3462188, 54.0192441 ], [ 38.3473621, 54.0193385 ], [ 38.348537, 54.0193633 ], [ 38.3492239, 54.0194367 ], [ 38.3515187, 54.0195651 ], [ 38.3543364, 54.019831 ], [ 38.3556716, 54.0200295 ], [ 38.3561489, 54.0202178 ], [ 38.3604563, 54.0218818 ], [ 38.36046, 54.0220758 ], [ 38.3634569, 54.0231231 ], [ 38.3635993, 54.0239289 ], [ 38.3666818, 54.0246353 ], [ 38.3652395, 54.0282832 ], [ 38.3670366, 54.0282523 ], [ 38.367864, 54.0281789 ], [ 38.3689255, 54.0278534 ], [ 38.3695109, 54.0275646 ], [ 38.3699559, 54.0272849 ], [ 38.3724053, 54.0254413 ], [ 38.3853088, 54.0308825 ], [ 38.3764041, 54.0398191 ], [ 38.3775204, 54.0404319 ], [ 38.3813461, 54.0376667 ], [ 38.3836118, 54.0389256 ], [ 38.3804273, 54.0416035 ], [ 38.3826544, 54.0419271 ], [ 38.3873805, 54.0423341 ], [ 38.3885895, 54.0424163 ], [ 38.3926983, 54.0408633 ], [ 38.3956653, 54.0400919 ], [ 38.3959921, 54.0402728 ], [ 38.3980413, 54.041054 ], [ 38.3996077, 54.0421691 ], [ 38.3998652, 54.0420935 ], [ 38.4013244, 54.0434543 ], [ 38.4008308, 54.0436622 ], [ 38.3982954, 54.0441466 ], [ 38.3981594, 54.0449599 ], [ 38.3984417, 54.0457247 ], [ 38.3975693, 54.0460623 ], [ 38.3949729, 54.0461819 ], [ 38.3938249, 54.0462575 ], [ 38.3945008, 54.0466418 ], [ 38.3961316, 54.0470449 ], [ 38.3979019, 54.0470386 ], [ 38.3993807, 54.0468118 ], [ 38.4012922, 54.0472024 ], [ 38.4021077, 54.048303 ], [ 38.4047765, 54.0474301 ], [ 38.4059914, 54.0471615 ], [ 38.4073148, 54.0468183 ], [ 38.4097634, 54.0491045 ], [ 38.4135716, 54.04755 ], [ 38.4111423, 54.0438532 ], [ 38.4092161, 54.0420749 ], [ 38.4117689, 54.0418352 ], [ 38.4209292, 54.0394956 ], [ 38.4241901, 54.0400079 ], [ 38.4246215, 54.0376579 ], [ 38.4245157, 54.0353914 ], [ 38.4352758, 54.0353458 ], [ 38.435426, 54.0369588 ], [ 38.4381511, 54.0368076 ], [ 38.4405973, 54.037173 ], [ 38.4411337, 54.0378157 ], [ 38.4446006, 54.037661 ], [ 38.4466641, 54.0375689 ], [ 38.4466054, 54.036606 ], [ 38.4473135, 54.0360011 ], [ 38.4469082, 54.0341938 ], [ 38.4469907, 54.0332577 ], [ 38.4470288, 54.0328259 ], [ 38.442743, 54.0332917 ], [ 38.4399472, 54.0341796 ], [ 38.4377648, 54.0340604 ], [ 38.4332199, 54.032506 ], [ 38.4310486, 54.0319936 ], [ 38.4312787, 54.0314143 ], [ 38.4309668, 54.0313276 ], [ 38.4310543, 54.0310015 ], [ 38.4291191, 54.0306836 ], [ 38.4222305, 54.0299688 ], [ 38.4217936, 54.0308172 ], [ 38.4185765, 54.0305647 ], [ 38.4184529, 54.0301157 ], [ 38.4167792, 54.0298637 ], [ 38.4144189, 54.0298637 ], [ 38.4059077, 54.0286429 ], [ 38.403764, 54.0270384 ], [ 38.3999496, 54.0233867 ], [ 38.4001084, 54.0218698 ], [ 38.4033787, 54.0195982 ], [ 38.4021275, 54.0165414 ], [ 38.3995378, 54.0165285 ], [ 38.4015348, 54.0127253 ], [ 38.4022204, 54.0100595 ], [ 38.4028841, 54.0089188 ], [ 38.4148463, 54.0042171 ], [ 38.4129444, 54.0029408 ], [ 38.4118023, 54.0038223 ], [ 38.4074493, 54.0057779 ], [ 38.405854, 54.0050546 ], [ 38.4006897, 54.0040239 ], [ 38.3994956, 54.0029081 ], [ 38.4017862, 54.0012795 ], [ 38.4048419, 53.9977813 ], [ 38.4036778, 53.9979573 ], [ 38.4031309, 53.9980109 ], [ 38.4015355, 53.9981851 ], [ 38.400396, 53.9977832 ], [ 38.4006467, 53.9970597 ], [ 38.4019458, 53.9962023 ], [ 38.3986867, 53.9945946 ], [ 38.3945388, 53.9953583 ], [ 38.389958, 53.9959612 ], [ 38.3898544, 53.9944805 ], [ 38.3894135, 53.9929349 ], [ 38.3889146, 53.9912318 ], [ 38.3876415, 53.9900037 ], [ 38.3870555, 53.9894062 ], [ 38.3876474, 53.9892026 ], [ 38.3894821, 53.9884235 ], [ 38.3886238, 53.9877486 ], [ 38.3880537, 53.9877173 ], [ 38.3838902, 53.9850926 ], [ 38.3824488, 53.9841839 ], [ 38.3837137, 53.9833907 ], [ 38.3838663, 53.9825767 ], [ 38.38508, 53.981585 ], [ 38.3810151, 53.9801894 ], [ 38.3812932, 53.9797197 ], [ 38.3764608, 53.977552 ], [ 38.375258, 53.9770183 ], [ 38.3751192, 53.9767651 ], [ 38.3736295, 53.9759117 ], [ 38.3721184, 53.9752925 ], [ 38.3715165, 53.974994 ], [ 38.3712047, 53.9749316 ], [ 38.3708185, 53.9747707 ], [ 38.3710009, 53.9747044 ], [ 38.3711189, 53.9746318 ], [ 38.3713388, 53.9745467 ], [ 38.3714676, 53.9744078 ], [ 38.3716178, 53.974269 ], [ 38.371768, 53.9742438 ], [ 38.3720147, 53.9740892 ], [ 38.3722132, 53.9739819 ], [ 38.372578, 53.9738304 ], [ 38.3728301, 53.9736853 ], [ 38.3730715, 53.9736159 ], [ 38.3735865, 53.9735023 ], [ 38.3719796, 53.9737952 ], [ 38.3714876, 53.9734372 ], [ 38.3708863, 53.9730844 ], [ 38.3702441, 53.9725837 ], [ 38.3698606, 53.9727067 ], [ 38.3691333, 53.9722005 ], [ 38.3684182, 53.9716236 ], [ 38.3694065, 53.9706981 ], [ 38.368451, 53.9702783 ], [ 38.3675298, 53.9699932 ], [ 38.3669309, 53.969715 ], [ 38.3659379, 53.9693581 ], [ 38.3657566, 53.9692005 ], [ 38.3657673, 53.9682139 ], [ 38.3684635, 53.9683623 ], [ 38.3703732, 53.9606685 ], [ 38.3766603, 53.9618551 ], [ 38.3821964, 53.9626126 ], [ 38.3837628, 53.9625999 ], [ 38.3858013, 53.9623222 ], [ 38.3884974, 53.96152 ], [ 38.3888909, 53.9613122 ], [ 38.3937299, 53.9600751 ], [ 38.4001779, 53.9580172 ], [ 38.4009826, 53.9579478 ], [ 38.4017133, 53.9576929 ], [ 38.4074532, 53.9555338 ], [ 38.4084724, 53.9545743 ], [ 38.4089445, 53.9537157 ], [ 38.4099959, 53.9503695 ], [ 38.4118949, 53.9460696 ], [ 38.4128666, 53.944767 ], [ 38.413639, 53.9438514 ], [ 38.4145295, 53.9429231 ], [ 38.4148407, 53.9420895 ], [ 38.4149191, 53.9413808 ], [ 38.4154019, 53.9409765 ], [ 38.4154985, 53.9400608 ], [ 38.4153268, 53.9395429 ], [ 38.4153483, 53.9392336 ], [ 38.4154234, 53.938943 ], [ 38.4157024, 53.9386525 ], [ 38.4162816, 53.938381 ], [ 38.4175584, 53.9377115 ], [ 38.4185562, 53.9373831 ], [ 38.4195539, 53.9371237 ], [ 38.4202298, 53.936991 ], [ 38.4210988, 53.93677 ], [ 38.4220966, 53.9366878 ], [ 38.4227941, 53.93665 ], [ 38.4240493, 53.9365994 ], [ 38.4249827, 53.9365679 ], [ 38.4259375, 53.936511 ], [ 38.4265706, 53.9367136 ], [ 38.4274292, 53.9365995 ], [ 38.4273862, 53.9364353 ], [ 38.4273433, 53.9361068 ], [ 38.427515, 53.9357279 ], [ 38.4271717, 53.9345405 ], [ 38.4269785, 53.9337573 ], [ 38.4266781, 53.9328098 ], [ 38.426013, 53.9317613 ], [ 38.4259057, 53.9311801 ], [ 38.4261846, 53.9306622 ], [ 38.4263348, 53.9301947 ], [ 38.4265813, 53.9299325 ], [ 38.4288963, 53.9288409 ], [ 38.4319004, 53.9278554 ], [ 38.4330618, 53.9272979 ], [ 38.4338101, 53.9265667 ], [ 38.434317, 53.9258323 ], [ 38.4345397, 53.9247156 ], [ 38.4346619, 53.9239892 ], [ 38.4348559, 53.9236739 ], [ 38.4350281, 53.9233134 ], [ 38.4353768, 53.9225174 ], [ 38.435545, 53.9225183 ], [ 38.4362599, 53.922522 ], [ 38.4365892, 53.9225237 ], [ 38.4375656, 53.92253 ], [ 38.4383757, 53.9225836 ], [ 38.4386881, 53.9211658 ], [ 38.4389417, 53.9206139 ], [ 38.4393499, 53.9194062 ], [ 38.4398609, 53.9179213 ], [ 38.438333, 53.917915 ], [ 38.436157, 53.9179884 ], [ 38.4350644, 53.9177927 ], [ 38.4343308, 53.917762 ], [ 38.429446, 53.9179606 ], [ 38.427398, 53.9174453 ], [ 38.4264545, 53.9174002 ], [ 38.4216129, 53.9172906 ], [ 38.4206522, 53.9172289 ], [ 38.4199769, 53.9171509 ], [ 38.4195407, 53.9171249 ], [ 38.4195579, 53.9175854 ], [ 38.4197239, 53.9181241 ], [ 38.4197293, 53.9182774 ], [ 38.4204454, 53.9183813 ], [ 38.420755, 53.9187865 ], [ 38.4204438, 53.9190093 ], [ 38.4177429, 53.9189903 ], [ 38.4150427, 53.918993 ], [ 38.4124812, 53.918854 ], [ 38.4098204, 53.9189046 ], [ 38.4095522, 53.9193153 ], [ 38.4095951, 53.9204084 ], [ 38.4072455, 53.9207495 ], [ 38.4053894, 53.9211981 ], [ 38.4056845, 53.9216246 ], [ 38.4053572, 53.9219437 ], [ 38.4044238, 53.9219374 ], [ 38.4035119, 53.9220005 ], [ 38.4025034, 53.9221332 ], [ 38.4015807, 53.9223164 ], [ 38.4008511, 53.9227713 ], [ 38.4003791, 53.9237822 ], [ 38.4005507, 53.924414 ], [ 38.4010511, 53.9251739 ], [ 38.4001334, 53.925382 ], [ 38.4001347, 53.9255336 ], [ 38.4005209, 53.9262664 ], [ 38.4003064, 53.926797 ], [ 38.3990189, 53.9276815 ], [ 38.4017801, 53.9280164 ], [ 38.4013143, 53.9291786 ], [ 38.401723, 53.9295281 ], [ 38.4010387, 53.9311873 ], [ 38.40063, 53.9321217 ], [ 38.4034836, 53.9324782 ], [ 38.4026459, 53.9346524 ], [ 38.4056969, 53.9405776 ], [ 38.4057407, 53.9415564 ], [ 38.4053672, 53.9431249 ], [ 38.4052468, 53.9436563 ], [ 38.405621, 53.9437731 ], [ 38.4065077, 53.943673 ], [ 38.4085247, 53.943572 ], [ 38.408573, 53.9434876 ], [ 38.4087178, 53.9430921 ], [ 38.4089003, 53.9423721 ], [ 38.4089378, 53.9420122 ], [ 38.4090129, 53.9414376 ], [ 38.4141466, 53.9413365 ], [ 38.4138965, 53.94226 ], [ 38.4136498, 53.943062 ], [ 38.4128236, 53.943883 ], [ 38.4119653, 53.9447607 ], [ 38.4111332, 53.9460633 ], [ 38.4092449, 53.9502559 ], [ 38.4077103, 53.9529323 ], [ 38.3960394, 53.9572337 ], [ 38.3928534, 53.9582676 ], [ 38.3873308, 53.9601559 ], [ 38.3840911, 53.9606774 ], [ 38.381442, 53.9608665 ], [ 38.3792779, 53.9606178 ], [ 38.3773519, 53.9603815 ], [ 38.3752705, 53.9600344 ], [ 38.373468, 53.9596619 ], [ 38.3701207, 53.9589739 ], [ 38.3688439, 53.9587404 ], [ 38.367696, 53.9585763 ], [ 38.3661939, 53.9583427 ], [ 38.3645355, 53.9581842 ], [ 38.3630124, 53.9580892 ], [ 38.3609615, 53.9583177 ], [ 38.3593466, 53.9587572 ], [ 38.3573285, 53.9591637 ], [ 38.3565612, 53.9590233 ], [ 38.3552662, 53.9587194 ], [ 38.3511115, 53.9588464 ], [ 38.351019, 53.9582478 ], [ 38.3507724, 53.9582569 ], [ 38.350703, 53.9585199 ], [ 38.3504101, 53.9585244 ], [ 38.3503176, 53.9587965 ], [ 38.3469646, 53.9588827 ], [ 38.3462744, 53.9595242 ], [ 38.345685, 53.9592092 ], [ 38.3447369, 53.9589145 ], [ 38.342278, 53.9585925 ], [ 38.342278, 53.9579575 ], [ 38.3387687, 53.9579684 ], [ 38.3387571, 53.9577597 ], [ 38.338865, 53.9575443 ], [ 38.3389036, 53.9572745 ], [ 38.3389806, 53.9571248 ], [ 38.3390462, 53.9570159 ], [ 38.3389988, 53.9569833 ], [ 38.3389256, 53.9569153 ], [ 38.3388846, 53.956837 ], [ 38.3389718, 53.9567641 ], [ 38.3389746, 53.9566999 ], [ 38.3390209, 53.956647 ], [ 38.3391136, 53.9566382 ], [ 38.3391381, 53.956615 ], [ 38.339089, 53.9565717 ], [ 38.3392226, 53.9564738 ], [ 38.3393002, 53.9564875 ], [ 38.3394746, 53.9564241 ], [ 38.3395687, 53.9564501 ], [ 38.339615, 53.956432 ], [ 38.3397161, 53.9564417 ], [ 38.3396289, 53.9563712 ], [ 38.3393264, 53.9562846 ], [ 38.3390158, 53.9562092 ], [ 38.3384952, 53.9561852 ], [ 38.3384516, 53.9561403 ], [ 38.3382963, 53.9561114 ], [ 38.3380428, 53.9560809 ], [ 38.3378466, 53.9560937 ], [ 38.3376995, 53.9560248 ], [ 38.337585, 53.9560456 ], [ 38.337397, 53.9559991 ], [ 38.3371844, 53.9560152 ], [ 38.3369282, 53.9560152 ], [ 38.3367456, 53.955919 ], [ 38.3366257, 53.9558115 ], [ 38.3363559, 53.9557265 ], [ 38.3361379, 53.9556977 ], [ 38.3360235, 53.9557586 ], [ 38.3359553, 53.955935 ], [ 38.3358463, 53.9559959 ], [ 38.3356501, 53.9559927 ], [ 38.3355765, 53.955943 ], [ 38.3355493, 53.9558805 ], [ 38.3355111, 53.9558035 ], [ 38.3353803, 53.9557442 ], [ 38.3353231, 53.9556592 ], [ 38.3351608, 53.9555378 ], [ 38.3349237, 53.9554448 ], [ 38.3343787, 53.9552556 ], [ 38.3338282, 53.9552572 ], [ 38.333557, 53.9551862 ], [ 38.3330145, 53.9551495 ], [ 38.3323197, 53.9551028 ], [ 38.3320281, 53.9550195 ], [ 38.3314204, 53.9550259 ], [ 38.3311383, 53.9551622 ], [ 38.3308372, 53.9552383 ], [ 38.3308248, 53.9552159 ], [ 38.3306449, 53.9552223 ], [ 38.3306667, 53.9552865 ], [ 38.3305087, 53.9552993 ], [ 38.3305359, 53.955373 ], [ 38.3298873, 53.9556424 ], [ 38.3291951, 53.9558413 ], [ 38.3289062, 53.9560113 ], [ 38.3288463, 53.9560946 ], [ 38.3286773, 53.9561812 ], [ 38.3285193, 53.9562101 ], [ 38.3283666, 53.9562871 ], [ 38.3281214, 53.9562486 ], [ 38.3280887, 53.9563288 ], [ 38.3279851, 53.9563737 ], [ 38.3278325, 53.9563288 ], [ 38.3272384, 53.9565725 ], [ 38.3267969, 53.9566751 ], [ 38.3267697, 53.9567617 ], [ 38.3265516, 53.9568996 ], [ 38.3261919, 53.9570151 ], [ 38.3261047, 53.9571594 ], [ 38.3258703, 53.9572812 ], [ 38.3256578, 53.9573614 ], [ 38.3253307, 53.9575346 ], [ 38.3247584, 53.9576853 ], [ 38.3237556, 53.9577206 ], [ 38.3235266, 53.9577687 ], [ 38.3232432, 53.9579226 ], [ 38.3231833, 53.958006 ], [ 38.3230961, 53.9579836 ], [ 38.3228998, 53.9580221 ], [ 38.3227745, 53.9581343 ], [ 38.3224583, 53.9582016 ], [ 38.322021, 53.9583524 ], [ 38.3219719, 53.9584486 ], [ 38.3218466, 53.9584935 ], [ 38.3216068, 53.9584486 ], [ 38.3212634, 53.9584193 ], [ 38.3209309, 53.9585412 ], [ 38.320811, 53.9585412 ], [ 38.3205821, 53.9586117 ], [ 38.3203532, 53.9586085 ], [ 38.3200806, 53.9585649 ], [ 38.3199117, 53.9585745 ], [ 38.31971, 53.9585878 ], [ 38.3192972, 53.9585971 ], [ 38.3184724, 53.9586602 ], [ 38.3183947, 53.9589394 ], [ 38.3153307, 53.9591208 ], [ 38.3151889, 53.9581904 ], [ 38.3146994, 53.9570883 ], [ 38.3143074, 53.9566088 ], [ 38.3149684, 53.9564553 ], [ 38.3147341, 53.9556868 ], [ 38.3118883, 53.9559533 ], [ 38.3094411, 53.9560734 ], [ 38.3084311, 53.9561424 ], [ 38.3081367, 53.9552696 ], [ 38.3071457, 53.9549964 ], [ 38.3054268, 53.9549674 ], [ 38.3051435, 53.9546835 ], [ 38.3036836, 53.9546528 ], [ 38.3034216, 53.9548946 ], [ 38.3033624, 53.9566973 ], [ 38.3001406, 53.9571736 ], [ 38.2977117, 53.9570758 ], [ 38.2952499, 53.957241 ], [ 38.2910065, 53.9570145 ], [ 38.2905678, 53.956922 ], [ 38.2899011, 53.9564377 ], [ 38.2852815, 53.9556032 ], [ 38.281955, 53.955321 ], [ 38.280662, 53.9553332 ], [ 38.279722, 53.9551155 ], [ 38.2784239, 53.9544152 ], [ 38.2782174, 53.9534172 ], [ 38.2786008, 53.9523412 ], [ 38.2777455, 53.9517337 ], [ 38.2778487, 53.9508138 ], [ 38.2790432, 53.9494599 ], [ 38.2797364, 53.9480626 ], [ 38.2809604, 53.9471079 ], [ 38.278881, 53.9458233 ], [ 38.2776865, 53.9463962 ], [ 38.2746087, 53.9444965 ], [ 38.2735505, 53.9408849 ], [ 38.2729538, 53.9380994 ], [ 38.2702314, 53.9382769 ], [ 38.2699667, 53.9362709 ], [ 38.2700552, 53.9351156 ], [ 38.273841, 53.930153 ], [ 38.2737978, 53.9288451 ], [ 38.273365, 53.9281233 ], [ 38.2718217, 53.9270701 ], [ 38.2758009, 53.9278687 ], [ 38.276069, 53.9275962 ], [ 38.2762854, 53.9276004 ], [ 38.2778071, 53.9275325 ], [ 38.2793, 53.9269167 ], [ 38.2803703, 53.926236 ], [ 38.2815213, 53.9249251 ], [ 38.2816575, 53.9242218 ], [ 38.282488, 53.9235105 ], [ 38.2833785, 53.9227145 ], [ 38.2842404, 53.9227623 ], [ 38.285643, 53.923199 ], [ 38.2874493, 53.9234903 ], [ 38.2884635, 53.9235676 ], [ 38.289485, 53.923171 ], [ 38.2909314, 53.9226955 ], [ 38.2914627, 53.9225569 ], [ 38.2922195, 53.9223426 ], [ 38.2938159, 53.9219109 ], [ 38.2982178, 53.9213128 ], [ 38.3014309, 53.9239601 ], [ 38.3031153, 53.9260955 ], [ 38.3029865, 53.9292288 ], [ 38.3021443, 53.9297279 ], [ 38.3015102, 53.9305638 ], [ 38.3013063, 53.9313155 ], [ 38.3014029, 53.932004 ], [ 38.3019608, 53.9326104 ], [ 38.3029371, 53.9342968 ], [ 38.3033984, 53.9351748 ], [ 38.3033663, 53.9357432 ], [ 38.3024972, 53.9367285 ], [ 38.301199, 53.938118 ], [ 38.3015638, 53.939179 ], [ 38.3024328, 53.9402778 ], [ 38.3035808, 53.9419893 ], [ 38.3059734, 53.942065 ], [ 38.3068853, 53.9414272 ], [ 38.3049434, 53.9403599 ], [ 38.3050292, 53.9384148 ], [ 38.3049112, 53.9365769 ], [ 38.3046215, 53.9352569 ], [ 38.307808, 53.9362106 ], [ 38.3099108, 53.9355032 ], [ 38.3083015, 53.9335578 ], [ 38.3076363, 53.933122 ], [ 38.3062309, 53.9328378 ], [ 38.3044928, 53.9333557 ], [ 38.3032053, 53.9327872 ], [ 38.3023792, 53.932244 ], [ 38.3019393, 53.9314987 ], [ 38.3020466, 53.9307407 ], [ 38.3026003, 53.930189 ], [ 38.303464, 53.9297245 ], [ 38.3047132, 53.9294593 ], [ 38.3064602, 53.9290723 ], [ 38.3089866, 53.9288151 ], [ 38.3114594, 53.9286305 ], [ 38.3113606, 53.9283286 ], [ 38.3110264, 53.9280074 ], [ 38.3102678, 53.9281721 ], [ 38.3074171, 53.9262236 ], [ 38.3101057, 53.9250005 ], [ 38.31188, 53.92414 ], [ 38.3151431, 53.9266024 ], [ 38.3123894, 53.9276048 ], [ 38.3130335, 53.9282088 ], [ 38.3131591, 53.9284881 ], [ 38.3186625, 53.9280793 ], [ 38.3207212, 53.9274448 ], [ 38.3230373, 53.9257524 ], [ 38.3243907, 53.9244543 ], [ 38.3254511, 53.9235013 ], [ 38.3260188, 53.9231932 ], [ 38.3257859, 53.9227865 ], [ 38.326651, 53.9221785 ], [ 38.328395, 53.9216937 ], [ 38.3291763, 53.9211678 ], [ 38.3319673, 53.9200147 ], [ 38.3332793, 53.917577 ], [ 38.3333464, 53.9173274 ], [ 38.3318363, 53.9168588 ], [ 38.3283415, 53.9162051 ], [ 38.3263718, 53.9165029 ], [ 38.3246961, 53.9171036 ], [ 38.323436, 53.9183579 ], [ 38.3223896, 53.919081 ], [ 38.3215396, 53.9193028 ], [ 38.3105731, 53.9190234 ], [ 38.3092267, 53.9188467 ], [ 38.3074944, 53.9182679 ], [ 38.3066294, 53.9176352 ], [ 38.3059876, 53.9169285 ], [ 38.3053077, 53.9162107 ], [ 38.3049729, 53.9154711 ], [ 38.3045343, 53.9136253 ], [ 38.3043457, 53.9131805 ], [ 38.3040103, 53.9125529 ], [ 38.303665, 53.9121345 ], [ 38.3028264, 53.9116173 ], [ 38.3024022, 53.9104434 ], [ 38.3031493, 53.9096527 ], [ 38.3027516, 53.9094267 ], [ 38.300017, 53.909776 ], [ 38.3000309, 53.9100965 ], [ 38.3014331, 53.91038 ], [ 38.3018004, 53.9105538 ], [ 38.3023233, 53.9119253 ], [ 38.3029547, 53.9122507 ], [ 38.3035663, 53.9126865 ], [ 38.3038904, 53.9132528 ], [ 38.3042443, 53.91428 ], [ 38.3043735, 53.9153766 ], [ 38.3039458, 53.9157354 ], [ 38.3031692, 53.9161889 ], [ 38.3021368, 53.9166244 ], [ 38.3011461, 53.9169038 ], [ 38.3005741, 53.9168956 ], [ 38.2963186, 53.9187691 ], [ 38.2955041, 53.9192226 ], [ 38.2940444, 53.9192868 ], [ 38.2930495, 53.919169 ], [ 38.2914852, 53.9185139 ], [ 38.2910775, 53.9186655 ], [ 38.290156, 53.918512 ], [ 38.2893479, 53.9169431 ], [ 38.2884227, 53.9152686 ], [ 38.2875634, 53.9153634 ], [ 38.287301, 53.9144066 ], [ 38.2853698, 53.9135977 ], [ 38.2850747, 53.9124192 ], [ 38.2816147, 53.9126056 ], [ 38.2794422, 53.9131996 ], [ 38.2790559, 53.9138442 ], [ 38.2753758, 53.915285 ], [ 38.2751609, 53.9151647 ], [ 38.27376, 53.9141275 ], [ 38.2763779, 53.9127309 ], [ 38.277086, 53.9122949 ], [ 38.2770431, 53.9119726 ], [ 38.2774078, 53.9117387 ], [ 38.2772362, 53.9114038 ], [ 38.277601, 53.9112395 ], [ 38.2817691, 53.9106959 ], [ 38.2821124, 53.9105443 ], [ 38.2812541, 53.9093561 ], [ 38.2809966, 53.9089011 ], [ 38.2787007, 53.9092045 ], [ 38.2773703, 53.9094573 ], [ 38.2749885, 53.9097606 ], [ 38.2752031, 53.9101904 ], [ 38.2726496, 53.9111889 ], [ 38.2705468, 53.9117956 ], [ 38.2696724, 53.9110846 ], [ 38.2693183, 53.9101493 ], [ 38.2689213, 53.9095141 ], [ 38.2686454, 53.9091919 ], [ 38.268615, 53.9088077 ], [ 38.2678661, 53.907713 ], [ 38.2704421, 53.9069635 ], [ 38.2730498, 53.906205 ], [ 38.2724119, 53.905073 ], [ 38.2706203, 53.9023968 ], [ 38.270352, 53.9019771 ], [ 38.2702788, 53.901687 ], [ 38.2686051, 53.9001004 ], [ 38.2682256, 53.8993682 ], [ 38.2663824, 53.8969888 ], [ 38.2642068, 53.8975 ], [ 38.2585419, 53.8990172 ], [ 38.2594649, 53.9011292 ], [ 38.2578565, 53.9012935 ], [ 38.2576737, 53.9012074 ], [ 38.2565616, 53.9013946 ], [ 38.2556553, 53.9016044 ], [ 38.2547112, 53.9018983 ], [ 38.2543569, 53.90209 ], [ 38.2536586, 53.902437 ], [ 38.2535698, 53.902995 ], [ 38.2527312, 53.9030183 ], [ 38.251958, 53.9032115 ], [ 38.2538581, 53.9056276 ], [ 38.2565617, 53.9050334 ], [ 38.2573557, 53.9049576 ], [ 38.2589006, 53.9068285 ], [ 38.259995, 53.9081431 ], [ 38.2616043, 53.9104056 ], [ 38.2599735, 53.9108354 ], [ 38.2571089, 53.910987 ], [ 38.2549953, 53.9109491 ], [ 38.2530212, 53.9085223 ], [ 38.2531285, 53.9065377 ], [ 38.25361, 53.9057413 ], [ 38.2468797, 53.9069478 ], [ 38.2480628, 53.9088004 ], [ 38.246078, 53.9097737 ], [ 38.2467861, 53.911202 ], [ 38.2487817, 53.9123395 ], [ 38.2501013, 53.9143744 ], [ 38.253041, 53.9124027 ], [ 38.2528658, 53.9111924 ], [ 38.257278, 53.9110786 ], [ 38.2604853, 53.9110831 ], [ 38.2626662, 53.9109365 ], [ 38.2625694, 53.9132496 ], [ 38.2623603, 53.9140363 ], [ 38.2622745, 53.9145451 ], [ 38.2607135, 53.9148074 ], [ 38.2601395, 53.9158689 ], [ 38.260156, 53.9164068 ], [ 38.2591954, 53.917038 ], [ 38.2595387, 53.9173033 ], [ 38.2600197, 53.9176074 ], [ 38.2607559, 53.9175474 ], [ 38.2645646, 53.9158287 ], [ 38.2649938, 53.9159424 ], [ 38.2655946, 53.915816 ], [ 38.2673399, 53.915723 ], [ 38.268737, 53.9157333 ], [ 38.2702541, 53.9158678 ], [ 38.2714848, 53.916132 ], [ 38.2719997, 53.9163531 ], [ 38.2730322, 53.9181227 ], [ 38.2732897, 53.9191968 ], [ 38.2707577, 53.920511 ], [ 38.2707292, 53.920838 ], [ 38.2702678, 53.9211476 ], [ 38.2699567, 53.9215014 ], [ 38.2696992, 53.9216214 ], [ 38.2694632, 53.92207 ], [ 38.269041, 53.9225202 ], [ 38.2676356, 53.9228551 ], [ 38.2665559, 53.9238562 ], [ 38.2654462, 53.9239335 ], [ 38.2644533, 53.9239813 ], [ 38.2631886, 53.9240885 ], [ 38.2632156, 53.9257582 ], [ 38.2590185, 53.9241522 ], [ 38.2586483, 53.9241137 ], [ 38.2584473, 53.9243014 ], [ 38.2580999, 53.924122 ], [ 38.2578619, 53.9240753 ], [ 38.2573142, 53.9243815 ], [ 38.2571015, 53.9243687 ], [ 38.2564907, 53.9242786 ], [ 38.2560055, 53.9237235 ], [ 38.2552804, 53.9237006 ], [ 38.2548326, 53.9242422 ], [ 38.2547894, 53.9246541 ], [ 38.2539311, 53.9246329 ], [ 38.2535633, 53.9245607 ], [ 38.2535092, 53.9244354 ], [ 38.2531919, 53.9243759 ], [ 38.2530116, 53.9244269 ], [ 38.2514069, 53.9244524 ], [ 38.2512879, 53.9245437 ], [ 38.2512122, 53.924686 ], [ 38.251068, 53.9247433 ], [ 38.2505343, 53.9247284 ], [ 38.2503936, 53.924756 ], [ 38.2502999, 53.9248792 ], [ 38.2499645, 53.925013 ], [ 38.2496396, 53.9250033 ], [ 38.2492183, 53.9261324 ], [ 38.2491316, 53.9266759 ], [ 38.2489786, 53.9268951 ], [ 38.2481219, 53.926778 ], [ 38.2472856, 53.926757 ], [ 38.2467144, 53.9269101 ], [ 38.2463676, 53.9272134 ], [ 38.2458832, 53.9274506 ], [ 38.24521, 53.9284085 ], [ 38.2440198, 53.9284318 ], [ 38.2448935, 53.9322482 ] ] ] } },
{ "type": "Feature", "properties": { "element": "relation", "id": 1440612, "addr:country": "RU", "addr:region": "Тульская область", "name": "Донской", "name:ar": null, "name:az": null, "name:de": "Donskoi", "name:diq": null, "name:en": "Donskoy", "name:eo": null, "name:es": null, "name:fa": null, "name:fi": null, "name:fr": "Donskoï", "name:hr": "Donskoj", "name:it": null, "name:ja": null, "name:ko": null, "name:nn": null, "name:no": null, "name:pl": null, "name:pt": null, "name:ru": "Донской", "name:tl": null, "name:war": null, "name:zh": null, "official_status": "ru:город", "place": "town", "population": null, "population:date": null, "wikidata": "Q135427", "wikipedia": "ru:Донской (город)", "addr:district": null, "start_date": null, "addr:subdistrict": null, "name:ca": null, "name:et": null, "name:id": null, "name:lt": null, "name:ro": null, "source": null, "addr:postcode": null, "name:hsb": null, "name:nl": null, "name:pnb": null, "name:sr": null, "name:sv": null, "name:tt": null, "name:uk": null, "name:vi": null, "admin_level": null, "capital": null, "contact:website": null, "int_name": null, "is_in:country": null, "is_in:country_code": null, "name:be": null, "name:bn": null, "name:eu": null, "name:he": null, "name:hu": null, "name:ml": null, "name:ru:word_stress": null, "name:sk": null, "name:sr-Latn": null, "name:zh-Hant": null, "wikimedia_commons": null, "addr:city": null, "website": null, "name:be-tarask": null, "name:bg": null, "description": null, "name:io": null, "alt_name": null, "landuse": null, "is_in": null, "type": "multipolygon", "ele": null, "name:pa": null, "tourism": 0, "leisure": 0, "healthcare": 0 }, "geometry": { "type": "Polygon", "coordinates": [ [ [ 38.2448935, 53.9322482 ], [ 38.2480073, 53.9322695 ], [ 38.2486542, 53.9324991 ], [ 38.2495823, 53.9326012 ], [ 38.253755, 53.9325682 ], [ 38.254112, 53.9333248 ], [ 38.2587888, 53.9332941 ], [ 38.258998, 53.9331153 ], [ 38.2596388, 53.9331522 ], [ 38.2611398, 53.9321065 ], [ 38.2628992, 53.9323887 ], [ 38.2665098, 53.9330853 ], [ 38.2670366, 53.9332317 ], [ 38.2637042, 53.9342097 ], [ 38.2634951, 53.9343028 ], [ 38.2627601, 53.934479 ], [ 38.2599435, 53.9355195 ], [ 38.2594108, 53.9361805 ], [ 38.2599624, 53.9365696 ], [ 38.2596462, 53.9378245 ], [ 38.2593403, 53.9390012 ], [ 38.2624787, 53.9429174 ], [ 38.2618077, 53.9437025 ], [ 38.2612741, 53.9446152 ], [ 38.2593268, 53.9450184 ], [ 38.2581152, 53.9453834 ], [ 38.2570336, 53.9458802 ], [ 38.2560672, 53.9488811 ], [ 38.2561713, 53.9489463 ], [ 38.2579422, 53.9492021 ], [ 38.2615344, 53.9498328 ], [ 38.2651854, 53.9504031 ], [ 38.268489, 53.9510369 ], [ 38.2693781, 53.9511741 ], [ 38.2689555, 53.9533959 ], [ 38.2689843, 53.9543789 ], [ 38.2687395, 53.954781 ], [ 38.2688109, 53.9550391 ], [ 38.2689639, 53.9552371 ], [ 38.2689945, 53.9554532 ], [ 38.2691774, 53.9592637 ], [ 38.2719806, 53.9593815 ], [ 38.2770578, 53.9598483 ], [ 38.2786589, 53.9599671 ], [ 38.2803032, 53.9601793 ], [ 38.290393, 53.9608754 ], [ 38.2900704, 53.9620158 ], [ 38.2897472, 53.9645219 ], [ 38.2888161, 53.9650697 ], [ 38.2842513, 53.9690855 ], [ 38.2824173, 53.968571 ], [ 38.2817119, 53.9681893 ], [ 38.2805269, 53.9678905 ], [ 38.2800472, 53.9680766 ], [ 38.277319, 53.969591 ], [ 38.2773492, 53.9701313 ], [ 38.2795983, 53.971089 ], [ 38.2812403, 53.9720791 ], [ 38.2817784, 53.9727852 ], [ 38.2845381, 53.9741162 ], [ 38.2845767, 53.9744555 ], [ 38.2839271, 53.9751505 ], [ 38.2984534, 53.9812431 ], [ 38.2996269, 53.980629 ], [ 38.3009722, 53.9801437 ], [ 38.3025659, 53.9797918 ], [ 38.3040282, 53.9795 ], [ 38.3051893, 53.9793613 ], [ 38.3056526, 53.979306 ], [ 38.3073504, 53.9792224 ], [ 38.3075305, 53.9813598 ], [ 38.3074639, 53.9825079 ], [ 38.3070778, 53.9836715 ], [ 38.3032011, 53.9862759 ], [ 38.3053472, 53.9875316 ], [ 38.3110072, 53.9912394 ], [ 38.3117315, 53.991649 ], [ 38.312754, 53.9920514 ], [ 38.3136938, 53.9941881 ], [ 38.3149049, 53.9969413 ], [ 38.3194126, 53.9994059 ], [ 38.3204805, 53.9987954 ], [ 38.3206471, 53.9988991 ], [ 38.3197653, 53.9996305 ], [ 38.3212865, 54.0005411 ], [ 38.3202249, 54.0015244 ], [ 38.3210717, 54.0019542 ], [ 38.3224083, 54.0029618 ], [ 38.3224964, 54.0031403 ], [ 38.3231823, 54.0036528 ], [ 38.324011, 54.004071 ], [ 38.3254996, 54.0054811 ], [ 38.3247321, 54.0058282 ], [ 38.3336383, 54.0098088 ], [ 38.3342884, 54.0102223 ], [ 38.3347184, 54.0102834 ], [ 38.334877, 54.0103059 ], [ 38.3366372, 54.0106298 ], [ 38.3369656, 54.0107224 ], [ 38.3383605, 54.0116558 ], [ 38.3387473, 54.0123712 ], [ 38.3400981, 54.0129018 ], [ 38.3419423, 54.0140715 ], [ 38.3422872, 54.0150723 ], [ 38.3422282, 54.0153905 ], [ 38.3417041, 54.0161106 ], [ 38.3427549, 54.0164263 ], [ 38.3430623, 54.0165187 ], [ 38.3428078, 54.0169924 ], [ 38.3428, 54.0172859 ], [ 38.3426283, 54.0176757 ], [ 38.3426299, 54.0184865 ], [ 38.3435181, 54.0185378 ], [ 38.3443377, 54.018758 ], [ 38.3452509, 54.019056 ], [ 38.3462188, 54.0192441 ], [ 38.3473621, 54.0193385 ], [ 38.348537, 54.0193633 ], [ 38.3492239, 54.0194367 ], [ 38.3515187, 54.0195651 ], [ 38.3543364, 54.019831 ], [ 38.3556716, 54.0200295 ], [ 38.3561489, 54.0202178 ], [ 38.3604563, 54.0218818 ], [ 38.36046, 54.0220758 ], [ 38.3634569, 54.0231231 ], [ 38.3635993, 54.0239289 ], [ 38.3666818, 54.0246353 ], [ 38.3652395, 54.0282832 ], [ 38.3670366, 54.0282523 ], [ 38.367864, 54.0281789 ], [ 38.3689255, 54.0278534 ], [ 38.3695109, 54.0275646 ], [ 38.3699559, 54.0272849 ], [ 38.3724053, 54.0254413 ], [ 38.3853088, 54.0308825 ], [ 38.3764041, 54.0398191 ], [ 38.3775204, 54.0404319 ], [ 38.3813461, 54.0376667 ], [ 38.3836118, 54.0389256 ], [ 38.3804273, 54.0416035 ], [ 38.3826544, 54.0419271 ], [ 38.3873805, 54.0423341 ], [ 38.3885895, 54.0424163 ], [ 38.3926983, 54.0408633 ], [ 38.3956653, 54.0400919 ], [ 38.3959921, 54.0402728 ], [ 38.3980413, 54.041054 ], [ 38.3996077, 54.0421691 ], [ 38.3998652, 54.0420935 ], [ 38.4013244, 54.0434543 ], [ 38.4008308, 54.0436622 ], [ 38.3982954, 54.0441466 ], [ 38.3981594, 54.0449599 ], [ 38.3984417, 54.0457247 ], [ 38.3975693, 54.0460623 ], [ 38.3949729, 54.0461819 ], [ 38.3938249, 54.0462575 ], [ 38.3945008, 54.0466418 ], [ 38.3961316, 54.0470449 ], [ 38.3979019, 54.0470386 ], [ 38.3993807, 54.0468118 ], [ 38.4012922, 54.0472024 ], [ 38.4021077, 54.048303 ], [ 38.4047765, 54.0474301 ], [ 38.4059914, 54.0471615 ], [ 38.4073148, 54.0468183 ], [ 38.4097634, 54.0491045 ], [ 38.4135716, 54.04755 ], [ 38.4111423, 54.0438532 ], [ 38.4092161, 54.0420749 ], [ 38.4117689, 54.0418352 ], [ 38.4209292, 54.0394956 ], [ 38.4241901, 54.0400079 ], [ 38.4246215, 54.0376579 ], [ 38.4245157, 54.0353914 ], [ 38.4352758, 54.0353458 ], [ 38.435426, 54.0369588 ], [ 38.4381511, 54.0368076 ], [ 38.4405973, 54.037173 ], [ 38.4411337, 54.0378157 ], [ 38.4446006, 54.037661 ], [ 38.4466641, 54.0375689 ], [ 38.4466054, 54.036606 ], [ 38.4473135, 54.0360011 ], [ 38.4469082, 54.0341938 ], [ 38.4469907, 54.0332577 ], [ 38.4470288, 54.0328259 ], [ 38.442743, 54.0332917 ], [ 38.4399472, 54.0341796 ], [ 38.4377648, 54.0340604 ], [ 38.4332199, 54.032506 ], [ 38.4310486, 54.0319936 ], [ 38.4312787, 54.0314143 ], [ 38.4309668, 54.0313276 ], [ 38.4310543, 54.0310015 ], [ 38.4291191, 54.0306836 ], [ 38.4222305, 54.0299688 ], [ 38.4217936, 54.0308172 ], [ 38.4185765, 54.0305647 ], [ 38.4184529, 54.0301157 ], [ 38.4167792, 54.0298637 ], [ 38.4144189, 54.0298637 ], [ 38.4059077, 54.0286429 ], [ 38.403764, 54.0270384 ], [ 38.3999496, 54.0233867 ], [ 38.4001084, 54.0218698 ], [ 38.4033787, 54.0195982 ], [ 38.4021275, 54.0165414 ], [ 38.3995378, 54.0165285 ], [ 38.4015348, 54.0127253 ], [ 38.4022204, 54.0100595 ], [ 38.4028841, 54.0089188 ], [ 38.4148463, 54.0042171 ], [ 38.4129444, 54.0029408 ], [ 38.4118023, 54.0038223 ], [ 38.4074493, 54.0057779 ], [ 38.405854, 54.0050546 ], [ 38.4006897, 54.0040239 ], [ 38.3994956, 54.0029081 ], [ 38.4017862, 54.0012795 ], [ 38.4048419, 53.9977813 ], [ 38.4036778, 53.9979573 ], [ 38.4031309, 53.9980109 ], [ 38.4015355, 53.9981851 ], [ 38.400396, 53.9977832 ], [ 38.4006467, 53.9970597 ], [ 38.4019458, 53.9962023 ], [ 38.3986867, 53.9945946 ], [ 38.3945388, 53.9953583 ], [ 38.389958, 53.9959612 ], [ 38.3898544, 53.9944805 ], [ 38.3894135, 53.9929349 ], [ 38.3889146, 53.9912318 ], [ 38.3876415, 53.9900037 ], [ 38.3870555, 53.9894062 ], [ 38.3876474, 53.9892026 ], [ 38.3894821, 53.9884235 ], [ 38.3886238, 53.9877486 ], [ 38.3880537, 53.9877173 ], [ 38.3838902, 53.9850926 ], [ 38.3824488, 53.9841839 ], [ 38.3837137, 53.9833907 ], [ 38.3838663, 53.9825767 ], [ 38.38508, 53.981585 ], [ 38.3810151, 53.9801894 ], [ 38.3812932, 53.9797197 ], [ 38.3764608, 53.977552 ], [ 38.375258, 53.9770183 ], [ 38.3751192, 53.9767651 ], [ 38.3736295, 53.9759117 ], [ 38.3721184, 53.9752925 ], [ 38.3715165, 53.974994 ], [ 38.3712047, 53.9749316 ], [ 38.3708185, 53.9747707 ], [ 38.3710009, 53.9747044 ], [ 38.3711189, 53.9746318 ], [ 38.3713388, 53.9745467 ], [ 38.3714676, 53.9744078 ], [ 38.3716178, 53.974269 ], [ 38.371768, 53.9742438 ], [ 38.3720147, 53.9740892 ], [ 38.3722132, 53.9739819 ], [ 38.372578, 53.9738304 ], [ 38.3728301, 53.9736853 ], [ 38.3730715, 53.9736159 ], [ 38.3735865, 53.9735023 ], [ 38.3719796, 53.9737952 ], [ 38.3714876, 53.9734372 ], [ 38.3708863, 53.9730844 ], [ 38.3702441, 53.9725837 ], [ 38.3698606, 53.9727067 ], [ 38.3691333, 53.9722005 ], [ 38.3684182, 53.9716236 ], [ 38.3694065, 53.9706981 ], [ 38.368451, 53.9702783 ], [ 38.3675298, 53.9699932 ], [ 38.3669309, 53.969715 ], [ 38.3659379, 53.9693581 ], [ 38.3657566, 53.9692005 ], [ 38.3657673, 53.9682139 ], [ 38.3684635, 53.9683623 ], [ 38.3703732, 53.9606685 ], [ 38.3766603, 53.9618551 ], [ 38.3821964, 53.9626126 ], [ 38.3837628, 53.9625999 ], [ 38.3858013, 53.9623222 ], [ 38.3884974, 53.96152 ], [ 38.3888909, 53.9613122 ], [ 38.3937299, 53.9600751 ], [ 38.4001779, 53.9580172 ], [ 38.4009826, 53.9579478 ], [ 38.4017133, 53.9576929 ], [ 38.4074532, 53.9555338 ], [ 38.4084724, 53.9545743 ], [ 38.4089445, 53.9537157 ], [ 38.4099959, 53.9503695 ], [ 38.4118949, 53.9460696 ], [ 38.4128666, 53.944767 ], [ 38.413639, 53.9438514 ], [ 38.4145295, 53.9429231 ], [ 38.4148407, 53.9420895 ], [ 38.4149191, 53.9413808 ], [ 38.4154019, 53.9409765 ], [ 38.4154985, 53.9400608 ], [ 38.4153268, 53.9395429 ], [ 38.4153483, 53.9392336 ], [ 38.4154234, 53.938943 ], [ 38.4157024, 53.9386525 ], [ 38.4162816, 53.938381 ], [ 38.4175584, 53.9377115 ], [ 38.4185562, 53.9373831 ], [ 38.4195539, 53.9371237 ], [ 38.4202298, 53.936991 ], [ 38.4210988, 53.93677 ], [ 38.4220966, 53.9366878 ], [ 38.4227941, 53.93665 ], [ 38.4240493, 53.9365994 ], [ 38.4249827, 53.9365679 ], [ 38.4259375, 53.936511 ], [ 38.4265706, 53.9367136 ], [ 38.4274292, 53.9365995 ], [ 38.4273862, 53.9364353 ], [ 38.4273433, 53.9361068 ], [ 38.427515, 53.9357279 ], [ 38.4271717, 53.9345405 ], [ 38.4269785, 53.9337573 ], [ 38.4266781, 53.9328098 ], [ 38.426013, 53.9317613 ], [ 38.4259057, 53.9311801 ], [ 38.4261846, 53.9306622 ], [ 38.4263348, 53.9301947 ], [ 38.4265813, 53.9299325 ], [ 38.4288963, 53.9288409 ], [ 38.4319004, 53.9278554 ], [ 38.4330618, 53.9272979 ], [ 38.4338101, 53.9265667 ], [ 38.434317, 53.9258323 ], [ 38.4345397, 53.9247156 ], [ 38.4346619, 53.9239892 ], [ 38.4348559, 53.9236739 ], [ 38.4350281, 53.9233134 ], [ 38.4353768, 53.9225174 ], [ 38.435545, 53.9225183 ], [ 38.4362599, 53.922522 ], [ 38.4365892, 53.9225237 ], [ 38.4375656, 53.92253 ], [ 38.4383757, 53.9225836 ], [ 38.4386881, 53.9211658 ], [ 38.4389417, 53.9206139 ], [ 38.4393499, 53.9194062 ], [ 38.4398609, 53.9179213 ], [ 38.438333, 53.917915 ], [ 38.436157, 53.9179884 ], [ 38.4350644, 53.9177927 ], [ 38.4343308, 53.917762 ], [ 38.429446, 53.9179606 ], [ 38.427398, 53.9174453 ], [ 38.4264545, 53.9174002 ], [ 38.4216129, 53.9172906 ], [ 38.4206522, 53.9172289 ], [ 38.4199769, 53.9171509 ], [ 38.4195407, 53.9171249 ], [ 38.4195579, 53.9175854 ], [ 38.4197239, 53.9181241 ], [ 38.4197293, 53.9182774 ], [ 38.4204454, 53.9183813 ], [ 38.420755, 53.9187865 ], [ 38.4204438, 53.9190093 ], [ 38.4177429, 53.9189903 ], [ 38.4150427, 53.918993 ], [ 38.4124812, 53.918854 ], [ 38.4098204, 53.9189046 ], [ 38.4095522, 53.9193153 ], [ 38.4095951, 53.9204084 ], [ 38.4072455, 53.9207495 ], [ 38.4053894, 53.9211981 ], [ 38.4056845, 53.9216246 ], [ 38.4053572, 53.9219437 ], [ 38.4044238, 53.9219374 ], [ 38.4035119, 53.9220005 ], [ 38.4025034, 53.9221332 ], [ 38.4015807, 53.9223164 ], [ 38.4008511, 53.9227713 ], [ 38.4003791, 53.9237822 ], [ 38.4005507, 53.924414 ], [ 38.4010511, 53.9251739 ], [ 38.4001334, 53.925382 ], [ 38.4001347, 53.9255336 ], [ 38.4005209, 53.9262664 ], [ 38.4003064, 53.926797 ], [ 38.3990189, 53.9276815 ], [ 38.4017801, 53.9280164 ], [ 38.4013143, 53.9291786 ], [ 38.401723, 53.9295281 ], [ 38.4010387, 53.9311873 ], [ 38.40063, 53.9321217 ], [ 38.4034836, 53.9324782 ], [ 38.4026459, 53.9346524 ], [ 38.4056969, 53.9405776 ], [ 38.4057407, 53.9415564 ], [ 38.4053672, 53.9431249 ], [ 38.4052468, 53.9436563 ], [ 38.405621, 53.9437731 ], [ 38.4065077, 53.943673 ], [ 38.4085247, 53.943572 ], [ 38.408573, 53.9434876 ], [ 38.4087178, 53.9430921 ], [ 38.4089003, 53.9423721 ], [ 38.4089378, 53.9420122 ], [ 38.4090129, 53.9414376 ], [ 38.4141466, 53.9413365 ], [ 38.4138965, 53.94226 ], [ 38.4136498, 53.943062 ], [ 38.4128236, 53.943883 ], [ 38.4119653, 53.9447607 ], [ 38.4111332, 53.9460633 ], [ 38.4092449, 53.9502559 ], [ 38.4077103, 53.9529323 ], [ 38.3960394, 53.9572337 ], [ 38.3928534, 53.9582676 ], [ 38.3873308, 53.9601559 ], [ 38.3840911, 53.9606774 ], [ 38.381442, 53.9608665 ], [ 38.3792779, 53.9606178 ], [ 38.3773519, 53.9603815 ], [ 38.3752705, 53.9600344 ], [ 38.373468, 53.9596619 ], [ 38.3701207, 53.9589739 ], [ 38.3688439, 53.9587404 ], [ 38.367696, 53.9585763 ], [ 38.3661939, 53.9583427 ], [ 38.3645355, 53.9581842 ], [ 38.3630124, 53.9580892 ], [ 38.3609615, 53.9583177 ], [ 38.3593466, 53.9587572 ], [ 38.3573285, 53.9591637 ], [ 38.3565612, 53.9590233 ], [ 38.3552662, 53.9587194 ], [ 38.3511115, 53.9588464 ], [ 38.351019, 53.9582478 ], [ 38.3507724, 53.9582569 ], [ 38.350703, 53.9585199 ], [ 38.3504101, 53.9585244 ], [ 38.3503176, 53.9587965 ], [ 38.3469646, 53.9588827 ], [ 38.3462744, 53.9595242 ], [ 38.345685, 53.9592092 ], [ 38.3447369, 53.9589145 ], [ 38.342278, 53.9585925 ], [ 38.342278, 53.9579575 ], [ 38.3387687, 53.9579684 ], [ 38.3387571, 53.9577597 ], [ 38.338865, 53.9575443 ], [ 38.3389036, 53.9572745 ], [ 38.3389806, 53.9571248 ], [ 38.3390462, 53.9570159 ], [ 38.3389988, 53.9569833 ], [ 38.3389256, 53.9569153 ], [ 38.3388846, 53.956837 ], [ 38.3389718, 53.9567641 ], [ 38.3389746, 53.9566999 ], [ 38.3390209, 53.956647 ], [ 38.3391136, 53.9566382 ], [ 38.3391381, 53.956615 ], [ 38.339089, 53.9565717 ], [ 38.3392226, 53.9564738 ], [ 38.3393002, 53.9564875 ], [ 38.3394746, 53.9564241 ], [ 38.3395687, 53.9564501 ], [ 38.339615, 53.956432 ], [ 38.3397161, 53.9564417 ], [ 38.3396289, 53.9563712 ], [ 38.3393264, 53.9562846 ], [ 38.3390158, 53.9562092 ], [ 38.3384952, 53.9561852 ], [ 38.3384516, 53.9561403 ], [ 38.3382963, 53.9561114 ], [ 38.3380428, 53.9560809 ], [ 38.3378466, 53.9560937 ], [ 38.3376995, 53.9560248 ], [ 38.337585, 53.9560456 ], [ 38.337397, 53.9559991 ], [ 38.3371844, 53.9560152 ], [ 38.3369282, 53.9560152 ], [ 38.3367456, 53.955919 ], [ 38.3366257, 53.9558115 ], [ 38.3363559, 53.9557265 ], [ 38.3361379, 53.9556977 ], [ 38.3360235, 53.9557586 ], [ 38.3359553, 53.955935 ], [ 38.3358463, 53.9559959 ], [ 38.3356501, 53.9559927 ], [ 38.3355765, 53.955943 ], [ 38.3355493, 53.9558805 ], [ 38.3355111, 53.9558035 ], [ 38.3353803, 53.9557442 ], [ 38.3353231, 53.9556592 ], [ 38.3351608, 53.9555378 ], [ 38.3349237, 53.9554448 ], [ 38.3343787, 53.9552556 ], [ 38.3338282, 53.9552572 ], [ 38.333557, 53.9551862 ], [ 38.3330145, 53.9551495 ], [ 38.3323197, 53.9551028 ], [ 38.3320281, 53.9550195 ], [ 38.3314204, 53.9550259 ], [ 38.3311383, 53.9551622 ], [ 38.3308372, 53.9552383 ], [ 38.3308248, 53.9552159 ], [ 38.3306449, 53.9552223 ], [ 38.3306667, 53.9552865 ], [ 38.3305087, 53.9552993 ], [ 38.3305359, 53.955373 ], [ 38.3298873, 53.9556424 ], [ 38.3291951, 53.9558413 ], [ 38.3289062, 53.9560113 ], [ 38.3288463, 53.9560946 ], [ 38.3286773, 53.9561812 ], [ 38.3285193, 53.9562101 ], [ 38.3283666, 53.9562871 ], [ 38.3281214, 53.9562486 ], [ 38.3280887, 53.9563288 ], [ 38.3279851, 53.9563737 ], [ 38.3278325, 53.9563288 ], [ 38.3272384, 53.9565725 ], [ 38.3267969, 53.9566751 ], [ 38.3267697, 53.9567617 ], [ 38.3265516, 53.9568996 ], [ 38.3261919, 53.9570151 ], [ 38.3261047, 53.9571594 ], [ 38.3258703, 53.9572812 ], [ 38.3256578, 53.9573614 ], [ 38.3253307, 53.9575346 ], [ 38.3247584, 53.9576853 ], [ 38.3237556, 53.9577206 ], [ 38.3235266, 53.9577687 ], [ 38.3232432, 53.9579226 ], [ 38.3231833, 53.958006 ], [ 38.3230961, 53.9579836 ], [ 38.3228998, 53.9580221 ], [ 38.3227745, 53.9581343 ], [ 38.3224583, 53.9582016 ], [ 38.322021, 53.9583524 ], [ 38.3219719, 53.9584486 ], [ 38.3218466, 53.9584935 ], [ 38.3216068, 53.9584486 ], [ 38.3212634, 53.9584193 ], [ 38.3209309, 53.9585412 ], [ 38.320811, 53.9585412 ], [ 38.3205821, 53.9586117 ], [ 38.3203532, 53.9586085 ], [ 38.3200806, 53.9585649 ], [ 38.3199117, 53.9585745 ], [ 38.31971, 53.9585878 ], [ 38.3192972, 53.9585971 ], [ 38.3184724, 53.9586602 ], [ 38.3183947, 53.9589394 ], [ 38.3153307, 53.9591208 ], [ 38.3151889, 53.9581904 ], [ 38.3146994, 53.9570883 ], [ 38.3143074, 53.9566088 ], [ 38.3149684, 53.9564553 ], [ 38.3147341, 53.9556868 ], [ 38.3118883, 53.9559533 ], [ 38.3094411, 53.9560734 ], [ 38.3084311, 53.9561424 ], [ 38.3081367, 53.9552696 ], [ 38.3071457, 53.9549964 ], [ 38.3054268, 53.9549674 ], [ 38.3051435, 53.9546835 ], [ 38.3036836, 53.9546528 ], [ 38.3034216, 53.9548946 ], [ 38.3033624, 53.9566973 ], [ 38.3001406, 53.9571736 ], [ 38.2977117, 53.9570758 ], [ 38.2952499, 53.957241 ], [ 38.2910065, 53.9570145 ], [ 38.2905678, 53.956922 ], [ 38.2899011, 53.9564377 ], [ 38.2852815, 53.9556032 ], [ 38.281955, 53.955321 ], [ 38.280662, 53.9553332 ], [ 38.279722, 53.9551155 ], [ 38.2784239, 53.9544152 ], [ 38.2782174, 53.9534172 ], [ 38.2786008, 53.9523412 ], [ 38.2777455, 53.9517337 ], [ 38.2778487, 53.9508138 ], [ 38.2790432, 53.9494599 ], [ 38.2797364, 53.9480626 ], [ 38.2809604, 53.9471079 ], [ 38.278881, 53.9458233 ], [ 38.2776865, 53.9463962 ], [ 38.2746087, 53.9444965 ], [ 38.2735505, 53.9408849 ], [ 38.2729538, 53.9380994 ], [ 38.2702314, 53.9382769 ], [ 38.2699667, 53.9362709 ], [ 38.2700552, 53.9351156 ], [ 38.273841, 53.930153 ], [ 38.2737978, 53.9288451 ], [ 38.273365, 53.9281233 ], [ 38.2718217, 53.9270701 ], [ 38.2758009, 53.9278687 ], [ 38.276069, 53.9275962 ], [ 38.2762854, 53.9276004 ], [ 38.2778071, 53.9275325 ], [ 38.2793, 53.9269167 ], [ 38.2803703, 53.926236 ], [ 38.2815213, 53.9249251 ], [ 38.2816575, 53.9242218 ], [ 38.282488, 53.9235105 ], [ 38.2833785, 53.9227145 ], [ 38.2842404, 53.9227623 ], [ 38.285643, 53.923199 ], [ 38.2874493, 53.9234903 ], [ 38.2884635, 53.9235676 ], [ 38.289485, 53.923171 ], [ 38.2909314, 53.9226955 ], [ 38.2914627, 53.9225569 ], [ 38.2922195, 53.9223426 ], [ 38.2938159, 53.9219109 ], [ 38.2982178, 53.9213128 ], [ 38.3014309, 53.9239601 ], [ 38.3031153, 53.9260955 ], [ 38.3029865, 53.9292288 ], [ 38.3021443, 53.9297279 ], [ 38.3015102, 53.9305638 ], [ 38.3013063, 53.9313155 ], [ 38.3014029, 53.932004 ], [ 38.3019608, 53.9326104 ], [ 38.3029371, 53.9342968 ], [ 38.3033984, 53.9351748 ], [ 38.3033663, 53.9357432 ], [ 38.3024972, 53.9367285 ], [ 38.301199, 53.938118 ], [ 38.3015638, 53.939179 ], [ 38.3024328, 53.9402778 ], [ 38.3035808, 53.9419893 ], [ 38.3059734, 53.942065 ], [ 38.3068853, 53.9414272 ], [ 38.3049434, 53.9403599 ], [ 38.3050292, 53.9384148 ], [ 38.3049112, 53.9365769 ], [ 38.3046215, 53.9352569 ], [ 38.307808, 53.9362106 ], [ 38.3099108, 53.9355032 ], [ 38.3083015, 53.9335578 ], [ 38.3076363, 53.933122 ], [ 38.3062309, 53.9328378 ], [ 38.3044928, 53.9333557 ], [ 38.3032053, 53.9327872 ], [ 38.3023792, 53.932244 ], [ 38.3019393, 53.9314987 ], [ 38.3020466, 53.9307407 ], [ 38.3026003, 53.930189 ], [ 38.303464, 53.9297245 ], [ 38.3047132, 53.9294593 ], [ 38.3064602, 53.9290723 ], [ 38.3089866, 53.9288151 ], [ 38.3114594, 53.9286305 ], [ 38.3113606, 53.9283286 ], [ 38.3110264, 53.9280074 ], [ 38.3102678, 53.9281721 ], [ 38.3074171, 53.9262236 ], [ 38.3101057, 53.9250005 ], [ 38.31188, 53.92414 ], [ 38.3151431, 53.9266024 ], [ 38.3123894, 53.9276048 ], [ 38.3130335, 53.9282088 ], [ 38.3131591, 53.9284881 ], [ 38.3186625, 53.9280793 ], [ 38.3207212, 53.9274448 ], [ 38.3230373, 53.9257524 ], [ 38.3243907, 53.9244543 ], [ 38.3254511, 53.9235013 ], [ 38.3260188, 53.9231932 ], [ 38.3257859, 53.9227865 ], [ 38.326651, 53.9221785 ], [ 38.328395, 53.9216937 ], [ 38.3291763, 53.9211678 ], [ 38.3319673, 53.9200147 ], [ 38.3332793, 53.917577 ], [ 38.3333464, 53.9173274 ], [ 38.3318363, 53.9168588 ], [ 38.3283415, 53.9162051 ], [ 38.3263718, 53.9165029 ], [ 38.3246961, 53.9171036 ], [ 38.323436, 53.9183579 ], [ 38.3223896, 53.919081 ], [ 38.3215396, 53.9193028 ], [ 38.3105731, 53.9190234 ], [ 38.3092267, 53.9188467 ], [ 38.3074944, 53.9182679 ], [ 38.3066294, 53.9176352 ], [ 38.3059876, 53.9169285 ], [ 38.3053077, 53.9162107 ], [ 38.3049729, 53.9154711 ], [ 38.3045343, 53.9136253 ], [ 38.3043457, 53.9131805 ], [ 38.3040103, 53.9125529 ], [ 38.303665, 53.9121345 ], [ 38.3028264, 53.9116173 ], [ 38.3024022, 53.9104434 ], [ 38.3031493, 53.9096527 ], [ 38.3027516, 53.9094267 ], [ 38.300017, 53.909776 ], [ 38.3000309, 53.9100965 ], [ 38.3014331, 53.91038 ], [ 38.3018004, 53.9105538 ], [ 38.3023233, 53.9119253 ], [ 38.3029547, 53.9122507 ], [ 38.3035663, 53.9126865 ], [ 38.3038904, 53.9132528 ], [ 38.3042443, 53.91428 ], [ 38.3043735, 53.9153766 ], [ 38.3039458, 53.9157354 ], [ 38.3031692, 53.9161889 ], [ 38.3021368, 53.9166244 ], [ 38.3011461, 53.9169038 ], [ 38.3005741, 53.9168956 ], [ 38.2963186, 53.9187691 ], [ 38.2955041, 53.9192226 ], [ 38.2940444, 53.9192868 ], [ 38.2930495, 53.919169 ], [ 38.2914852, 53.9185139 ], [ 38.2910775, 53.9186655 ], [ 38.290156, 53.918512 ], [ 38.2893479, 53.9169431 ], [ 38.2884227, 53.9152686 ], [ 38.2875634, 53.9153634 ], [ 38.287301, 53.9144066 ], [ 38.2853698, 53.9135977 ], [ 38.2850747, 53.9124192 ], [ 38.2816147, 53.9126056 ], [ 38.2794422, 53.9131996 ], [ 38.2790559, 53.9138442 ], [ 38.2753758, 53.915285 ], [ 38.2751609, 53.9151647 ], [ 38.27376, 53.9141275 ], [ 38.2763779, 53.9127309 ], [ 38.277086, 53.9122949 ], [ 38.2770431, 53.9119726 ], [ 38.2774078, 53.9117387 ], [ 38.2772362, 53.9114038 ], [ 38.277601, 53.9112395 ], [ 38.2817691, 53.9106959 ], [ 38.2821124, 53.9105443 ], [ 38.2812541, 53.9093561 ], [ 38.2809966, 53.9089011 ], [ 38.2787007, 53.9092045 ], [ 38.2773703, 53.9094573 ], [ 38.2749885, 53.9097606 ], [ 38.2752031, 53.9101904 ], [ 38.2726496, 53.9111889 ], [ 38.2705468, 53.9117956 ], [ 38.2696724, 53.9110846 ], [ 38.2693183, 53.9101493 ], [ 38.2689213, 53.9095141 ], [ 38.2686454, 53.9091919 ], [ 38.268615, 53.9088077 ], [ 38.2678661, 53.907713 ], [ 38.2704421, 53.9069635 ], [ 38.2730498, 53.906205 ], [ 38.2724119, 53.905073 ], [ 38.2706203, 53.9023968 ], [ 38.270352, 53.9019771 ], [ 38.2702788, 53.901687 ], [ 38.2686051, 53.9001004 ], [ 38.2682256, 53.8993682 ], [ 38.2663824, 53.8969888 ], [ 38.2642068, 53.8975 ], [ 38.2585419, 53.8990172 ], [ 38.2594649, 53.9011292 ], [ 38.2578565, 53.9012935 ], [ 38.2576737, 53.9012074 ], [ 38.2565616, 53.9013946 ], [ 38.2556553, 53.9016044 ], [ 38.2547112, 53.9018983 ], [ 38.2543569, 53.90209 ], [ 38.2536586, 53.902437 ], [ 38.2535698, 53.902995 ], [ 38.2527312, 53.9030183 ], [ 38.251958, 53.9032115 ], [ 38.2538581, 53.9056276 ], [ 38.2565617, 53.9050334 ], [ 38.2573557, 53.9049576 ], [ 38.2589006, 53.9068285 ], [ 38.259995, 53.9081431 ], [ 38.2616043, 53.9104056 ], [ 38.2599735, 53.9108354 ], [ 38.2571089, 53.910987 ], [ 38.2549953, 53.9109491 ], [ 38.2530212, 53.9085223 ], [ 38.2531285, 53.9065377 ], [ 38.25361, 53.9057413 ], [ 38.2468797, 53.9069478 ], [ 38.2480628, 53.9088004 ], [ 38.246078, 53.9097737 ], [ 38.2467861, 53.911202 ], [ 38.2487817, 53.9123395 ], [ 38.2501013, 53.9143744 ], [ 38.253041, 53.9124027 ], [ 38.2528658, 53.9111924 ], [ 38.257278, 53.9110786 ], [ 38.2604853, 53.9110831 ], [ 38.2626662, 53.9109365 ], [ 38.2625694, 53.9132496 ], [ 38.2623603, 53.9140363 ], [ 38.2622745, 53.9145451 ], [ 38.2607135, 53.9148074 ], [ 38.2601395, 53.9158689 ], [ 38.260156, 53.9164068 ], [ 38.2591954, 53.917038 ], [ 38.2595387, 53.9173033 ], [ 38.2600197, 53.9176074 ], [ 38.2607559, 53.9175474 ], [ 38.2645646, 53.9158287 ], [ 38.2649938, 53.9159424 ], [ 38.2655946, 53.915816 ], [ 38.2673399, 53.915723 ], [ 38.268737, 53.9157333 ], [ 38.2702541, 53.9158678 ], [ 38.2714848, 53.916132 ], [ 38.2719997, 53.9163531 ], [ 38.2730322, 53.9181227 ], [ 38.2732897, 53.9191968 ], [ 38.2707577, 53.920511 ], [ 38.2707292, 53.920838 ], [ 38.2702678, 53.9211476 ], [ 38.2699567, 53.9215014 ], [ 38.2696992, 53.9216214 ], [ 38.2694632, 53.92207 ], [ 38.269041, 53.9225202 ], [ 38.2676356, 53.9228551 ], [ 38.2665559, 53.9238562 ], [ 38.2654462, 53.9239335 ], [ 38.2644533, 53.9239813 ], [ 38.2631886, 53.9240885 ], [ 38.2632156, 53.9257582 ], [ 38.2590185, 53.9241522 ], [ 38.2586483, 53.9241137 ], [ 38.2584473, 53.9243014 ], [ 38.2580999, 53.924122 ], [ 38.2578619, 53.9240753 ], [ 38.2573142, 53.9243815 ], [ 38.2571015, 53.9243687 ], [ 38.2564907, 53.9242786 ], [ 38.2560055, 53.9237235 ], [ 38.2552804, 53.9237006 ], [ 38.2548326, 53.9242422 ], [ 38.2547894, 53.9246541 ], [ 38.2539311, 53.9246329 ], [ 38.2535633, 53.9245607 ], [ 38.2535092, 53.9244354 ], [ 38.2531919, 53.9243759 ], [ 38.2530116, 53.9244269 ], [ 38.2514069, 53.9244524 ], [ 38.2512879, 53.9245437 ], [ 38.2512122, 53.924686 ], [ 38.251068, 53.9247433 ], [ 38.2505343, 53.9247284 ], [ 38.2503936, 53.924756 ], [ 38.2502999, 53.9248792 ], [ 38.2499645, 53.925013 ], [ 38.2496396, 53.9250033 ], [ 38.2492183, 53.9261324 ], [ 38.2491316, 53.9266759 ], [ 38.2489786, 53.9268951 ], [ 38.2481219, 53.926778 ], [ 38.2472856, 53.926757 ], [ 38.2467144, 53.9269101 ], [ 38.2463676, 53.9272134 ], [ 38.2458832, 53.9274506 ], [ 38.24521, 53.9284085 ], [ 38.2440198, 53.9284318 ], [ 38.2448935, 53.9322482 ] ] ] } },
{ "type": "Feature", "properties": { "element": "relation", "id": 1991064, "addr:country": "RU", "addr:region": "Тульская область", "name": "Новомосковск", "name:ar": "نوفوموسكوفيك", "name:az": "Novomoskovsk", "name:de": "Nowomoskowsk", "name:diq": null, "name:en": "Novomoskovsk", "name:eo": "Novomoskovsk", "name:es": "Novomoskovsk", "name:fa": "نوووموسکوفسک، روسیه", "name:fi": "Novomoskovsk", "name:fr": "Novomoskovsk", "name:hr": "Novomoskovsk", "name:it": "Novomoskovsk", "name:ja": "ノヴォモスコフスク", "name:ko": "노보모스콥스크", "name:nn": "Novomoskovsk", "name:no": "Novomoskovsk", "name:pl": "Nowomoskowsk", "name:pt": "Novomoskovsk", "name:ru": "Новомосковск", "name:tl": "Novomoskovsk", "name:war": "Novomoskovsk", "name:zh": "新莫斯科斯克", "official_status": null, "place": "city", "population": 121674.0, "population:date": "2021-01-01", "wikidata": null, "wikipedia": null, "addr:district": "городской округ Новомосковск", "start_date": "1930", "addr:subdistrict": null, "name:ca": null, "name:et": "Novomoskovsk", "name:id": "Novomoskovsk", "name:lt": "Novomoskovskas", "name:ro": "Novomoskovsk", "source": null, "addr:postcode": "301650", "name:hsb": null, "name:nl": "Novomoskovsk", "name:pnb": "نووماسکووسک", "name:sr": "Новомосковск", "name:sv": "Novomoskovsk", "name:tt": null, "name:uk": "Новомосковськ", "name:vi": "Novomoskovsk", "admin_level": null, "capital": null, "contact:website": null, "int_name": null, "is_in:country": null, "is_in:country_code": null, "name:be": null, "name:bn": null, "name:eu": null, "name:he": null, "name:hu": null, "name:ml": null, "name:ru:word_stress": null, "name:sk": null, "name:sr-Latn": null, "name:zh-Hant": null, "wikimedia_commons": null, "addr:city": null, "website": null, "name:be-tarask": null, "name:bg": null, "description": null, "name:io": null, "alt_name": null, "landuse": null, "is_in": null, "type": "multipolygon", "ele": null, "name:pa": null, "tourism": 24, "leisure": 174, "healthcare": 43 }, "geometry": { "type": "MultiPolygon", "coordinates": [ [ [ [ 38.1345643, 54.0671901 ], [ 38.1346673, 54.0703935 ], [ 38.135148, 54.0714411 ], [ 38.1361914, 54.0722208 ], [ 38.1385602, 54.0729097 ], [ 38.1409724, 54.0749952 ], [ 38.1477077, 54.079011 ], [ 38.1486933, 54.0788825 ], [ 38.1585971, 54.0869475 ], [ 38.1604115, 54.0884057 ], [ 38.1627696, 54.0902919 ], [ 38.1651199, 54.091976 ], [ 38.1697914, 54.0935172 ], [ 38.1746693, 54.0942561 ], [ 38.19106, 54.0961267 ], [ 38.198719, 54.0962381 ], [ 38.2035099, 54.09609 ], [ 38.2071611, 54.0974083 ], [ 38.2089982, 54.0992556 ], [ 38.2093637, 54.1016337 ], [ 38.2075023, 54.1035339 ], [ 38.2051697, 54.1057958 ], [ 38.1962428, 54.1126464 ], [ 38.197611, 54.1136456 ], [ 38.2038688, 54.1087939 ], [ 38.2106838, 54.1167868 ], [ 38.2167428, 54.1104994 ], [ 38.2174436, 54.1106446 ], [ 38.2195707, 54.1102713 ], [ 38.2210517, 54.1104196 ], [ 38.2221212, 54.110389 ], [ 38.2230578, 54.1104701 ], [ 38.2248323, 54.1102186 ], [ 38.2260994, 54.1097129 ], [ 38.2277946, 54.1096015 ], [ 38.2287569, 54.1093418 ], [ 38.230097, 54.1091959 ], [ 38.2317321, 54.1086744 ], [ 38.2341739, 54.1083398 ], [ 38.2355419, 54.1088059 ], [ 38.2359206, 54.1091248 ], [ 38.2359506, 54.1097714 ], [ 38.237505, 54.1111317 ], [ 38.2375913, 54.1101338 ], [ 38.2371192, 54.1095048 ], [ 38.2369047, 54.1081714 ], [ 38.2364, 54.1069931 ], [ 38.2371158, 54.1062471 ], [ 38.2394367, 54.1055546 ], [ 38.2439316, 54.1054205 ], [ 38.2449301, 54.1053281 ], [ 38.2469472, 54.1056301 ], [ 38.2475909, 54.106234 ], [ 38.2480201, 54.1055798 ], [ 38.2497797, 54.1056301 ], [ 38.2506809, 54.105152 ], [ 38.2523001, 54.1055463 ], [ 38.2540714, 54.1057307 ], [ 38.2561743, 54.1054288 ], [ 38.260466, 54.1058817 ], [ 38.2623972, 54.1066114 ], [ 38.2638016, 54.1078108 ], [ 38.2627406, 54.1092029 ], [ 38.262943, 54.1110059 ], [ 38.264071, 54.1093287 ], [ 38.2645001, 54.1076681 ], [ 38.266076, 54.1065779 ], [ 38.272127, 54.1069301 ], [ 38.2749289, 54.1065359 ], [ 38.2774438, 54.1064352 ], [ 38.2782411, 54.1063236 ], [ 38.2791222, 54.1058734 ], [ 38.2805641, 54.1054778 ], [ 38.2818345, 54.1052896 ], [ 38.2835037, 54.1052677 ], [ 38.2851218, 54.105662 ], [ 38.2916308, 54.1015371 ], [ 38.2890786, 54.1007083 ], [ 38.2886519, 54.1002784 ], [ 38.2882203, 54.0981231 ], [ 38.2879871, 54.0970601 ], [ 38.2870186, 54.0961325 ], [ 38.2867956, 54.094635 ], [ 38.2882553, 54.0924119 ], [ 38.2882675, 54.0907093 ], [ 38.2887581, 54.0895788 ], [ 38.2875301, 54.0883268 ], [ 38.2875372, 54.0855033 ], [ 38.2881623, 54.0834118 ], [ 38.2898273, 54.0818327 ], [ 38.2905398, 54.0811569 ], [ 38.2923473, 54.0806 ], [ 38.2922977, 54.0798517 ], [ 38.292235, 54.0789048 ], [ 38.2926547, 54.0777794 ], [ 38.2932089, 54.0769561 ], [ 38.2950832, 54.0753836 ], [ 38.2992048, 54.0737975 ], [ 38.3004375, 54.0727444 ], [ 38.3040131, 54.0684172 ], [ 38.3060005, 54.0670856 ], [ 38.3080338, 54.066514 ], [ 38.3109846, 54.0651955 ], [ 38.3066614, 54.0625806 ], [ 38.3043734, 54.0610828 ], [ 38.2958609, 54.0657929 ], [ 38.2902098, 54.0695718 ], [ 38.2895965, 54.0704201 ], [ 38.2937314, 54.0714405 ], [ 38.2907094, 54.0741335 ], [ 38.2885358, 54.0767586 ], [ 38.2870114, 54.077462 ], [ 38.2856688, 54.0780755 ], [ 38.2837553, 54.0788082 ], [ 38.2783381, 54.0773857 ], [ 38.2762353, 54.0788764 ], [ 38.2668607, 54.0754581 ], [ 38.2658969, 54.0754067 ], [ 38.2636627, 54.0733505 ], [ 38.2689196, 54.0657158 ], [ 38.271329, 54.0653558 ], [ 38.2720737, 54.0662813 ], [ 38.2739136, 54.066307 ], [ 38.2740012, 54.0673868 ], [ 38.2796085, 54.066667 ], [ 38.280178, 54.0672068 ], [ 38.2984017, 54.0564083 ], [ 38.3062396, 54.0600883 ], [ 38.3084265, 54.0600883 ], [ 38.3101647, 54.0610098 ], [ 38.3148152, 54.0635081 ], [ 38.3222759, 54.0609831 ], [ 38.3234506, 54.0606105 ], [ 38.3258842, 54.0592905 ], [ 38.327098, 54.0587144 ], [ 38.3277997, 54.057423 ], [ 38.3284479, 54.0572157 ], [ 38.3291769, 54.0565237 ], [ 38.3291595, 54.0557271 ], [ 38.3290849, 54.0541034 ], [ 38.3280157, 54.052868 ], [ 38.3268612, 54.0508507 ], [ 38.3253236, 54.0489122 ], [ 38.3268927, 54.0481831 ], [ 38.3272475, 54.0466815 ], [ 38.3288853, 54.0440452 ], [ 38.3281123, 54.0440362 ], [ 38.3280027, 54.0437589 ], [ 38.3279401, 54.0430109 ], [ 38.3202478, 54.041225 ], [ 38.3209049, 54.0404533 ], [ 38.3208173, 54.0396044 ], [ 38.3201602, 54.0390384 ], [ 38.3200726, 54.0378551 ], [ 38.3255891, 54.0311496 ], [ 38.3349669, 54.0328382 ], [ 38.3353174, 54.0326839 ], [ 38.3363741, 54.0326823 ], [ 38.3388926, 54.0292158 ], [ 38.3389463, 54.0268463 ], [ 38.3391858, 54.0238136 ], [ 38.3397091, 54.0229516 ], [ 38.3407016, 54.0220914 ], [ 38.3421066, 54.0208082 ], [ 38.3427517, 54.0200196 ], [ 38.3426299, 54.0184865 ], [ 38.3426283, 54.0176757 ], [ 38.3428, 54.0172859 ], [ 38.3428078, 54.0169924 ], [ 38.3430623, 54.0165187 ], [ 38.3427549, 54.0164263 ], [ 38.3417041, 54.0161106 ], [ 38.3422282, 54.0153905 ], [ 38.3422872, 54.0150723 ], [ 38.3419423, 54.0140715 ], [ 38.3400981, 54.0129018 ], [ 38.3387473, 54.0123712 ], [ 38.3383605, 54.0116558 ], [ 38.3369656, 54.0107224 ], [ 38.3366372, 54.0106298 ], [ 38.334877, 54.0103059 ], [ 38.3347184, 54.0102834 ], [ 38.3342884, 54.0102223 ], [ 38.3336383, 54.0098088 ], [ 38.3247321, 54.0058282 ], [ 38.3254996, 54.0054811 ], [ 38.324011, 54.004071 ], [ 38.3231823, 54.0036528 ], [ 38.3224964, 54.0031403 ], [ 38.3224083, 54.0029618 ], [ 38.3210717, 54.0019542 ], [ 38.3202249, 54.0015244 ], [ 38.3212865, 54.0005411 ], [ 38.3197653, 53.9996305 ], [ 38.3206471, 53.9988991 ], [ 38.3204805, 53.9987954 ], [ 38.3194126, 53.9994059 ], [ 38.3149049, 53.9969413 ], [ 38.3136938, 53.9941881 ], [ 38.312754, 53.9920514 ], [ 38.3117315, 53.991649 ], [ 38.3110072, 53.9912394 ], [ 38.3053472, 53.9875316 ], [ 38.3032011, 53.9862759 ], [ 38.3070778, 53.9836715 ], [ 38.3074639, 53.9825079 ], [ 38.3075305, 53.9813598 ], [ 38.3073504, 53.9792224 ], [ 38.3056526, 53.979306 ], [ 38.3051893, 53.9793613 ], [ 38.3040282, 53.9795 ], [ 38.3025659, 53.9797918 ], [ 38.3009722, 53.9801437 ], [ 38.2996269, 53.980629 ], [ 38.2984534, 53.9812431 ], [ 38.2839271, 53.9751505 ], [ 38.2715758, 53.9855156 ], [ 38.270472, 53.9854593 ], [ 38.2687866, 53.9878078 ], [ 38.2663787, 53.9872344 ], [ 38.2656201, 53.9870537 ], [ 38.2642476, 53.9889612 ], [ 38.2624627, 53.9914419 ], [ 38.2615103, 53.9912854 ], [ 38.2565527, 53.9904707 ], [ 38.2536688, 53.9956086 ], [ 38.263678, 53.9982137 ], [ 38.2623285, 54.0004855 ], [ 38.2597272, 53.9994902 ], [ 38.2565627, 53.9985056 ], [ 38.2558541, 53.9988911 ], [ 38.2549745, 53.9989312 ], [ 38.2482903, 53.9973964 ], [ 38.2430321, 53.9961511 ], [ 38.2418984, 53.9982955 ], [ 38.2387859, 54.0027783 ], [ 38.2302467, 54.0108399 ], [ 38.2231079, 54.0175118 ], [ 38.2226996, 54.0179314 ], [ 38.2222793, 54.0181045 ], [ 38.2204956, 54.0182968 ], [ 38.2175575, 54.0199097 ], [ 38.2174764, 54.0202918 ], [ 38.2177325, 54.0207124 ], [ 38.2182479, 54.0210562 ], [ 38.2170378, 54.0218161 ], [ 38.2166503, 54.022076 ], [ 38.2166405, 54.0222278 ], [ 38.2147898, 54.0233908 ], [ 38.2128313, 54.0229463 ], [ 38.2110831, 54.0237 ], [ 38.2121489, 54.0246505 ], [ 38.2106908, 54.0250225 ], [ 38.2094362, 54.0255199 ], [ 38.2079908, 54.0259537 ], [ 38.2050798, 54.0268536 ], [ 38.2039804, 54.0259239 ], [ 38.2069292, 54.0248357 ], [ 38.2060674, 54.0229661 ], [ 38.2054586, 54.0229844 ], [ 38.2038223, 54.0229342 ], [ 38.2028937, 54.0230331 ], [ 38.2015251, 54.0234157 ], [ 38.200358, 54.0240251 ], [ 38.2003366, 54.02417 ], [ 38.2001488, 54.024378 ], [ 38.2002936, 54.0247183 ], [ 38.2007067, 54.0252099 ], [ 38.2007657, 54.0258559 ], [ 38.2008086, 54.0260639 ], [ 38.2013719, 54.0265996 ], [ 38.2021014, 54.027151 ], [ 38.2023858, 54.027589 ], [ 38.2024877, 54.028131 ], [ 38.2023858, 54.0285564 ], [ 38.2019459, 54.0288526 ], [ 38.2016723, 54.0292307 ], [ 38.2015865, 54.0294513 ], [ 38.2017045, 54.0297285 ], [ 38.2019566, 54.0301003 ], [ 38.2021444, 54.0303114 ], [ 38.202434, 54.0304249 ], [ 38.2025467, 54.0305383 ], [ 38.2032816, 54.0313544 ], [ 38.2039468, 54.03212 ], [ 38.2051966, 54.0330322 ], [ 38.2058344, 54.0335008 ], [ 38.206047, 54.0337994 ], [ 38.2060285, 54.0339677 ], [ 38.2059391, 54.034107 ], [ 38.2059854, 54.0341504 ], [ 38.2061856, 54.0342717 ], [ 38.2063674, 54.034288 ], [ 38.2065215, 54.0343223 ], [ 38.2067186, 54.0344472 ], [ 38.2068912, 54.0346263 ], [ 38.2070668, 54.0347639 ], [ 38.2074704, 54.0350299 ], [ 38.2080466, 54.0353917 ], [ 38.2084656, 54.0355944 ], [ 38.2088292, 54.0357826 ], [ 38.2089863, 54.0359617 ], [ 38.2090756, 54.036054 ], [ 38.2091034, 54.0362295 ], [ 38.2091465, 54.0363526 ], [ 38.209242, 54.0365842 ], [ 38.2094084, 54.0367054 ], [ 38.2094885, 54.0367362 ], [ 38.2097812, 54.0366783 ], [ 38.2103604, 54.0364629 ], [ 38.2109181, 54.0363634 ], [ 38.2115097, 54.0361644 ], [ 38.211864, 54.0360631 ], [ 38.2125788, 54.0359255 ], [ 38.2130687, 54.0358821 ], [ 38.213688, 54.0359002 ], [ 38.2137835, 54.0359527 ], [ 38.2138174, 54.0360124 ], [ 38.2138266, 54.0360974 ], [ 38.2137496, 54.0362567 ], [ 38.2135308, 54.0364014 ], [ 38.2132227, 54.0365208 ], [ 38.2126774, 54.0366493 ], [ 38.2123446, 54.0367886 ], [ 38.2121166, 54.0369135 ], [ 38.2117716, 54.0370419 ], [ 38.2109921, 54.0373314 ], [ 38.2107302, 54.0374599 ], [ 38.2107086, 54.0375504 ], [ 38.2108869, 54.0378458 ], [ 38.210962, 54.0380475 ], [ 38.2109298, 54.038416 ], [ 38.2110585, 54.0391563 ], [ 38.2110264, 54.0398746 ], [ 38.2110478, 54.040514 ], [ 38.2111873, 54.0407471 ], [ 38.2113053, 54.0410117 ], [ 38.211198, 54.0414968 ], [ 38.2111015, 54.0417646 ], [ 38.2109298, 54.0420071 ], [ 38.2108601, 54.0424639 ], [ 38.209696, 54.0446435 ], [ 38.2096477, 54.0449617 ], [ 38.2097228, 54.0453207 ], [ 38.209932, 54.0456924 ], [ 38.2103022, 54.0461176 ], [ 38.2107689, 54.0464798 ], [ 38.2112521, 54.0468066 ], [ 38.2130677, 54.0477122 ], [ 38.2135455, 54.0479158 ], [ 38.2136871, 54.048109 ], [ 38.2139065, 54.0484436 ], [ 38.2141483, 54.0488395 ], [ 38.2117611, 54.0496282 ], [ 38.2110653, 54.0499725 ], [ 38.2101517, 54.0504246 ], [ 38.2059905, 54.047553 ], [ 38.2062044, 54.0400172 ], [ 38.2061603, 54.0385319 ], [ 38.2051854, 54.0372229 ], [ 38.2045546, 54.0360086 ], [ 38.2019613, 54.034218 ], [ 38.2008047, 54.0336417 ], [ 38.2001038, 54.0330654 ], [ 38.1995431, 54.0324685 ], [ 38.1991576, 54.0320156 ], [ 38.1987752, 54.0312121 ], [ 38.198188, 54.0309257 ], [ 38.196354, 54.03111 ], [ 38.1942162, 54.0310894 ], [ 38.194882, 54.0337034 ], [ 38.1969497, 54.0336005 ], [ 38.1981763, 54.0363585 ], [ 38.197931, 54.0369348 ], [ 38.1991927, 54.0396102 ], [ 38.2004893, 54.0404952 ], [ 38.1998936, 54.0407627 ], [ 38.2001389, 54.0416064 ], [ 38.1854559, 54.0399544 ], [ 38.1843333, 54.0386841 ], [ 38.1798475, 54.0378198 ], [ 38.1748136, 54.0373534 ], [ 38.1663289, 54.0365673 ], [ 38.157517, 54.0357509 ], [ 38.1523017, 54.0352677 ], [ 38.1544745, 54.0393221 ], [ 38.1557361, 54.0408656 ], [ 38.1580491, 54.0425119 ], [ 38.1584697, 54.0432115 ], [ 38.1585047, 54.0453104 ], [ 38.1572781, 54.046689 ], [ 38.155631, 54.0496519 ], [ 38.1564721, 54.0505983 ], [ 38.1585398, 54.0505366 ], [ 38.1599766, 54.0502074 ], [ 38.1600467, 54.0515653 ], [ 38.1604673, 54.0517299 ], [ 38.1616939, 54.0508452 ], [ 38.1628854, 54.0512567 ], [ 38.1636564, 54.0512361 ], [ 38.1651984, 54.0516887 ], [ 38.1657942, 54.0511538 ], [ 38.1689483, 54.0520796 ], [ 38.168703, 54.0524705 ], [ 38.1689133, 54.0529643 ], [ 38.1689483, 54.0532112 ], [ 38.1683175, 54.0544044 ], [ 38.1684647, 54.0551285 ], [ 38.169446, 54.0557375 ], [ 38.1709039, 54.0558527 ], [ 38.1729225, 54.0567249 ], [ 38.1769387, 54.0578604 ], [ 38.1779259, 54.0579387 ], [ 38.1795321, 54.0580661 ], [ 38.1801629, 54.0583541 ], [ 38.1806185, 54.0582307 ], [ 38.1805134, 54.0577575 ], [ 38.1807587, 54.0574901 ], [ 38.1814946, 54.0574078 ], [ 38.1816699, 54.0570376 ], [ 38.1812844, 54.0568113 ], [ 38.1812493, 54.056441 ], [ 38.1817049, 54.0555564 ], [ 38.181004, 54.0553096 ], [ 38.1821396, 54.0539282 ], [ 38.1825596, 54.0540298 ], [ 38.1830717, 54.0533552 ], [ 38.1820241, 54.0530819 ], [ 38.1815193, 54.0537469 ], [ 38.1818451, 54.0538489 ], [ 38.1804635, 54.055425 ], [ 38.1783756, 54.0549393 ], [ 38.1783055, 54.0546101 ], [ 38.1765182, 54.0541369 ], [ 38.1773943, 54.0525528 ], [ 38.1820904, 54.0487055 ], [ 38.183411, 54.0492427 ], [ 38.1872293, 54.051813 ], [ 38.1887797, 54.0525714 ], [ 38.19033, 54.0538691 ], [ 38.1906888, 54.0546359 ], [ 38.1908037, 54.05531 ], [ 38.2075741, 54.0571208 ], [ 38.2075309, 54.057877 ], [ 38.206684, 54.0577759 ], [ 38.2051423, 54.0590431 ], [ 38.2048717, 54.0590028 ], [ 38.2042459, 54.0589645 ], [ 38.2035424, 54.0589282 ], [ 38.2026774, 54.0603285 ], [ 38.2014618, 54.0620278 ], [ 38.1994341, 54.0646413 ], [ 38.1969912, 54.0671631 ], [ 38.1935382, 54.0660378 ], [ 38.1910436, 54.0658072 ], [ 38.1915055, 54.0636932 ], [ 38.1894028, 54.0625825 ], [ 38.1814474, 54.0629733 ], [ 38.1781532, 54.0620888 ], [ 38.1773822, 54.0622534 ], [ 38.1740178, 54.0652151 ], [ 38.1726159, 54.065174 ], [ 38.1745084, 54.0635698 ], [ 38.1757, 54.0619449 ], [ 38.173457, 54.0619449 ], [ 38.1732818, 54.0624179 ], [ 38.1707235, 54.0624591 ], [ 38.1705833, 54.0630761 ], [ 38.1686558, 54.0631173 ], [ 38.1668003, 54.0651111 ], [ 38.1658872, 54.0633435 ], [ 38.1648709, 54.0632407 ], [ 38.1643802, 54.0629321 ], [ 38.1586328, 54.0614924 ], [ 38.1487247, 54.0674007 ], [ 38.146967, 54.0665801 ], [ 38.1369489, 54.0628557 ], [ 38.133397, 54.0627774 ], [ 38.1325773, 54.0643466 ], [ 38.1344741, 54.0663174 ], [ 38.1345643, 54.0671901 ] ], [ [ 38.2328664, 54.0140788 ], [ 38.2338652, 54.0129557 ], [ 38.2354465, 54.0115746 ], [ 38.2360686, 54.0113055 ], [ 38.2382979, 54.0090663 ], [ 38.2396396, 54.0079695 ], [ 38.2409352, 54.0084137 ], [ 38.2406996, 54.0086631 ], [ 38.2411152, 54.0088145 ], [ 38.2418073, 54.0082083 ], [ 38.2425026, 54.0084422 ], [ 38.2428324, 54.0085598 ], [ 38.2424191, 54.0089502 ], [ 38.2425142, 54.0089809 ], [ 38.2425753, 54.0089199 ], [ 38.2431527, 54.0091335 ], [ 38.2435724, 54.0093068 ], [ 38.245236, 54.0099952 ], [ 38.2455706, 54.0096454 ], [ 38.2458778, 54.0097535 ], [ 38.2455387, 54.0101018 ], [ 38.2471735, 54.0106112 ], [ 38.2474154, 54.0104893 ], [ 38.2490226, 54.011053 ], [ 38.249405, 54.0110698 ], [ 38.250627, 54.0107036 ], [ 38.2526343, 54.0097449 ], [ 38.2524356, 54.0101794 ], [ 38.2514946, 54.0107179 ], [ 38.250847, 54.0112637 ], [ 38.2504682, 54.0119889 ], [ 38.2504193, 54.0122977 ], [ 38.2509203, 54.0127213 ], [ 38.2511459, 54.0131665 ], [ 38.2425723, 54.0130904 ], [ 38.2423737, 54.0134005 ], [ 38.2418639, 54.0137102 ], [ 38.2366775, 54.0154944 ], [ 38.2346316, 54.0163554 ], [ 38.2332196, 54.0167005 ], [ 38.2325173, 54.0157481 ], [ 38.2338393, 54.0144636 ], [ 38.2328664, 54.0140788 ] ], [ [ 38.2138273, 54.0359581 ], [ 38.2137461, 54.0358834 ], [ 38.2138509, 54.0357289 ], [ 38.2141386, 54.0356394 ], [ 38.2166599, 54.0352059 ], [ 38.2171629, 54.0350562 ], [ 38.2174789, 54.0350297 ], [ 38.2174733, 54.0351059 ], [ 38.2177498, 54.0350595 ], [ 38.2185284, 54.034811 ], [ 38.2188782, 54.0347911 ], [ 38.2193392, 54.0348633 ], [ 38.2197025, 54.0348393 ], [ 38.2207798, 54.0343332 ], [ 38.2215857, 54.0337287 ], [ 38.2223757, 54.0330726 ], [ 38.2231098, 54.0327398 ], [ 38.2238599, 54.0325289 ], [ 38.2248653, 54.0324211 ], [ 38.2255515, 54.0322665 ], [ 38.224443, 54.0315217 ], [ 38.2258596, 54.0309998 ], [ 38.2257813, 54.0308351 ], [ 38.2222869, 54.0284475 ], [ 38.2224305, 54.0283069 ], [ 38.2217225, 54.0277824 ], [ 38.2224146, 54.0274351 ], [ 38.2233083, 54.0272945 ], [ 38.2241344, 54.0270124 ], [ 38.2264462, 54.0292696 ], [ 38.2274251, 54.0290634 ], [ 38.2294262, 54.0282792 ], [ 38.2354742, 54.0259171 ], [ 38.2370803, 54.0271042 ], [ 38.2370803, 54.027273 ], [ 38.2408148, 54.0264949 ], [ 38.2416127, 54.0264199 ], [ 38.2419798, 54.0264293 ], [ 38.2422351, 54.0267667 ], [ 38.2419638, 54.0269917 ], [ 38.2415648, 54.027048 ], [ 38.2399211, 54.0269824 ], [ 38.2382454, 54.0272073 ], [ 38.2365349, 54.0277913 ], [ 38.2366414, 54.0278725 ], [ 38.2367881, 54.0279454 ], [ 38.2367543, 54.0279985 ], [ 38.2368389, 54.0280846 ], [ 38.2364863, 54.0282686 ], [ 38.2363191, 54.0281413 ], [ 38.2346892, 54.0290557 ], [ 38.2332342, 54.0300758 ], [ 38.2327874, 54.030507 ], [ 38.2325532, 54.0304707 ], [ 38.2316676, 54.0305811 ], [ 38.2299067, 54.0319447 ], [ 38.2256072, 54.0346488 ], [ 38.2243611, 54.0353405 ], [ 38.2257708, 54.035792 ], [ 38.2247947, 54.0358351 ], [ 38.2235703, 54.0354739 ], [ 38.2230907, 54.0352651 ], [ 38.2227521, 54.0354706 ], [ 38.223401, 54.0358649 ], [ 38.2232339, 54.0359885 ], [ 38.2226586, 54.0356879 ], [ 38.222557, 54.0357277 ], [ 38.2223483, 54.0356117 ], [ 38.2218461, 54.035963 ], [ 38.2220097, 54.0360624 ], [ 38.2212988, 54.0364534 ], [ 38.2208192, 54.036185 ], [ 38.2198487, 54.0366025 ], [ 38.2196061, 54.0364401 ], [ 38.2192957, 54.0365893 ], [ 38.2190644, 54.0364103 ], [ 38.2186807, 54.0365959 ], [ 38.2183083, 54.0365263 ], [ 38.2171629, 54.0370664 ], [ 38.2163777, 54.037313 ], [ 38.215837, 54.0367582 ], [ 38.2166043, 54.0365097 ], [ 38.2163278, 54.0361883 ], [ 38.2161247, 54.0361717 ], [ 38.215583, 54.0362977 ], [ 38.2155379, 54.0362314 ], [ 38.2153179, 54.036291 ], [ 38.2154307, 54.0364401 ], [ 38.215363, 54.0365263 ], [ 38.2151348, 54.0366049 ], [ 38.2128447, 54.0372047 ], [ 38.2126053, 54.0372844 ], [ 38.2125039, 54.0372356 ], [ 38.2120108, 54.0369983 ], [ 38.2137208, 54.0363572 ], [ 38.2138841, 54.036145 ], [ 38.2138273, 54.0359581 ] ], [ [ 38.3156322, 54.052077 ], [ 38.3158439, 54.0513329 ], [ 38.315986, 54.0511281 ], [ 38.316552, 54.0497079 ], [ 38.3168203, 54.04933 ], [ 38.3169283, 54.0489591 ], [ 38.3171585, 54.0484657 ], [ 38.3175469, 54.0476195 ], [ 38.3189278, 54.0452591 ], [ 38.3196427, 54.0438068 ], [ 38.3200516, 54.0429762 ], [ 38.3201408, 54.0427094 ], [ 38.3199873, 54.0422101 ], [ 38.3239108, 54.0435249 ], [ 38.3242332, 54.0436523 ], [ 38.3243358, 54.0437489 ], [ 38.3244753, 54.0439316 ], [ 38.3244323, 54.0443599 ], [ 38.3239389, 54.0459159 ], [ 38.323338, 54.0477616 ], [ 38.3226192, 54.0492229 ], [ 38.3222115, 54.0509235 ], [ 38.32185, 54.0522358 ], [ 38.31838, 54.0550755 ], [ 38.3139121, 54.0539352 ], [ 38.3156322, 54.052077 ] ], [ [ 38.2357694, 54.0583212 ], [ 38.2368166, 54.0589719 ], [ 38.23756, 54.0587073 ], [ 38.2380187, 54.0584334 ], [ 38.2387147, 54.0588002 ], [ 38.2408817, 54.0575793 ], [ 38.2410939, 54.0576611 ], [ 38.2415767, 54.0574092 ], [ 38.246288, 54.0595465 ], [ 38.2458642, 54.0598487 ], [ 38.2455262, 54.0602234 ], [ 38.2454136, 54.0604564 ], [ 38.2453814, 54.0607744 ], [ 38.2455101, 54.0622605 ], [ 38.2439454, 54.0634718 ], [ 38.243634, 54.0638706 ], [ 38.2434561, 54.0641902 ], [ 38.2430034, 54.0651496 ], [ 38.2391014, 54.0662811 ], [ 38.2389051, 54.0661986 ], [ 38.2386982, 54.0661262 ], [ 38.2384971, 54.0661215 ], [ 38.2382879, 54.0661766 ], [ 38.2327897, 54.0678354 ], [ 38.2322087, 54.0673226 ], [ 38.2321991, 54.0669479 ], [ 38.2318102, 54.066745 ], [ 38.2317077, 54.0666305 ], [ 38.2316681, 54.0665469 ], [ 38.2316854, 54.0664379 ], [ 38.2317789, 54.0663334 ], [ 38.2318738, 54.0662313 ], [ 38.2321189, 54.0660549 ], [ 38.2335188, 54.065136 ], [ 38.2329335, 54.0647368 ], [ 38.2323404, 54.0648111 ], [ 38.2316207, 54.0648993 ], [ 38.2311224, 54.064955 ], [ 38.2308615, 54.0649735 ], [ 38.2303, 54.0649457 ], [ 38.2297938, 54.0648668 ], [ 38.229256, 54.0646858 ], [ 38.2286725, 54.0644367 ], [ 38.2282991, 54.0642773 ], [ 38.2357694, 54.0583212 ] ] ], [ [ [ 38.4668418, 54.0700306 ], [ 38.4673222, 54.0709232 ], [ 38.4678828, 54.0727295 ], [ 38.4681333, 54.0734481 ], [ 38.4688676, 54.0753563 ], [ 38.4693012, 54.0759136 ], [ 38.4725994, 54.0756454 ], [ 38.4733844, 54.0755953 ], [ 38.4733846, 54.0750074 ], [ 38.4737872, 54.0748422 ], [ 38.4770195, 54.0750035 ], [ 38.4810631, 54.0755716 ], [ 38.4858039, 54.0758684 ], [ 38.4891037, 54.0758312 ], [ 38.4897263, 54.0755332 ], [ 38.4900927, 54.074799 ], [ 38.4908255, 54.0733757 ], [ 38.4911396, 54.0725464 ], [ 38.4934945, 54.0682463 ], [ 38.4937176, 54.0670713 ], [ 38.4938216, 54.0629144 ], [ 38.4888981, 54.0619987 ], [ 38.4843066, 54.0620773 ], [ 38.4833602, 54.061719 ], [ 38.4833879, 54.061567 ], [ 38.4830363, 54.061442 ], [ 38.4824626, 54.0614203 ], [ 38.4818641, 54.0613019 ], [ 38.4803806, 54.0615615 ], [ 38.4784466, 54.0617788 ], [ 38.4755173, 54.061872 ], [ 38.4759264, 54.0614144 ], [ 38.4760282, 54.0610125 ], [ 38.4745152, 54.0610397 ], [ 38.4744289, 54.0622127 ], [ 38.4716837, 54.0623513 ], [ 38.4700158, 54.0628453 ], [ 38.4694552, 54.0629214 ], [ 38.4671976, 54.0628054 ], [ 38.4674201, 54.0631664 ], [ 38.4679043, 54.0634966 ], [ 38.4686713, 54.0638349 ], [ 38.467564, 54.0650864 ], [ 38.4677996, 54.0651709 ], [ 38.466949, 54.0661232 ], [ 38.4665041, 54.0660387 ], [ 38.4648071, 54.0679801 ], [ 38.4668418, 54.0700306 ] ] ] ] } },
{ "type": "Feature", "properties": { "element": "relation", "id": 1991064, "addr:country": "RU", "addr:region": "Тульская область", "name": "Новомосковск", "name:ar": "نوفوموسكوفيك", "name:az": "Novomoskovsk", "name:de": "Nowomoskowsk", "name:diq": null, "name:en": "Novomoskovsk", "name:eo": "Novomoskovsk", "name:es": "Novomoskovsk", "name:fa": "نوووموسکوفسک، روسیه", "name:fi": "Novomoskovsk", "name:fr": "Novomoskovsk", "name:hr": "Novomoskovsk", "name:it": "Novomoskovsk", "name:ja": "ノヴォモスコフスク", "name:ko": "노보모스콥스크", "name:nn": "Novomoskovsk", "name:no": "Novomoskovsk", "name:pl": "Nowomoskowsk", "name:pt": "Novomoskovsk", "name:ru": "Новомосковск", "name:tl": "Novomoskovsk", "name:war": "Novomoskovsk", "name:zh": "新莫斯科斯克", "official_status": null, "place": "city", "population": 121674.0, "population:date": "2021-01-01", "wikidata": null, "wikipedia": null, "addr:district": "городской округ Новомосковск", "start_date": "1930", "addr:subdistrict": null, "name:ca": null, "name:et": "Novomoskovsk", "name:id": "Novomoskovsk", "name:lt": "Novomoskovskas", "name:ro": "Novomoskovsk", "source": null, "addr:postcode": "301650", "name:hsb": null, "name:nl": "Novomoskovsk", "name:pnb": "نووماسکووسک", "name:sr": "Новомосковск", "name:sv": "Novomoskovsk", "name:tt": null, "name:uk": "Новомосковськ", "name:vi": "Novomoskovsk", "admin_level": null, "capital": null, "contact:website": null, "int_name": null, "is_in:country": null, "is_in:country_code": null, "name:be": null, "name:bn": null, "name:eu": null, "name:he": null, "name:hu": null, "name:ml": null, "name:ru:word_stress": null, "name:sk": null, "name:sr-Latn": null, "name:zh-Hant": null, "wikimedia_commons": null, "addr:city": null, "website": null, "name:be-tarask": null, "name:bg": null, "description": null, "name:io": null, "alt_name": null, "landuse": null, "is_in": null, "type": "multipolygon", "ele": null, "name:pa": null, "tourism": 24, "leisure": 174, "healthcare": 43 }, "geometry": { "type": "MultiPolygon", "coordinates": [ [ [ [ 38.1345643, 54.0671901 ], [ 38.1346673, 54.0703935 ], [ 38.135148, 54.0714411 ], [ 38.1361914, 54.0722208 ], [ 38.1385602, 54.0729097 ], [ 38.1409724, 54.0749952 ], [ 38.1477077, 54.079011 ], [ 38.1486933, 54.0788825 ], [ 38.1585971, 54.0869475 ], [ 38.1604115, 54.0884057 ], [ 38.1627696, 54.0902919 ], [ 38.1651199, 54.091976 ], [ 38.1697914, 54.0935172 ], [ 38.1746693, 54.0942561 ], [ 38.19106, 54.0961267 ], [ 38.198719, 54.0962381 ], [ 38.2035099, 54.09609 ], [ 38.2071611, 54.0974083 ], [ 38.2089982, 54.0992556 ], [ 38.2093637, 54.1016337 ], [ 38.2075023, 54.1035339 ], [ 38.2051697, 54.1057958 ], [ 38.1962428, 54.1126464 ], [ 38.197611, 54.1136456 ], [ 38.2038688, 54.1087939 ], [ 38.2106838, 54.1167868 ], [ 38.2167428, 54.1104994 ], [ 38.2174436, 54.1106446 ], [ 38.2195707, 54.1102713 ], [ 38.2210517, 54.1104196 ], [ 38.2221212, 54.110389 ], [ 38.2230578, 54.1104701 ], [ 38.2248323, 54.1102186 ], [ 38.2260994, 54.1097129 ], [ 38.2277946, 54.1096015 ], [ 38.2287569, 54.1093418 ], [ 38.230097, 54.1091959 ], [ 38.2317321, 54.1086744 ], [ 38.2341739, 54.1083398 ], [ 38.2355419, 54.1088059 ], [ 38.2359206, 54.1091248 ], [ 38.2359506, 54.1097714 ], [ 38.237505, 54.1111317 ], [ 38.2375913, 54.1101338 ], [ 38.2371192, 54.1095048 ], [ 38.2369047, 54.1081714 ], [ 38.2364, 54.1069931 ], [ 38.2371158, 54.1062471 ], [ 38.2394367, 54.1055546 ], [ 38.2439316, 54.1054205 ], [ 38.2449301, 54.1053281 ], [ 38.2469472, 54.1056301 ], [ 38.2475909, 54.106234 ], [ 38.2480201, 54.1055798 ], [ 38.2497797, 54.1056301 ], [ 38.2506809, 54.105152 ], [ 38.2523001, 54.1055463 ], [ 38.2540714, 54.1057307 ], [ 38.2561743, 54.1054288 ], [ 38.260466, 54.1058817 ], [ 38.2623972, 54.1066114 ], [ 38.2638016, 54.1078108 ], [ 38.2627406, 54.1092029 ], [ 38.262943, 54.1110059 ], [ 38.264071, 54.1093287 ], [ 38.2645001, 54.1076681 ], [ 38.266076, 54.1065779 ], [ 38.272127, 54.1069301 ], [ 38.2749289, 54.1065359 ], [ 38.2774438, 54.1064352 ], [ 38.2782411, 54.1063236 ], [ 38.2791222, 54.1058734 ], [ 38.2805641, 54.1054778 ], [ 38.2818345, 54.1052896 ], [ 38.2835037, 54.1052677 ], [ 38.2851218, 54.105662 ], [ 38.2916308, 54.1015371 ], [ 38.2890786, 54.1007083 ], [ 38.2886519, 54.1002784 ], [ 38.2882203, 54.0981231 ], [ 38.2879871, 54.0970601 ], [ 38.2870186, 54.0961325 ], [ 38.2867956, 54.094635 ], [ 38.2882553, 54.0924119 ], [ 38.2882675, 54.0907093 ], [ 38.2887581, 54.0895788 ], [ 38.2875301, 54.0883268 ], [ 38.2875372, 54.0855033 ], [ 38.2881623, 54.0834118 ], [ 38.2898273, 54.0818327 ], [ 38.2905398, 54.0811569 ], [ 38.2923473, 54.0806 ], [ 38.2922977, 54.0798517 ], [ 38.292235, 54.0789048 ], [ 38.2926547, 54.0777794 ], [ 38.2932089, 54.0769561 ], [ 38.2950832, 54.0753836 ], [ 38.2992048, 54.0737975 ], [ 38.3004375, 54.0727444 ], [ 38.3040131, 54.0684172 ], [ 38.3060005, 54.0670856 ], [ 38.3080338, 54.066514 ], [ 38.3109846, 54.0651955 ], [ 38.3066614, 54.0625806 ], [ 38.3043734, 54.0610828 ], [ 38.2958609, 54.0657929 ], [ 38.2902098, 54.0695718 ], [ 38.2895965, 54.0704201 ], [ 38.2937314, 54.0714405 ], [ 38.2907094, 54.0741335 ], [ 38.2885358, 54.0767586 ], [ 38.2870114, 54.077462 ], [ 38.2856688, 54.0780755 ], [ 38.2837553, 54.0788082 ], [ 38.2783381, 54.0773857 ], [ 38.2762353, 54.0788764 ], [ 38.2668607, 54.0754581 ], [ 38.2658969, 54.0754067 ], [ 38.2636627, 54.0733505 ], [ 38.2689196, 54.0657158 ], [ 38.271329, 54.0653558 ], [ 38.2720737, 54.0662813 ], [ 38.2739136, 54.066307 ], [ 38.2740012, 54.0673868 ], [ 38.2796085, 54.066667 ], [ 38.280178, 54.0672068 ], [ 38.2984017, 54.0564083 ], [ 38.3062396, 54.0600883 ], [ 38.3084265, 54.0600883 ], [ 38.3101647, 54.0610098 ], [ 38.3148152, 54.0635081 ], [ 38.3222759, 54.0609831 ], [ 38.3234506, 54.0606105 ], [ 38.3258842, 54.0592905 ], [ 38.327098, 54.0587144 ], [ 38.3277997, 54.057423 ], [ 38.3284479, 54.0572157 ], [ 38.3291769, 54.0565237 ], [ 38.3291595, 54.0557271 ], [ 38.3290849, 54.0541034 ], [ 38.3280157, 54.052868 ], [ 38.3268612, 54.0508507 ], [ 38.3253236, 54.0489122 ], [ 38.3268927, 54.0481831 ], [ 38.3272475, 54.0466815 ], [ 38.3288853, 54.0440452 ], [ 38.3281123, 54.0440362 ], [ 38.3280027, 54.0437589 ], [ 38.3279401, 54.0430109 ], [ 38.3202478, 54.041225 ], [ 38.3209049, 54.0404533 ], [ 38.3208173, 54.0396044 ], [ 38.3201602, 54.0390384 ], [ 38.3200726, 54.0378551 ], [ 38.3255891, 54.0311496 ], [ 38.3349669, 54.0328382 ], [ 38.3353174, 54.0326839 ], [ 38.3363741, 54.0326823 ], [ 38.3388926, 54.0292158 ], [ 38.3389463, 54.0268463 ], [ 38.3391858, 54.0238136 ], [ 38.3397091, 54.0229516 ], [ 38.3407016, 54.0220914 ], [ 38.3421066, 54.0208082 ], [ 38.3427517, 54.0200196 ], [ 38.3426299, 54.0184865 ], [ 38.3426283, 54.0176757 ], [ 38.3428, 54.0172859 ], [ 38.3428078, 54.0169924 ], [ 38.3430623, 54.0165187 ], [ 38.3427549, 54.0164263 ], [ 38.3417041, 54.0161106 ], [ 38.3422282, 54.0153905 ], [ 38.3422872, 54.0150723 ], [ 38.3419423, 54.0140715 ], [ 38.3400981, 54.0129018 ], [ 38.3387473, 54.0123712 ], [ 38.3383605, 54.0116558 ], [ 38.3369656, 54.0107224 ], [ 38.3366372, 54.0106298 ], [ 38.334877, 54.0103059 ], [ 38.3347184, 54.0102834 ], [ 38.3342884, 54.0102223 ], [ 38.3336383, 54.0098088 ], [ 38.3247321, 54.0058282 ], [ 38.3254996, 54.0054811 ], [ 38.324011, 54.004071 ], [ 38.3231823, 54.0036528 ], [ 38.3224964, 54.0031403 ], [ 38.3224083, 54.0029618 ], [ 38.3210717, 54.0019542 ], [ 38.3202249, 54.0015244 ], [ 38.3212865, 54.0005411 ], [ 38.3197653, 53.9996305 ], [ 38.3206471, 53.9988991 ], [ 38.3204805, 53.9987954 ], [ 38.3194126, 53.9994059 ], [ 38.3149049, 53.9969413 ], [ 38.3136938, 53.9941881 ], [ 38.312754, 53.9920514 ], [ 38.3117315, 53.991649 ], [ 38.3110072, 53.9912394 ], [ 38.3053472, 53.9875316 ], [ 38.3032011, 53.9862759 ], [ 38.3070778, 53.9836715 ], [ 38.3074639, 53.9825079 ], [ 38.3075305, 53.9813598 ], [ 38.3073504, 53.9792224 ], [ 38.3056526, 53.979306 ], [ 38.3051893, 53.9793613 ], [ 38.3040282, 53.9795 ], [ 38.3025659, 53.9797918 ], [ 38.3009722, 53.9801437 ], [ 38.2996269, 53.980629 ], [ 38.2984534, 53.9812431 ], [ 38.2839271, 53.9751505 ], [ 38.2715758, 53.9855156 ], [ 38.270472, 53.9854593 ], [ 38.2687866, 53.9878078 ], [ 38.2663787, 53.9872344 ], [ 38.2656201, 53.9870537 ], [ 38.2642476, 53.9889612 ], [ 38.2624627, 53.9914419 ], [ 38.2615103, 53.9912854 ], [ 38.2565527, 53.9904707 ], [ 38.2536688, 53.9956086 ], [ 38.263678, 53.9982137 ], [ 38.2623285, 54.0004855 ], [ 38.2597272, 53.9994902 ], [ 38.2565627, 53.9985056 ], [ 38.2558541, 53.9988911 ], [ 38.2549745, 53.9989312 ], [ 38.2482903, 53.9973964 ], [ 38.2430321, 53.9961511 ], [ 38.2418984, 53.9982955 ], [ 38.2387859, 54.0027783 ], [ 38.2302467, 54.0108399 ], [ 38.2231079, 54.0175118 ], [ 38.2226996, 54.0179314 ], [ 38.2222793, 54.0181045 ], [ 38.2204956, 54.0182968 ], [ 38.2175575, 54.0199097 ], [ 38.2174764, 54.0202918 ], [ 38.2177325, 54.0207124 ], [ 38.2182479, 54.0210562 ], [ 38.2170378, 54.0218161 ], [ 38.2166503, 54.022076 ], [ 38.2166405, 54.0222278 ], [ 38.2147898, 54.0233908 ], [ 38.2128313, 54.0229463 ], [ 38.2110831, 54.0237 ], [ 38.2121489, 54.0246505 ], [ 38.2106908, 54.0250225 ], [ 38.2094362, 54.0255199 ], [ 38.2079908, 54.0259537 ], [ 38.2050798, 54.0268536 ], [ 38.2039804, 54.0259239 ], [ 38.2069292, 54.0248357 ], [ 38.2060674, 54.0229661 ], [ 38.2054586, 54.0229844 ], [ 38.2038223, 54.0229342 ], [ 38.2028937, 54.0230331 ], [ 38.2015251, 54.0234157 ], [ 38.200358, 54.0240251 ], [ 38.2003366, 54.02417 ], [ 38.2001488, 54.024378 ], [ 38.2002936, 54.0247183 ], [ 38.2007067, 54.0252099 ], [ 38.2007657, 54.0258559 ], [ 38.2008086, 54.0260639 ], [ 38.2013719, 54.0265996 ], [ 38.2021014, 54.027151 ], [ 38.2023858, 54.027589 ], [ 38.2024877, 54.028131 ], [ 38.2023858, 54.0285564 ], [ 38.2019459, 54.0288526 ], [ 38.2016723, 54.0292307 ], [ 38.2015865, 54.0294513 ], [ 38.2017045, 54.0297285 ], [ 38.2019566, 54.0301003 ], [ 38.2021444, 54.0303114 ], [ 38.202434, 54.0304249 ], [ 38.2025467, 54.0305383 ], [ 38.2032816, 54.0313544 ], [ 38.2039468, 54.03212 ], [ 38.2051966, 54.0330322 ], [ 38.2058344, 54.0335008 ], [ 38.206047, 54.0337994 ], [ 38.2060285, 54.0339677 ], [ 38.2059391, 54.034107 ], [ 38.2059854, 54.0341504 ], [ 38.2061856, 54.0342717 ], [ 38.2063674, 54.034288 ], [ 38.2065215, 54.0343223 ], [ 38.2067186, 54.0344472 ], [ 38.2068912, 54.0346263 ], [ 38.2070668, 54.0347639 ], [ 38.2074704, 54.0350299 ], [ 38.2080466, 54.0353917 ], [ 38.2084656, 54.0355944 ], [ 38.2088292, 54.0357826 ], [ 38.2089863, 54.0359617 ], [ 38.2090756, 54.036054 ], [ 38.2091034, 54.0362295 ], [ 38.2091465, 54.0363526 ], [ 38.209242, 54.0365842 ], [ 38.2094084, 54.0367054 ], [ 38.2094885, 54.0367362 ], [ 38.2097812, 54.0366783 ], [ 38.2103604, 54.0364629 ], [ 38.2109181, 54.0363634 ], [ 38.2115097, 54.0361644 ], [ 38.211864, 54.0360631 ], [ 38.2125788, 54.0359255 ], [ 38.2130687, 54.0358821 ], [ 38.213688, 54.0359002 ], [ 38.2137835, 54.0359527 ], [ 38.2138174, 54.0360124 ], [ 38.2138266, 54.0360974 ], [ 38.2137496, 54.0362567 ], [ 38.2135308, 54.0364014 ], [ 38.2132227, 54.0365208 ], [ 38.2126774, 54.0366493 ], [ 38.2123446, 54.0367886 ], [ 38.2121166, 54.0369135 ], [ 38.2117716, 54.0370419 ], [ 38.2109921, 54.0373314 ], [ 38.2107302, 54.0374599 ], [ 38.2107086, 54.0375504 ], [ 38.2108869, 54.0378458 ], [ 38.210962, 54.0380475 ], [ 38.2109298, 54.038416 ], [ 38.2110585, 54.0391563 ], [ 38.2110264, 54.0398746 ], [ 38.2110478, 54.040514 ], [ 38.2111873, 54.0407471 ], [ 38.2113053, 54.0410117 ], [ 38.211198, 54.0414968 ], [ 38.2111015, 54.0417646 ], [ 38.2109298, 54.0420071 ], [ 38.2108601, 54.0424639 ], [ 38.209696, 54.0446435 ], [ 38.2096477, 54.0449617 ], [ 38.2097228, 54.0453207 ], [ 38.209932, 54.0456924 ], [ 38.2103022, 54.0461176 ], [ 38.2107689, 54.0464798 ], [ 38.2112521, 54.0468066 ], [ 38.2130677, 54.0477122 ], [ 38.2135455, 54.0479158 ], [ 38.2136871, 54.048109 ], [ 38.2139065, 54.0484436 ], [ 38.2141483, 54.0488395 ], [ 38.2117611, 54.0496282 ], [ 38.2110653, 54.0499725 ], [ 38.2101517, 54.0504246 ], [ 38.2059905, 54.047553 ], [ 38.2062044, 54.0400172 ], [ 38.2061603, 54.0385319 ], [ 38.2051854, 54.0372229 ], [ 38.2045546, 54.0360086 ], [ 38.2019613, 54.034218 ], [ 38.2008047, 54.0336417 ], [ 38.2001038, 54.0330654 ], [ 38.1995431, 54.0324685 ], [ 38.1991576, 54.0320156 ], [ 38.1987752, 54.0312121 ], [ 38.198188, 54.0309257 ], [ 38.196354, 54.03111 ], [ 38.1942162, 54.0310894 ], [ 38.194882, 54.0337034 ], [ 38.1969497, 54.0336005 ], [ 38.1981763, 54.0363585 ], [ 38.197931, 54.0369348 ], [ 38.1991927, 54.0396102 ], [ 38.2004893, 54.0404952 ], [ 38.1998936, 54.0407627 ], [ 38.2001389, 54.0416064 ], [ 38.1854559, 54.0399544 ], [ 38.1843333, 54.0386841 ], [ 38.1798475, 54.0378198 ], [ 38.1748136, 54.0373534 ], [ 38.1663289, 54.0365673 ], [ 38.157517, 54.0357509 ], [ 38.1523017, 54.0352677 ], [ 38.1544745, 54.0393221 ], [ 38.1557361, 54.0408656 ], [ 38.1580491, 54.0425119 ], [ 38.1584697, 54.0432115 ], [ 38.1585047, 54.0453104 ], [ 38.1572781, 54.046689 ], [ 38.155631, 54.0496519 ], [ 38.1564721, 54.0505983 ], [ 38.1585398, 54.0505366 ], [ 38.1599766, 54.0502074 ], [ 38.1600467, 54.0515653 ], [ 38.1604673, 54.0517299 ], [ 38.1616939, 54.0508452 ], [ 38.1628854, 54.0512567 ], [ 38.1636564, 54.0512361 ], [ 38.1651984, 54.0516887 ], [ 38.1657942, 54.0511538 ], [ 38.1689483, 54.0520796 ], [ 38.168703, 54.0524705 ], [ 38.1689133, 54.0529643 ], [ 38.1689483, 54.0532112 ], [ 38.1683175, 54.0544044 ], [ 38.1684647, 54.0551285 ], [ 38.169446, 54.0557375 ], [ 38.1709039, 54.0558527 ], [ 38.1729225, 54.0567249 ], [ 38.1769387, 54.0578604 ], [ 38.1779259, 54.0579387 ], [ 38.1795321, 54.0580661 ], [ 38.1801629, 54.0583541 ], [ 38.1806185, 54.0582307 ], [ 38.1805134, 54.0577575 ], [ 38.1807587, 54.0574901 ], [ 38.1814946, 54.0574078 ], [ 38.1816699, 54.0570376 ], [ 38.1812844, 54.0568113 ], [ 38.1812493, 54.056441 ], [ 38.1817049, 54.0555564 ], [ 38.181004, 54.0553096 ], [ 38.1821396, 54.0539282 ], [ 38.1825596, 54.0540298 ], [ 38.1830717, 54.0533552 ], [ 38.1820241, 54.0530819 ], [ 38.1815193, 54.0537469 ], [ 38.1818451, 54.0538489 ], [ 38.1804635, 54.055425 ], [ 38.1783756, 54.0549393 ], [ 38.1783055, 54.0546101 ], [ 38.1765182, 54.0541369 ], [ 38.1773943, 54.0525528 ], [ 38.1820904, 54.0487055 ], [ 38.183411, 54.0492427 ], [ 38.1872293, 54.051813 ], [ 38.1887797, 54.0525714 ], [ 38.19033, 54.0538691 ], [ 38.1906888, 54.0546359 ], [ 38.1908037, 54.05531 ], [ 38.2075741, 54.0571208 ], [ 38.2075309, 54.057877 ], [ 38.206684, 54.0577759 ], [ 38.2051423, 54.0590431 ], [ 38.2048717, 54.0590028 ], [ 38.2042459, 54.0589645 ], [ 38.2035424, 54.0589282 ], [ 38.2026774, 54.0603285 ], [ 38.2014618, 54.0620278 ], [ 38.1994341, 54.0646413 ], [ 38.1969912, 54.0671631 ], [ 38.1935382, 54.0660378 ], [ 38.1910436, 54.0658072 ], [ 38.1915055, 54.0636932 ], [ 38.1894028, 54.0625825 ], [ 38.1814474, 54.0629733 ], [ 38.1781532, 54.0620888 ], [ 38.1773822, 54.0622534 ], [ 38.1740178, 54.0652151 ], [ 38.1726159, 54.065174 ], [ 38.1745084, 54.0635698 ], [ 38.1757, 54.0619449 ], [ 38.173457, 54.0619449 ], [ 38.1732818, 54.0624179 ], [ 38.1707235, 54.0624591 ], [ 38.1705833, 54.0630761 ], [ 38.1686558, 54.0631173 ], [ 38.1668003, 54.0651111 ], [ 38.1658872, 54.0633435 ], [ 38.1648709, 54.0632407 ], [ 38.1643802, 54.0629321 ], [ 38.1586328, 54.0614924 ], [ 38.1487247, 54.0674007 ], [ 38.146967, 54.0665801 ], [ 38.1369489, 54.0628557 ], [ 38.133397, 54.0627774 ], [ 38.1325773, 54.0643466 ], [ 38.1344741, 54.0663174 ], [ 38.1345643, 54.0671901 ] ], [ [ 38.2328664, 54.0140788 ], [ 38.2338652, 54.0129557 ], [ 38.2354465, 54.0115746 ], [ 38.2360686, 54.0113055 ], [ 38.2382979, 54.0090663 ], [ 38.2396396, 54.0079695 ], [ 38.2409352, 54.0084137 ], [ 38.2406996, 54.0086631 ], [ 38.2411152, 54.0088145 ], [ 38.2418073, 54.0082083 ], [ 38.2425026, 54.0084422 ], [ 38.2428324, 54.0085598 ], [ 38.2424191, 54.0089502 ], [ 38.2425142, 54.0089809 ], [ 38.2425753, 54.0089199 ], [ 38.2431527, 54.0091335 ], [ 38.2435724, 54.0093068 ], [ 38.245236, 54.0099952 ], [ 38.2455706, 54.0096454 ], [ 38.2458778, 54.0097535 ], [ 38.2455387, 54.0101018 ], [ 38.2471735, 54.0106112 ], [ 38.2474154, 54.0104893 ], [ 38.2490226, 54.011053 ], [ 38.249405, 54.0110698 ], [ 38.250627, 54.0107036 ], [ 38.2526343, 54.0097449 ], [ 38.2524356, 54.0101794 ], [ 38.2514946, 54.0107179 ], [ 38.250847, 54.0112637 ], [ 38.2504682, 54.0119889 ], [ 38.2504193, 54.0122977 ], [ 38.2509203, 54.0127213 ], [ 38.2511459, 54.0131665 ], [ 38.2425723, 54.0130904 ], [ 38.2423737, 54.0134005 ], [ 38.2418639, 54.0137102 ], [ 38.2366775, 54.0154944 ], [ 38.2346316, 54.0163554 ], [ 38.2332196, 54.0167005 ], [ 38.2325173, 54.0157481 ], [ 38.2338393, 54.0144636 ], [ 38.2328664, 54.0140788 ] ], [ [ 38.2138273, 54.0359581 ], [ 38.2137461, 54.0358834 ], [ 38.2138509, 54.0357289 ], [ 38.2141386, 54.0356394 ], [ 38.2166599, 54.0352059 ], [ 38.2171629, 54.0350562 ], [ 38.2174789, 54.0350297 ], [ 38.2174733, 54.0351059 ], [ 38.2177498, 54.0350595 ], [ 38.2185284, 54.034811 ], [ 38.2188782, 54.0347911 ], [ 38.2193392, 54.0348633 ], [ 38.2197025, 54.0348393 ], [ 38.2207798, 54.0343332 ], [ 38.2215857, 54.0337287 ], [ 38.2223757, 54.0330726 ], [ 38.2231098, 54.0327398 ], [ 38.2238599, 54.0325289 ], [ 38.2248653, 54.0324211 ], [ 38.2255515, 54.0322665 ], [ 38.224443, 54.0315217 ], [ 38.2258596, 54.0309998 ], [ 38.2257813, 54.0308351 ], [ 38.2222869, 54.0284475 ], [ 38.2224305, 54.0283069 ], [ 38.2217225, 54.0277824 ], [ 38.2224146, 54.0274351 ], [ 38.2233083, 54.0272945 ], [ 38.2241344, 54.0270124 ], [ 38.2264462, 54.0292696 ], [ 38.2274251, 54.0290634 ], [ 38.2294262, 54.0282792 ], [ 38.2354742, 54.0259171 ], [ 38.2370803, 54.0271042 ], [ 38.2370803, 54.027273 ], [ 38.2408148, 54.0264949 ], [ 38.2416127, 54.0264199 ], [ 38.2419798, 54.0264293 ], [ 38.2422351, 54.0267667 ], [ 38.2419638, 54.0269917 ], [ 38.2415648, 54.027048 ], [ 38.2399211, 54.0269824 ], [ 38.2382454, 54.0272073 ], [ 38.2365349, 54.0277913 ], [ 38.2366414, 54.0278725 ], [ 38.2367881, 54.0279454 ], [ 38.2367543, 54.0279985 ], [ 38.2368389, 54.0280846 ], [ 38.2364863, 54.0282686 ], [ 38.2363191, 54.0281413 ], [ 38.2346892, 54.0290557 ], [ 38.2332342, 54.0300758 ], [ 38.2327874, 54.030507 ], [ 38.2325532, 54.0304707 ], [ 38.2316676, 54.0305811 ], [ 38.2299067, 54.0319447 ], [ 38.2256072, 54.0346488 ], [ 38.2243611, 54.0353405 ], [ 38.2257708, 54.035792 ], [ 38.2247947, 54.0358351 ], [ 38.2235703, 54.0354739 ], [ 38.2230907, 54.0352651 ], [ 38.2227521, 54.0354706 ], [ 38.223401, 54.0358649 ], [ 38.2232339, 54.0359885 ], [ 38.2226586, 54.0356879 ], [ 38.222557, 54.0357277 ], [ 38.2223483, 54.0356117 ], [ 38.2218461, 54.035963 ], [ 38.2220097, 54.0360624 ], [ 38.2212988, 54.0364534 ], [ 38.2208192, 54.036185 ], [ 38.2198487, 54.0366025 ], [ 38.2196061, 54.0364401 ], [ 38.2192957, 54.0365893 ], [ 38.2190644, 54.0364103 ], [ 38.2186807, 54.0365959 ], [ 38.2183083, 54.0365263 ], [ 38.2171629, 54.0370664 ], [ 38.2163777, 54.037313 ], [ 38.215837, 54.0367582 ], [ 38.2166043, 54.0365097 ], [ 38.2163278, 54.0361883 ], [ 38.2161247, 54.0361717 ], [ 38.215583, 54.0362977 ], [ 38.2155379, 54.0362314 ], [ 38.2153179, 54.036291 ], [ 38.2154307, 54.0364401 ], [ 38.215363, 54.0365263 ], [ 38.2151348, 54.0366049 ], [ 38.2128447, 54.0372047 ], [ 38.2126053, 54.0372844 ], [ 38.2125039, 54.0372356 ], [ 38.2120108, 54.0369983 ], [ 38.2137208, 54.0363572 ], [ 38.2138841, 54.036145 ], [ 38.2138273, 54.0359581 ] ], [ [ 38.3156322, 54.052077 ], [ 38.3158439, 54.0513329 ], [ 38.315986, 54.0511281 ], [ 38.316552, 54.0497079 ], [ 38.3168203, 54.04933 ], [ 38.3169283, 54.0489591 ], [ 38.3171585, 54.0484657 ], [ 38.3175469, 54.0476195 ], [ 38.3189278, 54.0452591 ], [ 38.3196427, 54.0438068 ], [ 38.3200516, 54.0429762 ], [ 38.3201408, 54.0427094 ], [ 38.3199873, 54.0422101 ], [ 38.3239108, 54.0435249 ], [ 38.3242332, 54.0436523 ], [ 38.3243358, 54.0437489 ], [ 38.3244753, 54.0439316 ], [ 38.3244323, 54.0443599 ], [ 38.3239389, 54.0459159 ], [ 38.323338, 54.0477616 ], [ 38.3226192, 54.0492229 ], [ 38.3222115, 54.0509235 ], [ 38.32185, 54.0522358 ], [ 38.31838, 54.0550755 ], [ 38.3139121, 54.0539352 ], [ 38.3156322, 54.052077 ] ], [ [ 38.2357694, 54.0583212 ], [ 38.2368166, 54.0589719 ], [ 38.23756, 54.0587073 ], [ 38.2380187, 54.0584334 ], [ 38.2387147, 54.0588002 ], [ 38.2408817, 54.0575793 ], [ 38.2410939, 54.0576611 ], [ 38.2415767, 54.0574092 ], [ 38.246288, 54.0595465 ], [ 38.2458642, 54.0598487 ], [ 38.2455262, 54.0602234 ], [ 38.2454136, 54.0604564 ], [ 38.2453814, 54.0607744 ], [ 38.2455101, 54.0622605 ], [ 38.2439454, 54.0634718 ], [ 38.243634, 54.0638706 ], [ 38.2434561, 54.0641902 ], [ 38.2430034, 54.0651496 ], [ 38.2391014, 54.0662811 ], [ 38.2389051, 54.0661986 ], [ 38.2386982, 54.0661262 ], [ 38.2384971, 54.0661215 ], [ 38.2382879, 54.0661766 ], [ 38.2327897, 54.0678354 ], [ 38.2322087, 54.0673226 ], [ 38.2321991, 54.0669479 ], [ 38.2318102, 54.066745 ], [ 38.2317077, 54.0666305 ], [ 38.2316681, 54.0665469 ], [ 38.2316854, 54.0664379 ], [ 38.2317789, 54.0663334 ], [ 38.2318738, 54.0662313 ], [ 38.2321189, 54.0660549 ], [ 38.2335188, 54.065136 ], [ 38.2329335, 54.0647368 ], [ 38.2323404, 54.0648111 ], [ 38.2316207, 54.0648993 ], [ 38.2311224, 54.064955 ], [ 38.2308615, 54.0649735 ], [ 38.2303, 54.0649457 ], [ 38.2297938, 54.0648668 ], [ 38.229256, 54.0646858 ], [ 38.2286725, 54.0644367 ], [ 38.2282991, 54.0642773 ], [ 38.2357694, 54.0583212 ] ] ], [ [ [ 38.4668418, 54.0700306 ], [ 38.4673222, 54.0709232 ], [ 38.4678828, 54.0727295 ], [ 38.4681333, 54.0734481 ], [ 38.4688676, 54.0753563 ], [ 38.4693012, 54.0759136 ], [ 38.4725994, 54.0756454 ], [ 38.4733844, 54.0755953 ], [ 38.4733846, 54.0750074 ], [ 38.4737872, 54.0748422 ], [ 38.4770195, 54.0750035 ], [ 38.4810631, 54.0755716 ], [ 38.4858039, 54.0758684 ], [ 38.4891037, 54.0758312 ], [ 38.4897263, 54.0755332 ], [ 38.4900927, 54.074799 ], [ 38.4908255, 54.0733757 ], [ 38.4911396, 54.0725464 ], [ 38.4934945, 54.0682463 ], [ 38.4937176, 54.0670713 ], [ 38.4938216, 54.0629144 ], [ 38.4888981, 54.0619987 ], [ 38.4843066, 54.0620773 ], [ 38.4833602, 54.061719 ], [ 38.4833879, 54.061567 ], [ 38.4830363, 54.061442 ], [ 38.4824626, 54.0614203 ], [ 38.4818641, 54.0613019 ], [ 38.4803806, 54.0615615 ], [ 38.4784466, 54.0617788 ], [ 38.4755173, 54.061872 ], [ 38.4759264, 54.0614144 ], [ 38.4760282, 54.0610125 ], [ 38.4745152, 54.0610397 ], [ 38.4744289, 54.0622127 ], [ 38.4716837, 54.0623513 ], [ 38.4700158, 54.0628453 ], [ 38.4694552, 54.0629214 ], [ 38.4671976, 54.0628054 ], [ 38.4674201, 54.0631664 ], [ 38.4679043, 54.0634966 ], [ 38.4686713, 54.0638349 ], [ 38.467564, 54.0650864 ], [ 38.4677996, 54.0651709 ], [ 38.466949, 54.0661232 ], [ 38.4665041, 54.0660387 ], [ 38.4648071, 54.0679801 ], [ 38.4668418, 54.0700306 ] ] ] ] } },
{ "type": "Feature", "properties": { "element": "relation", "id": 1991064, "addr:country": "RU", "addr:region": "Тульская область", "name": "Новомосковск", "name:ar": "نوفوموسكوفيك", "name:az": "Novomoskovsk", "name:de": "Nowomoskowsk", "name:diq": null, "name:en": "Novomoskovsk", "name:eo": "Novomoskovsk", "name:es": "Novomoskovsk", "name:fa": "نوووموسکوفسک، روسیه", "name:fi": "Novomoskovsk", "name:fr": "Novomoskovsk", "name:hr": "Novomoskovsk", "name:it": "Novomoskovsk", "name:ja": "ノヴォモスコフスク", "name:ko": "노보모스콥스크", "name:nn": "Novomoskovsk", "name:no": "Novomoskovsk", "name:pl": "Nowomoskowsk", "name:pt": "Novomoskovsk", "name:ru": "Новомосковск", "name:tl": "Novomoskovsk", "name:war": "Novomoskovsk", "name:zh": "新莫斯科斯克", "official_status": null, "place": "city", "population": 121674.0, "population:date": "2021-01-01", "wikidata": null, "wikipedia": null, "addr:district": "городской округ Новомосковск", "start_date": "1930", "addr:subdistrict": null, "name:ca": null, "name:et": "Novomoskovsk", "name:id": "Novomoskovsk", "name:lt": "Novomoskovskas", "name:ro": "Novomoskovsk", "source": null, "addr:postcode": "301650", "name:hsb": null, "name:nl": "Novomoskovsk", "name:pnb": "نووماسکووسک", "name:sr": "Новомосковск", "name:sv": "Novomoskovsk", "name:tt": null, "name:uk": "Новомосковськ", "name:vi": "Novomoskovsk", "admin_level": null, "capital": null, "contact:website": null, "int_name": null, "is_in:country": null, "is_in:country_code": null, "name:be": null, "name:bn": null, "name:eu": null, "name:he": null, "name:hu": null, "name:ml": null, "name:ru:word_stress": null, "name:sk": null, "name:sr-Latn": null, "name:zh-Hant": null, "wikimedia_commons": null, "addr:city": null, "website": null, "name:be-tarask": null, "name:bg": null, "description": null, "name:io": null, "alt_name": null, "landuse": null, "is_in": null, "type": "multipolygon", "ele": null, "name:pa": null, "tourism": 24, "leisure": 174, "healthcare": 43 }, "geometry": { "type": "MultiPolygon", "coordinates": [ [ [ [ 38.1345643, 54.0671901 ], [ 38.1346673, 54.0703935 ], [ 38.135148, 54.0714411 ], [ 38.1361914, 54.0722208 ], [ 38.1385602, 54.0729097 ], [ 38.1409724, 54.0749952 ], [ 38.1477077, 54.079011 ], [ 38.1486933, 54.0788825 ], [ 38.1585971, 54.0869475 ], [ 38.1604115, 54.0884057 ], [ 38.1627696, 54.0902919 ], [ 38.1651199, 54.091976 ], [ 38.1697914, 54.0935172 ], [ 38.1746693, 54.0942561 ], [ 38.19106, 54.0961267 ], [ 38.198719, 54.0962381 ], [ 38.2035099, 54.09609 ], [ 38.2071611, 54.0974083 ], [ 38.2089982, 54.0992556 ], [ 38.2093637, 54.1016337 ], [ 38.2075023, 54.1035339 ], [ 38.2051697, 54.1057958 ], [ 38.1962428, 54.1126464 ], [ 38.197611, 54.1136456 ], [ 38.2038688, 54.1087939 ], [ 38.2106838, 54.1167868 ], [ 38.2167428, 54.1104994 ], [ 38.2174436, 54.1106446 ], [ 38.2195707, 54.1102713 ], [ 38.2210517, 54.1104196 ], [ 38.2221212, 54.110389 ], [ 38.2230578, 54.1104701 ], [ 38.2248323, 54.1102186 ], [ 38.2260994, 54.1097129 ], [ 38.2277946, 54.1096015 ], [ 38.2287569, 54.1093418 ], [ 38.230097, 54.1091959 ], [ 38.2317321, 54.1086744 ], [ 38.2341739, 54.1083398 ], [ 38.2355419, 54.1088059 ], [ 38.2359206, 54.1091248 ], [ 38.2359506, 54.1097714 ], [ 38.237505, 54.1111317 ], [ 38.2375913, 54.1101338 ], [ 38.2371192, 54.1095048 ], [ 38.2369047, 54.1081714 ], [ 38.2364, 54.1069931 ], [ 38.2371158, 54.1062471 ], [ 38.2394367, 54.1055546 ], [ 38.2439316, 54.1054205 ], [ 38.2449301, 54.1053281 ], [ 38.2469472, 54.1056301 ], [ 38.2475909, 54.106234 ], [ 38.2480201, 54.1055798 ], [ 38.2497797, 54.1056301 ], [ 38.2506809, 54.105152 ], [ 38.2523001, 54.1055463 ], [ 38.2540714, 54.1057307 ], [ 38.2561743, 54.1054288 ], [ 38.260466, 54.1058817 ], [ 38.2623972, 54.1066114 ], [ 38.2638016, 54.1078108 ], [ 38.2627406, 54.1092029 ], [ 38.262943, 54.1110059 ], [ 38.264071, 54.1093287 ], [ 38.2645001, 54.1076681 ], [ 38.266076, 54.1065779 ], [ 38.272127, 54.1069301 ], [ 38.2749289, 54.1065359 ], [ 38.2774438, 54.1064352 ], [ 38.2782411, 54.1063236 ], [ 38.2791222, 54.1058734 ], [ 38.2805641, 54.1054778 ], [ 38.2818345, 54.1052896 ], [ 38.2835037, 54.1052677 ], [ 38.2851218, 54.105662 ], [ 38.2916308, 54.1015371 ], [ 38.2890786, 54.1007083 ], [ 38.2886519, 54.1002784 ], [ 38.2882203, 54.0981231 ], [ 38.2879871, 54.0970601 ], [ 38.2870186, 54.0961325 ], [ 38.2867956, 54.094635 ], [ 38.2882553, 54.0924119 ], [ 38.2882675, 54.0907093 ], [ 38.2887581, 54.0895788 ], [ 38.2875301, 54.0883268 ], [ 38.2875372, 54.0855033 ], [ 38.2881623, 54.0834118 ], [ 38.2898273, 54.0818327 ], [ 38.2905398, 54.0811569 ], [ 38.2923473, 54.0806 ], [ 38.2922977, 54.0798517 ], [ 38.292235, 54.0789048 ], [ 38.2926547, 54.0777794 ], [ 38.2932089, 54.0769561 ], [ 38.2950832, 54.0753836 ], [ 38.2992048, 54.0737975 ], [ 38.3004375, 54.0727444 ], [ 38.3040131, 54.0684172 ], [ 38.3060005, 54.0670856 ], [ 38.3080338, 54.066514 ], [ 38.3109846, 54.0651955 ], [ 38.3066614, 54.0625806 ], [ 38.3043734, 54.0610828 ], [ 38.2958609, 54.0657929 ], [ 38.2902098, 54.0695718 ], [ 38.2895965, 54.0704201 ], [ 38.2937314, 54.0714405 ], [ 38.2907094, 54.0741335 ], [ 38.2885358, 54.0767586 ], [ 38.2870114, 54.077462 ], [ 38.2856688, 54.0780755 ], [ 38.2837553, 54.0788082 ], [ 38.2783381, 54.0773857 ], [ 38.2762353, 54.0788764 ], [ 38.2668607, 54.0754581 ], [ 38.2658969, 54.0754067 ], [ 38.2636627, 54.0733505 ], [ 38.2689196, 54.0657158 ], [ 38.271329, 54.0653558 ], [ 38.2720737, 54.0662813 ], [ 38.2739136, 54.066307 ], [ 38.2740012, 54.0673868 ], [ 38.2796085, 54.066667 ], [ 38.280178, 54.0672068 ], [ 38.2984017, 54.0564083 ], [ 38.3062396, 54.0600883 ], [ 38.3084265, 54.0600883 ], [ 38.3101647, 54.0610098 ], [ 38.3148152, 54.0635081 ], [ 38.3222759, 54.0609831 ], [ 38.3234506, 54.0606105 ], [ 38.3258842, 54.0592905 ], [ 38.327098, 54.0587144 ], [ 38.3277997, 54.057423 ], [ 38.3284479, 54.0572157 ], [ 38.3291769, 54.0565237 ], [ 38.3291595, 54.0557271 ], [ 38.3290849, 54.0541034 ], [ 38.3280157, 54.052868 ], [ 38.3268612, 54.0508507 ], [ 38.3253236, 54.0489122 ], [ 38.3268927, 54.0481831 ], [ 38.3272475, 54.0466815 ], [ 38.3288853, 54.0440452 ], [ 38.3281123, 54.0440362 ], [ 38.3280027, 54.0437589 ], [ 38.3279401, 54.0430109 ], [ 38.3202478, 54.041225 ], [ 38.3209049, 54.0404533 ], [ 38.3208173, 54.0396044 ], [ 38.3201602, 54.0390384 ], [ 38.3200726, 54.0378551 ], [ 38.3255891, 54.0311496 ], [ 38.3349669, 54.0328382 ], [ 38.3353174, 54.0326839 ], [ 38.3363741, 54.0326823 ], [ 38.3388926, 54.0292158 ], [ 38.3389463, 54.0268463 ], [ 38.3391858, 54.0238136 ], [ 38.3397091, 54.0229516 ], [ 38.3407016, 54.0220914 ], [ 38.3421066, 54.0208082 ], [ 38.3427517, 54.0200196 ], [ 38.3426299, 54.0184865 ], [ 38.3426283, 54.0176757 ], [ 38.3428, 54.0172859 ], [ 38.3428078, 54.0169924 ], [ 38.3430623, 54.0165187 ], [ 38.3427549, 54.0164263 ], [ 38.3417041, 54.0161106 ], [ 38.3422282, 54.0153905 ], [ 38.3422872, 54.0150723 ], [ 38.3419423, 54.0140715 ], [ 38.3400981, 54.0129018 ], [ 38.3387473, 54.0123712 ], [ 38.3383605, 54.0116558 ], [ 38.3369656, 54.0107224 ], [ 38.3366372, 54.0106298 ], [ 38.334877, 54.0103059 ], [ 38.3347184, 54.0102834 ], [ 38.3342884, 54.0102223 ], [ 38.3336383, 54.0098088 ], [ 38.3247321, 54.0058282 ], [ 38.3254996, 54.0054811 ], [ 38.324011, 54.004071 ], [ 38.3231823, 54.0036528 ], [ 38.3224964, 54.0031403 ], [ 38.3224083, 54.0029618 ], [ 38.3210717, 54.0019542 ], [ 38.3202249, 54.0015244 ], [ 38.3212865, 54.0005411 ], [ 38.3197653, 53.9996305 ], [ 38.3206471, 53.9988991 ], [ 38.3204805, 53.9987954 ], [ 38.3194126, 53.9994059 ], [ 38.3149049, 53.9969413 ], [ 38.3136938, 53.9941881 ], [ 38.312754, 53.9920514 ], [ 38.3117315, 53.991649 ], [ 38.3110072, 53.9912394 ], [ 38.3053472, 53.9875316 ], [ 38.3032011, 53.9862759 ], [ 38.3070778, 53.9836715 ], [ 38.3074639, 53.9825079 ], [ 38.3075305, 53.9813598 ], [ 38.3073504, 53.9792224 ], [ 38.3056526, 53.979306 ], [ 38.3051893, 53.9793613 ], [ 38.3040282, 53.9795 ], [ 38.3025659, 53.9797918 ], [ 38.3009722, 53.9801437 ], [ 38.2996269, 53.980629 ], [ 38.2984534, 53.9812431 ], [ 38.2839271, 53.9751505 ], [ 38.2715758, 53.9855156 ], [ 38.270472, 53.9854593 ], [ 38.2687866, 53.9878078 ], [ 38.2663787, 53.9872344 ], [ 38.2656201, 53.9870537 ], [ 38.2642476, 53.9889612 ], [ 38.2624627, 53.9914419 ], [ 38.2615103, 53.9912854 ], [ 38.2565527, 53.9904707 ], [ 38.2536688, 53.9956086 ], [ 38.263678, 53.9982137 ], [ 38.2623285, 54.0004855 ], [ 38.2597272, 53.9994902 ], [ 38.2565627, 53.9985056 ], [ 38.2558541, 53.9988911 ], [ 38.2549745, 53.9989312 ], [ 38.2482903, 53.9973964 ], [ 38.2430321, 53.9961511 ], [ 38.2418984, 53.9982955 ], [ 38.2387859, 54.0027783 ], [ 38.2302467, 54.0108399 ], [ 38.2231079, 54.0175118 ], [ 38.2226996, 54.0179314 ], [ 38.2222793, 54.0181045 ], [ 38.2204956, 54.0182968 ], [ 38.2175575, 54.0199097 ], [ 38.2174764, 54.0202918 ], [ 38.2177325, 54.0207124 ], [ 38.2182479, 54.0210562 ], [ 38.2170378, 54.0218161 ], [ 38.2166503, 54.022076 ], [ 38.2166405, 54.0222278 ], [ 38.2147898, 54.0233908 ], [ 38.2128313, 54.0229463 ], [ 38.2110831, 54.0237 ], [ 38.2121489, 54.0246505 ], [ 38.2106908, 54.0250225 ], [ 38.2094362, 54.0255199 ], [ 38.2079908, 54.0259537 ], [ 38.2050798, 54.0268536 ], [ 38.2039804, 54.0259239 ], [ 38.2069292, 54.0248357 ], [ 38.2060674, 54.0229661 ], [ 38.2054586, 54.0229844 ], [ 38.2038223, 54.0229342 ], [ 38.2028937, 54.0230331 ], [ 38.2015251, 54.0234157 ], [ 38.200358, 54.0240251 ], [ 38.2003366, 54.02417 ], [ 38.2001488, 54.024378 ], [ 38.2002936, 54.0247183 ], [ 38.2007067, 54.0252099 ], [ 38.2007657, 54.0258559 ], [ 38.2008086, 54.0260639 ], [ 38.2013719, 54.0265996 ], [ 38.2021014, 54.027151 ], [ 38.2023858, 54.027589 ], [ 38.2024877, 54.028131 ], [ 38.2023858, 54.0285564 ], [ 38.2019459, 54.0288526 ], [ 38.2016723, 54.0292307 ], [ 38.2015865, 54.0294513 ], [ 38.2017045, 54.0297285 ], [ 38.2019566, 54.0301003 ], [ 38.2021444, 54.0303114 ], [ 38.202434, 54.0304249 ], [ 38.2025467, 54.0305383 ], [ 38.2032816, 54.0313544 ], [ 38.2039468, 54.03212 ], [ 38.2051966, 54.0330322 ], [ 38.2058344, 54.0335008 ], [ 38.206047, 54.0337994 ], [ 38.2060285, 54.0339677 ], [ 38.2059391, 54.034107 ], [ 38.2059854, 54.0341504 ], [ 38.2061856, 54.0342717 ], [ 38.2063674, 54.034288 ], [ 38.2065215, 54.0343223 ], [ 38.2067186, 54.0344472 ], [ 38.2068912, 54.0346263 ], [ 38.2070668, 54.0347639 ], [ 38.2074704, 54.0350299 ], [ 38.2080466, 54.0353917 ], [ 38.2084656, 54.0355944 ], [ 38.2088292, 54.0357826 ], [ 38.2089863, 54.0359617 ], [ 38.2090756, 54.036054 ], [ 38.2091034, 54.0362295 ], [ 38.2091465, 54.0363526 ], [ 38.209242, 54.0365842 ], [ 38.2094084, 54.0367054 ], [ 38.2094885, 54.0367362 ], [ 38.2097812, 54.0366783 ], [ 38.2103604, 54.0364629 ], [ 38.2109181, 54.0363634 ], [ 38.2115097, 54.0361644 ], [ 38.211864, 54.0360631 ], [ 38.2125788, 54.0359255 ], [ 38.2130687, 54.0358821 ], [ 38.213688, 54.0359002 ], [ 38.2137835, 54.0359527 ], [ 38.2138174, 54.0360124 ], [ 38.2138266, 54.0360974 ], [ 38.2137496, 54.0362567 ], [ 38.2135308, 54.0364014 ], [ 38.2132227, 54.0365208 ], [ 38.2126774, 54.0366493 ], [ 38.2123446, 54.0367886 ], [ 38.2121166, 54.0369135 ], [ 38.2117716, 54.0370419 ], [ 38.2109921, 54.0373314 ], [ 38.2107302, 54.0374599 ], [ 38.2107086, 54.0375504 ], [ 38.2108869, 54.0378458 ], [ 38.210962, 54.0380475 ], [ 38.2109298, 54.038416 ], [ 38.2110585, 54.0391563 ], [ 38.2110264, 54.0398746 ], [ 38.2110478, 54.040514 ], [ 38.2111873, 54.0407471 ], [ 38.2113053, 54.0410117 ], [ 38.211198, 54.0414968 ], [ 38.2111015, 54.0417646 ], [ 38.2109298, 54.0420071 ], [ 38.2108601, 54.0424639 ], [ 38.209696, 54.0446435 ], [ 38.2096477, 54.0449617 ], [ 38.2097228, 54.0453207 ], [ 38.209932, 54.0456924 ], [ 38.2103022, 54.0461176 ], [ 38.2107689, 54.0464798 ], [ 38.2112521, 54.0468066 ], [ 38.2130677, 54.0477122 ], [ 38.2135455, 54.0479158 ], [ 38.2136871, 54.048109 ], [ 38.2139065, 54.0484436 ], [ 38.2141483, 54.0488395 ], [ 38.2117611, 54.0496282 ], [ 38.2110653, 54.0499725 ], [ 38.2101517, 54.0504246 ], [ 38.2059905, 54.047553 ], [ 38.2062044, 54.0400172 ], [ 38.2061603, 54.0385319 ], [ 38.2051854, 54.0372229 ], [ 38.2045546, 54.0360086 ], [ 38.2019613, 54.034218 ], [ 38.2008047, 54.0336417 ], [ 38.2001038, 54.0330654 ], [ 38.1995431, 54.0324685 ], [ 38.1991576, 54.0320156 ], [ 38.1987752, 54.0312121 ], [ 38.198188, 54.0309257 ], [ 38.196354, 54.03111 ], [ 38.1942162, 54.0310894 ], [ 38.194882, 54.0337034 ], [ 38.1969497, 54.0336005 ], [ 38.1981763, 54.0363585 ], [ 38.197931, 54.0369348 ], [ 38.1991927, 54.0396102 ], [ 38.2004893, 54.0404952 ], [ 38.1998936, 54.0407627 ], [ 38.2001389, 54.0416064 ], [ 38.1854559, 54.0399544 ], [ 38.1843333, 54.0386841 ], [ 38.1798475, 54.0378198 ], [ 38.1748136, 54.0373534 ], [ 38.1663289, 54.0365673 ], [ 38.157517, 54.0357509 ], [ 38.1523017, 54.0352677 ], [ 38.1544745, 54.0393221 ], [ 38.1557361, 54.0408656 ], [ 38.1580491, 54.0425119 ], [ 38.1584697, 54.0432115 ], [ 38.1585047, 54.0453104 ], [ 38.1572781, 54.046689 ], [ 38.155631, 54.0496519 ], [ 38.1564721, 54.0505983 ], [ 38.1585398, 54.0505366 ], [ 38.1599766, 54.0502074 ], [ 38.1600467, 54.0515653 ], [ 38.1604673, 54.0517299 ], [ 38.1616939, 54.0508452 ], [ 38.1628854, 54.0512567 ], [ 38.1636564, 54.0512361 ], [ 38.1651984, 54.0516887 ], [ 38.1657942, 54.0511538 ], [ 38.1689483, 54.0520796 ], [ 38.168703, 54.0524705 ], [ 38.1689133, 54.0529643 ], [ 38.1689483, 54.0532112 ], [ 38.1683175, 54.0544044 ], [ 38.1684647, 54.0551285 ], [ 38.169446, 54.0557375 ], [ 38.1709039, 54.0558527 ], [ 38.1729225, 54.0567249 ], [ 38.1769387, 54.0578604 ], [ 38.1779259, 54.0579387 ], [ 38.1795321, 54.0580661 ], [ 38.1801629, 54.0583541 ], [ 38.1806185, 54.0582307 ], [ 38.1805134, 54.0577575 ], [ 38.1807587, 54.0574901 ], [ 38.1814946, 54.0574078 ], [ 38.1816699, 54.0570376 ], [ 38.1812844, 54.0568113 ], [ 38.1812493, 54.056441 ], [ 38.1817049, 54.0555564 ], [ 38.181004, 54.0553096 ], [ 38.1821396, 54.0539282 ], [ 38.1825596, 54.0540298 ], [ 38.1830717, 54.0533552 ], [ 38.1820241, 54.0530819 ], [ 38.1815193, 54.0537469 ], [ 38.1818451, 54.0538489 ], [ 38.1804635, 54.055425 ], [ 38.1783756, 54.0549393 ], [ 38.1783055, 54.0546101 ], [ 38.1765182, 54.0541369 ], [ 38.1773943, 54.0525528 ], [ 38.1820904, 54.0487055 ], [ 38.183411, 54.0492427 ], [ 38.1872293, 54.051813 ], [ 38.1887797, 54.0525714 ], [ 38.19033, 54.0538691 ], [ 38.1906888, 54.0546359 ], [ 38.1908037, 54.05531 ], [ 38.2075741, 54.0571208 ], [ 38.2075309, 54.057877 ], [ 38.206684, 54.0577759 ], [ 38.2051423, 54.0590431 ], [ 38.2048717, 54.0590028 ], [ 38.2042459, 54.0589645 ], [ 38.2035424, 54.0589282 ], [ 38.2026774, 54.0603285 ], [ 38.2014618, 54.0620278 ], [ 38.1994341, 54.0646413 ], [ 38.1969912, 54.0671631 ], [ 38.1935382, 54.0660378 ], [ 38.1910436, 54.0658072 ], [ 38.1915055, 54.0636932 ], [ 38.1894028, 54.0625825 ], [ 38.1814474, 54.0629733 ], [ 38.1781532, 54.0620888 ], [ 38.1773822, 54.0622534 ], [ 38.1740178, 54.0652151 ], [ 38.1726159, 54.065174 ], [ 38.1745084, 54.0635698 ], [ 38.1757, 54.0619449 ], [ 38.173457, 54.0619449 ], [ 38.1732818, 54.0624179 ], [ 38.1707235, 54.0624591 ], [ 38.1705833, 54.0630761 ], [ 38.1686558, 54.0631173 ], [ 38.1668003, 54.0651111 ], [ 38.1658872, 54.0633435 ], [ 38.1648709, 54.0632407 ], [ 38.1643802, 54.0629321 ], [ 38.1586328, 54.0614924 ], [ 38.1487247, 54.0674007 ], [ 38.146967, 54.0665801 ], [ 38.1369489, 54.0628557 ], [ 38.133397, 54.0627774 ], [ 38.1325773, 54.0643466 ], [ 38.1344741, 54.0663174 ], [ 38.1345643, 54.0671901 ] ], [ [ 38.2328664, 54.0140788 ], [ 38.2338652, 54.0129557 ], [ 38.2354465, 54.0115746 ], [ 38.2360686, 54.0113055 ], [ 38.2382979, 54.0090663 ], [ 38.2396396, 54.0079695 ], [ 38.2409352, 54.0084137 ], [ 38.2406996, 54.0086631 ], [ 38.2411152, 54.0088145 ], [ 38.2418073, 54.0082083 ], [ 38.2425026, 54.0084422 ], [ 38.2428324, 54.0085598 ], [ 38.2424191, 54.0089502 ], [ 38.2425142, 54.0089809 ], [ 38.2425753, 54.0089199 ], [ 38.2431527, 54.0091335 ], [ 38.2435724, 54.0093068 ], [ 38.245236, 54.0099952 ], [ 38.2455706, 54.0096454 ], [ 38.2458778, 54.0097535 ], [ 38.2455387, 54.0101018 ], [ 38.2471735, 54.0106112 ], [ 38.2474154, 54.0104893 ], [ 38.2490226, 54.011053 ], [ 38.249405, 54.0110698 ], [ 38.250627, 54.0107036 ], [ 38.2526343, 54.0097449 ], [ 38.2524356, 54.0101794 ], [ 38.2514946, 54.0107179 ], [ 38.250847, 54.0112637 ], [ 38.2504682, 54.0119889 ], [ 38.2504193, 54.0122977 ], [ 38.2509203, 54.0127213 ], [ 38.2511459, 54.0131665 ], [ 38.2425723, 54.0130904 ], [ 38.2423737, 54.0134005 ], [ 38.2418639, 54.0137102 ], [ 38.2366775, 54.0154944 ], [ 38.2346316, 54.0163554 ], [ 38.2332196, 54.0167005 ], [ 38.2325173, 54.0157481 ], [ 38.2338393, 54.0144636 ], [ 38.2328664, 54.0140788 ] ], [ [ 38.2138273, 54.0359581 ], [ 38.2137461, 54.0358834 ], [ 38.2138509, 54.0357289 ], [ 38.2141386, 54.0356394 ], [ 38.2166599, 54.0352059 ], [ 38.2171629, 54.0350562 ], [ 38.2174789, 54.0350297 ], [ 38.2174733, 54.0351059 ], [ 38.2177498, 54.0350595 ], [ 38.2185284, 54.034811 ], [ 38.2188782, 54.0347911 ], [ 38.2193392, 54.0348633 ], [ 38.2197025, 54.0348393 ], [ 38.2207798, 54.0343332 ], [ 38.2215857, 54.0337287 ], [ 38.2223757, 54.0330726 ], [ 38.2231098, 54.0327398 ], [ 38.2238599, 54.0325289 ], [ 38.2248653, 54.0324211 ], [ 38.2255515, 54.0322665 ], [ 38.224443, 54.0315217 ], [ 38.2258596, 54.0309998 ], [ 38.2257813, 54.0308351 ], [ 38.2222869, 54.0284475 ], [ 38.2224305, 54.0283069 ], [ 38.2217225, 54.0277824 ], [ 38.2224146, 54.0274351 ], [ 38.2233083, 54.0272945 ], [ 38.2241344, 54.0270124 ], [ 38.2264462, 54.0292696 ], [ 38.2274251, 54.0290634 ], [ 38.2294262, 54.0282792 ], [ 38.2354742, 54.0259171 ], [ 38.2370803, 54.0271042 ], [ 38.2370803, 54.027273 ], [ 38.2408148, 54.0264949 ], [ 38.2416127, 54.0264199 ], [ 38.2419798, 54.0264293 ], [ 38.2422351, 54.0267667 ], [ 38.2419638, 54.0269917 ], [ 38.2415648, 54.027048 ], [ 38.2399211, 54.0269824 ], [ 38.2382454, 54.0272073 ], [ 38.2365349, 54.0277913 ], [ 38.2366414, 54.0278725 ], [ 38.2367881, 54.0279454 ], [ 38.2367543, 54.0279985 ], [ 38.2368389, 54.0280846 ], [ 38.2364863, 54.0282686 ], [ 38.2363191, 54.0281413 ], [ 38.2346892, 54.0290557 ], [ 38.2332342, 54.0300758 ], [ 38.2327874, 54.030507 ], [ 38.2325532, 54.0304707 ], [ 38.2316676, 54.0305811 ], [ 38.2299067, 54.0319447 ], [ 38.2256072, 54.0346488 ], [ 38.2243611, 54.0353405 ], [ 38.2257708, 54.035792 ], [ 38.2247947, 54.0358351 ], [ 38.2235703, 54.0354739 ], [ 38.2230907, 54.0352651 ], [ 38.2227521, 54.0354706 ], [ 38.223401, 54.0358649 ], [ 38.2232339, 54.0359885 ], [ 38.2226586, 54.0356879 ], [ 38.222557, 54.0357277 ], [ 38.2223483, 54.0356117 ], [ 38.2218461, 54.035963 ], [ 38.2220097, 54.0360624 ], [ 38.2212988, 54.0364534 ], [ 38.2208192, 54.036185 ], [ 38.2198487, 54.0366025 ], [ 38.2196061, 54.0364401 ], [ 38.2192957, 54.0365893 ], [ 38.2190644, 54.0364103 ], [ 38.2186807, 54.0365959 ], [ 38.2183083, 54.0365263 ], [ 38.2171629, 54.0370664 ], [ 38.2163777, 54.037313 ], [ 38.215837, 54.0367582 ], [ 38.2166043, 54.0365097 ], [ 38.2163278, 54.0361883 ], [ 38.2161247, 54.0361717 ], [ 38.215583, 54.0362977 ], [ 38.2155379, 54.0362314 ], [ 38.2153179, 54.036291 ], [ 38.2154307, 54.0364401 ], [ 38.215363, 54.0365263 ], [ 38.2151348, 54.0366049 ], [ 38.2128447, 54.0372047 ], [ 38.2126053, 54.0372844 ], [ 38.2125039, 54.0372356 ], [ 38.2120108, 54.0369983 ], [ 38.2137208, 54.0363572 ], [ 38.2138841, 54.036145 ], [ 38.2138273, 54.0359581 ] ], [ [ 38.3156322, 54.052077 ], [ 38.3158439, 54.0513329 ], [ 38.315986, 54.0511281 ], [ 38.316552, 54.0497079 ], [ 38.3168203, 54.04933 ], [ 38.3169283, 54.0489591 ], [ 38.3171585, 54.0484657 ], [ 38.3175469, 54.0476195 ], [ 38.3189278, 54.0452591 ], [ 38.3196427, 54.0438068 ], [ 38.3200516, 54.0429762 ], [ 38.3201408, 54.0427094 ], [ 38.3199873, 54.0422101 ], [ 38.3239108, 54.0435249 ], [ 38.3242332, 54.0436523 ], [ 38.3243358, 54.0437489 ], [ 38.3244753, 54.0439316 ], [ 38.3244323, 54.0443599 ], [ 38.3239389, 54.0459159 ], [ 38.323338, 54.0477616 ], [ 38.3226192, 54.0492229 ], [ 38.3222115, 54.0509235 ], [ 38.32185, 54.0522358 ], [ 38.31838, 54.0550755 ], [ 38.3139121, 54.0539352 ], [ 38.3156322, 54.052077 ] ], [ [ 38.2357694, 54.0583212 ], [ 38.2368166, 54.0589719 ], [ 38.23756, 54.0587073 ], [ 38.2380187, 54.0584334 ], [ 38.2387147, 54.0588002 ], [ 38.2408817, 54.0575793 ], [ 38.2410939, 54.0576611 ], [ 38.2415767, 54.0574092 ], [ 38.246288, 54.0595465 ], [ 38.2458642, 54.0598487 ], [ 38.2455262, 54.0602234 ], [ 38.2454136, 54.0604564 ], [ 38.2453814, 54.0607744 ], [ 38.2455101, 54.0622605 ], [ 38.2439454, 54.0634718 ], [ 38.243634, 54.0638706 ], [ 38.2434561, 54.0641902 ], [ 38.2430034, 54.0651496 ], [ 38.2391014, 54.0662811 ], [ 38.2389051, 54.0661986 ], [ 38.2386982, 54.0661262 ], [ 38.2384971, 54.0661215 ], [ 38.2382879, 54.0661766 ], [ 38.2327897, 54.0678354 ], [ 38.2322087, 54.0673226 ], [ 38.2321991, 54.0669479 ], [ 38.2318102, 54.066745 ], [ 38.2317077, 54.0666305 ], [ 38.2316681, 54.0665469 ], [ 38.2316854, 54.0664379 ], [ 38.2317789, 54.0663334 ], [ 38.2318738, 54.0662313 ], [ 38.2321189, 54.0660549 ], [ 38.2335188, 54.065136 ], [ 38.2329335, 54.0647368 ], [ 38.2323404, 54.0648111 ], [ 38.2316207, 54.0648993 ], [ 38.2311224, 54.064955 ], [ 38.2308615, 54.0649735 ], [ 38.2303, 54.0649457 ], [ 38.2297938, 54.0648668 ], [ 38.229256, 54.0646858 ], [ 38.2286725, 54.0644367 ], [ 38.2282991, 54.0642773 ], [ 38.2357694, 54.0583212 ] ] ], [ [ [ 38.4668418, 54.0700306 ], [ 38.4673222, 54.0709232 ], [ 38.4678828, 54.0727295 ], [ 38.4681333, 54.0734481 ], [ 38.4688676, 54.0753563 ], [ 38.4693012, 54.0759136 ], [ 38.4725994, 54.0756454 ], [ 38.4733844, 54.0755953 ], [ 38.4733846, 54.0750074 ], [ 38.4737872, 54.0748422 ], [ 38.4770195, 54.0750035 ], [ 38.4810631, 54.0755716 ], [ 38.4858039, 54.0758684 ], [ 38.4891037, 54.0758312 ], [ 38.4897263, 54.0755332 ], [ 38.4900927, 54.074799 ], [ 38.4908255, 54.0733757 ], [ 38.4911396, 54.0725464 ], [ 38.4934945, 54.0682463 ], [ 38.4937176, 54.0670713 ], [ 38.4938216, 54.0629144 ], [ 38.4888981, 54.0619987 ], [ 38.4843066, 54.0620773 ], [ 38.4833602, 54.061719 ], [ 38.4833879, 54.061567 ], [ 38.4830363, 54.061442 ], [ 38.4824626, 54.0614203 ], [ 38.4818641, 54.0613019 ], [ 38.4803806, 54.0615615 ], [ 38.4784466, 54.0617788 ], [ 38.4755173, 54.061872 ], [ 38.4759264, 54.0614144 ], [ 38.4760282, 54.0610125 ], [ 38.4745152, 54.0610397 ], [ 38.4744289, 54.0622127 ], [ 38.4716837, 54.0623513 ], [ 38.4700158, 54.0628453 ], [ 38.4694552, 54.0629214 ], [ 38.4671976, 54.0628054 ], [ 38.4674201, 54.0631664 ], [ 38.4679043, 54.0634966 ], [ 38.4686713, 54.0638349 ], [ 38.467564, 54.0650864 ], [ 38.4677996, 54.0651709 ], [ 38.466949, 54.0661232 ], [ 38.4665041, 54.0660387 ], [ 38.4648071, 54.0679801 ], [ 38.4668418, 54.0700306 ] ] ] ] } },
{ "type": "Feature", "properties": { "element": "relation", "id": 2131479, "addr:country": "RU", "addr:region": "Тульская область", "name": "Узловая", "name:ar": "أوزلوفايا", "name:az": "Uzlovaya", "name:de": "Uslowaja", "name:diq": null, "name:en": "Uzlovaya", "name:eo": "Uzlovaja", "name:es": "Uzlovaya", "name:fa": "اوزلووایا", "name:fi": null, "name:fr": "Ouzlovaïa", "name:hr": "Uzlovaja", "name:it": "Uzlovaja", "name:ja": "ウズロヴァヤ", "name:ko": "우즐로바야", "name:nn": "Uzlovaja", "name:no": "Uzlovaja", "name:pl": "Uzłowaja", "name:pt": "Uzlovaia", "name:ru": "Узловая", "name:tl": "Uzlovaya", "name:war": "Uzlovaya", "name:zh": "烏茲洛瓦亞", "official_status": null, "place": "city", "population": 51358.0, "population:date": null, "wikidata": null, "wikipedia": null, "addr:district": "Узловский район", "start_date": null, "addr:subdistrict": null, "name:ca": null, "name:et": "Uzlovaja", "name:id": null, "name:lt": null, "name:ro": "Uzlovaya", "source": null, "addr:postcode": null, "name:hsb": null, "name:nl": null, "name:pnb": "اوزلووایا", "name:sr": "Узловаја", "name:sv": null, "name:tt": null, "name:uk": null, "name:vi": null, "admin_level": null, "capital": null, "contact:website": null, "int_name": null, "is_in:country": null, "is_in:country_code": null, "name:be": null, "name:bn": null, "name:eu": null, "name:he": null, "name:hu": null, "name:ml": null, "name:ru:word_stress": null, "name:sk": null, "name:sr-Latn": null, "name:zh-Hant": null, "wikimedia_commons": null, "addr:city": null, "website": null, "name:be-tarask": null, "name:bg": null, "description": null, "name:io": null, "alt_name": null, "landuse": null, "is_in": null, "type": "multipolygon", "ele": null, "name:pa": null, "tourism": 7, "leisure": 60, "healthcare": 13 }, "geometry": { "type": "Polygon", "coordinates": [ [ [ 38.0455257, 54.0213116 ], [ 38.0528024, 54.0223971 ], [ 38.0575063, 54.0226323 ], [ 38.0571858, 54.0235297 ], [ 38.0593499, 54.0236035 ], [ 38.0610665, 54.0233451 ], [ 38.0629976, 54.0229354 ], [ 38.0650361, 54.0225131 ], [ 38.0662519, 54.0223243 ], [ 38.0713093, 54.0216905 ], [ 38.0741204, 54.0213818 ], [ 38.0799998, 54.0207955 ], [ 38.0875529, 54.0202092 ], [ 38.0918458, 54.0198118 ], [ 38.0932392, 54.0196987 ], [ 38.0948177, 54.019484 ], [ 38.1000948, 54.0170323 ], [ 38.1008756, 54.0161032 ], [ 38.1012857, 54.0158598 ], [ 38.1053842, 54.013767 ], [ 38.1060601, 54.0135275 ], [ 38.1095684, 54.0117559 ], [ 38.1115992, 54.0106811 ], [ 38.1120267, 54.0109359 ], [ 38.1117262, 54.0111692 ], [ 38.1127241, 54.0114591 ], [ 38.1145157, 54.0099965 ], [ 38.1170907, 54.008269 ], [ 38.1195905, 54.0063774 ], [ 38.1246775, 54.0036376 ], [ 38.1267509, 54.0030531 ], [ 38.1284759, 54.0029634 ], [ 38.1352546, 54.0028904 ], [ 38.1460316, 54.0021462 ], [ 38.1487983, 54.0016352 ], [ 38.1512053, 53.9999937 ], [ 38.153168, 54.0013308 ], [ 38.1545654, 54.0021265 ], [ 38.1566552, 54.0028629 ], [ 38.1593699, 54.0033613 ], [ 38.1628454, 54.0037333 ], [ 38.1665146, 54.0040549 ], [ 38.1753874, 54.0047801 ], [ 38.178606, 54.0050639 ], [ 38.1787348, 54.0044894 ], [ 38.1797004, 54.00449 ], [ 38.1797, 54.0032919 ], [ 38.1795073, 54.0032852 ], [ 38.179754, 54.0011418 ], [ 38.1797116, 54.0006975 ], [ 38.1791641, 54.000612 ], [ 38.1791961, 54.0002335 ], [ 38.1826049, 53.9991077 ], [ 38.185636, 53.9943193 ], [ 38.1943006, 53.9961003 ], [ 38.1956912, 53.9963424 ], [ 38.2006, 53.9983062 ], [ 38.1994664, 53.9994522 ], [ 38.1998618, 53.9996994 ], [ 38.2030288, 53.9984187 ], [ 38.2059727, 53.9968159 ], [ 38.2062384, 53.9938876 ], [ 38.205718, 53.9930825 ], [ 38.2056809, 53.9927884 ], [ 38.2054578, 53.9923822 ], [ 38.2049962, 53.9920935 ], [ 38.204375, 53.9916486 ], [ 38.2041971, 53.9914245 ], [ 38.2040675, 53.991142 ], [ 38.2042902, 53.9908296 ], [ 38.204327, 53.990628 ], [ 38.2041496, 53.9904016 ], [ 38.2039071, 53.9902872 ], [ 38.2035662, 53.9902153 ], [ 38.2034222, 53.9900821 ], [ 38.2032033, 53.9899291 ], [ 38.202891, 53.9897769 ], [ 38.2027361, 53.9896057 ], [ 38.2026111, 53.9894245 ], [ 38.2028552, 53.9892322 ], [ 38.2029598, 53.9890634 ], [ 38.2032817, 53.9889499 ], [ 38.2032817, 53.9887228 ], [ 38.2034748, 53.9883317 ], [ 38.2035157, 53.9882358 ], [ 38.2032441, 53.987917 ], [ 38.203448, 53.9876441 ], [ 38.203602, 53.9874833 ], [ 38.2036218, 53.9874692 ], [ 38.2037144, 53.9874022 ], [ 38.203625, 53.9872215 ], [ 38.203961, 53.9869505 ], [ 38.2040166, 53.9867972 ], [ 38.2041908, 53.986734 ], [ 38.2040448, 53.9865996 ], [ 38.2039692, 53.9865249 ], [ 38.2035352, 53.9865556 ], [ 38.2031484, 53.986282 ], [ 38.2030251, 53.9861875 ], [ 38.2032403, 53.9860024 ], [ 38.2013491, 53.9839889 ], [ 38.1988865, 53.9796599 ], [ 38.1973027, 53.9759488 ], [ 38.197195, 53.9748284 ], [ 38.1980484, 53.9747309 ], [ 38.2017406, 53.9744437 ], [ 38.2017264, 53.9743871 ], [ 38.2011651, 53.9723488 ], [ 38.2004945, 53.9724025 ], [ 38.1998615, 53.9706765 ], [ 38.2005643, 53.9698277 ], [ 38.200053, 53.9675166 ], [ 38.196888, 53.9676555 ], [ 38.1963622, 53.9677438 ], [ 38.1960833, 53.9672894 ], [ 38.1956, 53.9674025 ], [ 38.1947967, 53.9674017 ], [ 38.1940523, 53.967212 ], [ 38.1924131, 53.9661994 ], [ 38.190769, 53.9648283 ], [ 38.1889642, 53.9644407 ], [ 38.1874, 53.9642454 ], [ 38.1825935, 53.962131 ], [ 38.1756983, 53.958015 ], [ 38.1725199, 53.9561719 ], [ 38.1661517, 53.9446057 ], [ 38.1649235, 53.9429619 ], [ 38.1623649, 53.9391925 ], [ 38.1622576, 53.9372473 ], [ 38.1627189, 53.9343546 ], [ 38.1580626, 53.9341335 ], [ 38.1569191, 53.9328128 ], [ 38.1553268, 53.931468 ], [ 38.1528377, 53.9301983 ], [ 38.1511211, 53.9318217 ], [ 38.1526553, 53.9359588 ], [ 38.1537818, 53.9384536 ], [ 38.1519731, 53.9387877 ], [ 38.1508421, 53.9391609 ], [ 38.1494733, 53.9400508 ], [ 38.1491554, 53.9412413 ], [ 38.1485867, 53.9413802 ], [ 38.1503248, 53.9448534 ], [ 38.1484316, 53.9451727 ], [ 38.1485338, 53.9474032 ], [ 38.1490767, 53.95006 ], [ 38.1518045, 53.949447 ], [ 38.1582856, 53.9485157 ], [ 38.1610319, 53.9551 ], [ 38.1570462, 53.9555401 ], [ 38.1565643, 53.9566279 ], [ 38.1538195, 53.9569308 ], [ 38.1537098, 53.9577269 ], [ 38.1533396, 53.9579484 ], [ 38.1530303, 53.958264 ], [ 38.1529445, 53.9585071 ], [ 38.1524081, 53.9589016 ], [ 38.1502462, 53.9588337 ], [ 38.1492519, 53.9590399 ], [ 38.148205, 53.9590736 ], [ 38.1480181, 53.9589262 ], [ 38.148061, 53.9584844 ], [ 38.1480332, 53.9581788 ], [ 38.1475804, 53.9577585 ], [ 38.1463337, 53.9576574 ], [ 38.145504, 53.9576075 ], [ 38.146044, 53.9546967 ], [ 38.144896, 53.9545515 ], [ 38.1435871, 53.9546462 ], [ 38.1392634, 53.9587369 ], [ 38.1365275, 53.9613312 ], [ 38.1358838, 53.9621392 ], [ 38.1355297, 53.9629155 ], [ 38.1341565, 53.968539 ], [ 38.1344247, 53.970527 ], [ 38.1364632, 53.9742375 ], [ 38.1374395, 53.9741428 ], [ 38.1377077, 53.9750326 ], [ 38.1402182, 53.9751146 ], [ 38.141098, 53.975184 ], [ 38.1416081, 53.9768822 ], [ 38.1423913, 53.9789888 ], [ 38.1418376, 53.9791226 ], [ 38.1421764, 53.980583 ], [ 38.1408171, 53.9809795 ], [ 38.1411972, 53.981474 ], [ 38.1386731, 53.981955 ], [ 38.1390845, 53.982689 ], [ 38.1352872, 53.983256 ], [ 38.1359639, 53.9846533 ], [ 38.1350713, 53.984857 ], [ 38.1349289, 53.9846573 ], [ 38.1341828, 53.9847188 ], [ 38.1331938, 53.9847958 ], [ 38.1325794, 53.9838444 ], [ 38.1311259, 53.9840739 ], [ 38.129793, 53.9844706 ], [ 38.1303523, 53.9852142 ], [ 38.1293551, 53.9855134 ], [ 38.1283193, 53.9860655 ], [ 38.1272836, 53.9862422 ], [ 38.1273913, 53.9865797 ], [ 38.1261214, 53.9867625 ], [ 38.1216681, 53.9872005 ], [ 38.1205261, 53.9875846 ], [ 38.1185016, 53.9894371 ], [ 38.1167164, 53.9907434 ], [ 38.1148318, 53.9922221 ], [ 38.1159577, 53.9926321 ], [ 38.1167322, 53.9921091 ], [ 38.1182, 53.9918123 ], [ 38.1189457, 53.9919337 ], [ 38.1208316, 53.9934755 ], [ 38.1235249, 53.9922893 ], [ 38.1215075, 53.990628 ], [ 38.1221792, 53.990375 ], [ 38.1237539, 53.9904074 ], [ 38.1291355, 53.9905508 ], [ 38.1310364, 53.9910759 ], [ 38.1318682, 53.9929328 ], [ 38.1307997, 53.9933602 ], [ 38.1286365, 53.9942646 ], [ 38.128698, 53.9943322 ], [ 38.1271066, 53.9949671 ], [ 38.1250235, 53.995637 ], [ 38.1228322, 53.9959277 ], [ 38.1189255, 53.9975052 ], [ 38.1227499, 54.0001763 ], [ 38.1112353, 54.0052648 ], [ 38.1034425, 54.0076123 ], [ 38.0930194, 54.0106107 ], [ 38.0767753, 54.0152135 ], [ 38.0708882, 54.016053 ], [ 38.0655865, 54.0163418 ], [ 38.0633669, 54.0165224 ], [ 38.0573601, 54.016866 ], [ 38.0513352, 54.017193 ], [ 38.0510073, 54.0177353 ], [ 38.0509089, 54.0177368 ], [ 38.0422829, 54.0183546 ], [ 38.0455257, 54.0213116 ] ] ] } },
{ "type": "Feature", "properties": { "element": "relation", "id": 2218306, "addr:country": "RU", "addr:region": "Тульская область", "name": "Брусянский", "name:ar": null, "name:az": null, "name:de": null, "name:diq": null, "name:en": "Brusyanskiy", "name:eo": null, "name:es": null, "name:fa": null, "name:fi": null, "name:fr": null, "name:hr": null, "name:it": null, "name:ja": null, "name:ko": null, "name:nn": null, "name:no": null, "name:pl": null, "name:pt": null, "name:ru": "Брусянский", "name:tl": null, "name:war": null, "name:zh": null, "official_status": null, "place": "town", "population": null, "population:date": null, "wikidata": null, "wikipedia": null, "addr:district": "Узловский район", "start_date": null, "addr:subdistrict": null, "name:ca": null, "name:et": null, "name:id": null, "name:lt": null, "name:ro": null, "source": null, "addr:postcode": null, "name:hsb": null, "name:nl": null, "name:pnb": null, "name:sr": null, "name:sv": null, "name:tt": null, "name:uk": null, "name:vi": null, "admin_level": null, "capital": null, "contact:website": null, "int_name": null, "is_in:country": null, "is_in:country_code": null, "name:be": null, "name:bn": null, "name:eu": null, "name:he": null, "name:hu": null, "name:ml": null, "name:ru:word_stress": null, "name:sk": null, "name:sr-Latn": null, "name:zh-Hant": null, "wikimedia_commons": null, "addr:city": null, "website": null, "name:be-tarask": null, "name:bg": null, "description": null, "name:io": null, "alt_name": null, "landuse": null, "is_in": null, "type": "multipolygon", "ele": null, "name:pa": null, "tourism": 0, "leisure": 0, "healthcare": 0 }, "geometry": { "type": "Polygon", "coordinates": [ [ [ 38.0785627, 54.0032465 ], [ 38.0931307, 54.0037243 ], [ 38.0969416, 54.0059066 ], [ 38.1004113, 54.0073857 ], [ 38.1027164, 54.0064672 ], [ 38.1054891, 54.0024025 ], [ 38.1029181, 54.0006665 ], [ 38.102793, 53.9973425 ], [ 38.1030361, 53.9963719 ], [ 38.102817, 53.9957595 ], [ 38.1022875, 53.9958099 ], [ 38.1004697, 53.9957693 ], [ 38.099776, 53.995192 ], [ 38.0980174, 53.992844 ], [ 38.0987875, 53.9913202 ], [ 38.0991125, 53.98886 ], [ 38.0952867, 53.9888835 ], [ 38.0951865, 53.9888717 ], [ 38.0943026, 53.9878006 ], [ 38.0939418, 53.9874742 ], [ 38.0937346, 53.9872868 ], [ 38.0908894, 53.9874228 ], [ 38.090671, 53.9849571 ], [ 38.0889163, 53.9851727 ], [ 38.0870504, 53.9897723 ], [ 38.0867527, 53.991664 ], [ 38.0830906, 53.9909932 ], [ 38.0824994, 53.9912219 ], [ 38.0825532, 53.9918593 ], [ 38.0826897, 53.9946394 ], [ 38.0824851, 53.9964653 ], [ 38.0812724, 53.9982749 ], [ 38.0789755, 54.0006902 ], [ 38.0786706, 54.002138 ], [ 38.0785627, 54.0032465 ] ] ] } },
{ "type": "Feature", "properties": { "element": "relation", "id": 2435978, "addr:country": "RU", "addr:region": "Тульская область", "name": "Чернь", "name:ar": null, "name:az": null, "name:de": null, "name:diq": null, "name:en": null, "name:eo": null, "name:es": null, "name:fa": null, "name:fi": null, "name:fr": null, "name:hr": null, "name:it": null, "name:ja": null, "name:ko": null, "name:nn": null, "name:no": null, "name:pl": null, "name:pt": null, "name:ru": null, "name:tl": null, "name:war": null, "name:zh": null, "official_status": null, "place": "town", "population": null, "population:date": null, "wikidata": null, "wikipedia": null, "addr:district": "Чернский район", "start_date": null, "addr:subdistrict": null, "name:ca": null, "name:et": null, "name:id": null, "name:lt": null, "name:ro": null, "source": null, "addr:postcode": null, "name:hsb": null, "name:nl": null, "name:pnb": null, "name:sr": null, "name:sv": null, "name:tt": null, "name:uk": null, "name:vi": null, "admin_level": null, "capital": null, "contact:website": null, "int_name": null, "is_in:country": null, "is_in:country_code": null, "name:be": null, "name:bn": null, "name:eu": null, "name:he": null, "name:hu": null, "name:ml": null, "name:ru:word_stress": null, "name:sk": null, "name:sr-Latn": null, "name:zh-Hant": null, "wikimedia_commons": null, "addr:city": null, "website": null, "name:be-tarask": null, "name:bg": null, "description": null, "name:io": null, "alt_name": null, "landuse": null, "is_in": null, "type": "multipolygon", "ele": null, "name:pa": null, "tourism": 0, "leisure": 0, "healthcare": 0 }, "geometry": { "type": "Polygon", "coordinates": [ [ [ 36.8948501, 53.4470212 ], [ 36.8940555, 53.4471111 ], [ 36.8933302, 53.4457996 ], [ 36.8923515, 53.4458159 ], [ 36.8915521, 53.4474124 ], [ 36.8893885, 53.4470532 ], [ 36.8890111, 53.4474746 ], [ 36.8865984, 53.4472988 ], [ 36.8747629, 53.4500704 ], [ 36.8737624, 53.4515243 ], [ 36.8710971, 53.4525259 ], [ 36.8699181, 53.4528607 ], [ 36.8694963, 53.4534812 ], [ 36.8680125, 53.4542809 ], [ 36.8634367, 53.4527795 ], [ 36.8624503, 53.453322 ], [ 36.8614222, 53.4542014 ], [ 36.8636635, 53.4550673 ], [ 36.8681326, 53.4552659 ], [ 36.8693598, 53.4579025 ], [ 36.8786707, 53.4580513 ], [ 36.8783884, 53.4569307 ], [ 36.8777274, 53.4557331 ], [ 36.8777583, 53.454416 ], [ 36.8795276, 53.4539242 ], [ 36.8813559, 53.453673 ], [ 36.8859243, 53.4534883 ], [ 36.8890328, 53.4550594 ], [ 36.8934619, 53.4553112 ], [ 36.8920838, 53.4594481 ], [ 36.8956866, 53.4605446 ], [ 36.9019829, 53.460522 ], [ 36.9063709, 53.4593944 ], [ 36.9085341, 53.4600795 ], [ 36.9101784, 53.4623827 ], [ 36.9112024, 53.4630533 ], [ 36.9094748, 53.4647671 ], [ 36.913004, 53.4654856 ], [ 36.9206373, 53.4623949 ], [ 36.9234531, 53.4577323 ], [ 36.9252349, 53.456632 ], [ 36.9300396, 53.458262 ], [ 36.9337482, 53.4592647 ], [ 36.935838, 53.4572738 ], [ 36.9289746, 53.4546541 ], [ 36.9304847, 53.4524896 ], [ 36.9310797, 53.4516367 ], [ 36.932328, 53.4480042 ], [ 36.9315173, 53.4432699 ], [ 36.9232415, 53.4408799 ], [ 36.9208454, 53.4402491 ], [ 36.9156553, 53.4393344 ], [ 36.9107157, 53.4415478 ], [ 36.9101894, 53.4428584 ], [ 36.903358, 53.4427963 ], [ 36.898767, 53.4429647 ], [ 36.8972939, 53.4451712 ], [ 36.8948501, 53.4470212 ] ] ] } },
{ "type": "Feature", "properties": { "element": "relation", "id": 2533408, "addr:country": "RU", "addr:region": "Тульская область", "name": "Одоев", "name:ar": null, "name:az": null, "name:de": "Odojew", "name:diq": null, "name:en": "Odoyev", "name:eo": null, "name:es": null, "name:fa": null, "name:fi": null, "name:fr": "Odoïev", "name:hr": null, "name:it": "Odoev", "name:ja": null, "name:ko": null, "name:nn": null, "name:no": null, "name:pl": "Odojew", "name:pt": null, "name:ru": "Одоев", "name:tl": null, "name:war": null, "name:zh": null, "official_status": null, "place": "town", "population": null, "population:date": null, "wikidata": null, "wikipedia": null, "addr:district": "Одоевский район", "start_date": null, "addr:subdistrict": null, "name:ca": null, "name:et": null, "name:id": null, "name:lt": null, "name:ro": null, "source": null, "addr:postcode": null, "name:hsb": null, "name:nl": null, "name:pnb": null, "name:sr": null, "name:sv": null, "name:tt": null, "name:uk": "Одоєв", "name:vi": null, "admin_level": null, "capital": null, "contact:website": null, "int_name": null, "is_in:country": null, "is_in:country_code": null, "name:be": null, "name:bn": null, "name:eu": null, "name:he": null, "name:hu": null, "name:ml": null, "name:ru:word_stress": null, "name:sk": null, "name:sr-Latn": null, "name:zh-Hant": null, "wikimedia_commons": null, "addr:city": null, "website": null, "name:be-tarask": null, "name:bg": null, "description": null, "name:io": null, "alt_name": null, "landuse": null, "is_in": null, "type": "multipolygon", "ele": null, "name:pa": null, "tourism": 0, "leisure": 0, "healthcare": 0 }, "geometry": { "type": "Polygon", "coordinates": [ [ [ 36.6850357, 53.9532857 ], [ 36.6852824, 53.9529388 ], [ 36.6854331, 53.9527279 ], [ 36.6855936, 53.9525031 ], [ 36.6856636, 53.952318 ], [ 36.6856843, 53.9521221 ], [ 36.6856884, 53.9519641 ], [ 36.6856185, 53.9517735 ], [ 36.685636, 53.9516388 ], [ 36.6857197, 53.9514796 ], [ 36.6858342, 53.9513639 ], [ 36.6859923, 53.9512593 ], [ 36.6864627, 53.951043 ], [ 36.6874067, 53.9505522 ], [ 36.6880612, 53.9502429 ], [ 36.6887693, 53.9498767 ], [ 36.6889839, 53.9495831 ], [ 36.6889839, 53.9492263 ], [ 36.6886566, 53.9489232 ], [ 36.6886092, 53.9487082 ], [ 36.6886529, 53.9485026 ], [ 36.690032, 53.9469173 ], [ 36.6908502, 53.9461585 ], [ 36.6912968, 53.9457917 ], [ 36.6918722, 53.9453743 ], [ 36.692568, 53.94494 ], [ 36.6933711, 53.944512 ], [ 36.694523, 53.9440529 ], [ 36.6958144, 53.9435937 ], [ 36.6985151, 53.9426755 ], [ 36.703855, 53.9411872 ], [ 36.7063674, 53.9406844 ], [ 36.7081702, 53.9404191 ], [ 36.7095285, 53.9404725 ], [ 36.7115142, 53.9352344 ], [ 36.7073004, 53.9333691 ], [ 36.7078173, 53.9324902 ], [ 36.7076183, 53.9306468 ], [ 36.6969346, 53.9251906 ], [ 36.6999133, 53.9241209 ], [ 36.6979858, 53.920975 ], [ 36.695664, 53.9208702 ], [ 36.695554, 53.9208652 ], [ 36.6967345, 53.9189837 ], [ 36.6892711, 53.9174693 ], [ 36.6870894, 53.9122332 ], [ 36.6829027, 53.9128893 ], [ 36.6848338, 53.9174668 ], [ 36.6857876, 53.9215099 ], [ 36.6854223, 53.9274482 ], [ 36.6852627, 53.9300417 ], [ 36.6792546, 53.9304459 ], [ 36.6698132, 53.9338821 ], [ 36.6635131, 53.9369857 ], [ 36.6609396, 53.9402445 ], [ 36.663089, 53.9424885 ], [ 36.6734081, 53.9469464 ], [ 36.6751292, 53.9456539 ], [ 36.6782663, 53.9459867 ], [ 36.6797316, 53.9488276 ], [ 36.6802626, 53.9514361 ], [ 36.6815388, 53.9541554 ], [ 36.684138, 53.954372 ], [ 36.6850357, 53.9532857 ] ] ] } },
{ "type": "Feature", "properties": { "element": "relation", "id": 2535690, "addr:country": "RU", "addr:region": "Тульская область", "name": "Щёкино", "name:ar": "شتشايوكينو", "name:az": "Şyokino", "name:de": "Schtschokino", "name:diq": "Shchyokino", "name:en": "Schokino", "name:eo": "Ŝĉjokino", "name:es": "Shchókino", "name:fa": "شچیوکینو", "name:fi": "Štšokino", "name:fr": "Chtchiokino", "name:hr": "Ščokino", "name:it": "Ščëkino", "name:ja": "シチョーキノ", "name:ko": "슈초키노", "name:nn": "Sjtsjokino", "name:no": "Sjtsjokino", "name:pl": "Szczokino", "name:pt": null, "name:ru": "Щёкино", "name:tl": "Shchyokino", "name:war": "Shchyokino", "name:zh": "曉基諾", "official_status": "ru:город", "place": "town", "population": null, "population:date": null, "wikidata": "Q198364", "wikipedia": "ru:Щёкино", "addr:district": "Щёкинский район", "start_date": null, "addr:subdistrict": null, "name:ca": null, "name:et": "Štšokino", "name:id": null, "name:lt": null, "name:ro": "Șciokino", "source": "СТП Щёкинского района", "addr:postcode": "301218", "name:hsb": null, "name:nl": null, "name:pnb": "شیؤکینو", "name:sr": "Шћокино", "name:sv": null, "name:tt": null, "name:uk": null, "name:vi": "Shchyokino", "admin_level": null, "capital": null, "contact:website": null, "int_name": null, "is_in:country": null, "is_in:country_code": null, "name:be": null, "name:bn": null, "name:eu": null, "name:he": null, "name:hu": null, "name:ml": null, "name:ru:word_stress": null, "name:sk": null, "name:sr-Latn": null, "name:zh-Hant": null, "wikimedia_commons": null, "addr:city": null, "website": null, "name:be-tarask": null, "name:bg": null, "description": null, "name:io": null, "alt_name": null, "landuse": null, "is_in": null, "type": "multipolygon", "ele": null, "name:pa": null, "tourism": 0, "leisure": 0, "healthcare": 0 }, "geometry": { "type": "Polygon", "coordinates": [ [ [ 37.4739187, 53.9968933 ], [ 37.4757729, 53.9979591 ], [ 37.47765, 53.99886 ], [ 37.482662, 54.0016086 ], [ 37.482841, 54.0015578 ], [ 37.4903205, 54.0053766 ], [ 37.4907213, 54.006823 ], [ 37.4899854, 54.0070361 ], [ 37.4896847, 54.0101113 ], [ 37.4889328, 54.0100778 ], [ 37.4886812, 54.0133648 ], [ 37.4882591, 54.0136289 ], [ 37.487449, 54.0135816 ], [ 37.4874115, 54.0138023 ], [ 37.4875295, 54.0138338 ], [ 37.487432, 54.0143249 ], [ 37.4850783, 54.0145503 ], [ 37.4847232, 54.0145916 ], [ 37.4843309, 54.0146066 ], [ 37.4825139, 54.0146292 ], [ 37.4824961, 54.0150042 ], [ 37.4825488, 54.0150307 ], [ 37.4826416, 54.0154308 ], [ 37.482335, 54.015454 ], [ 37.4821418, 54.0154685 ], [ 37.4852872, 54.0197467 ], [ 37.4858236, 54.0207237 ], [ 37.485711, 54.0207583 ], [ 37.4857592, 54.0209317 ], [ 37.4859309, 54.0209317 ], [ 37.4863601, 54.0215368 ], [ 37.4867091, 54.0225837 ], [ 37.4873387, 54.0286569 ], [ 37.4877131, 54.0300998 ], [ 37.4883127, 54.0308074 ], [ 37.4892354, 54.0311383 ], [ 37.4898418, 54.0312675 ], [ 37.4905926, 54.0311855 ], [ 37.4906437, 54.0312966 ], [ 37.4918854, 54.0310091 ], [ 37.4927008, 54.0308925 ], [ 37.4946776, 54.030364 ], [ 37.4961097, 54.0300478 ], [ 37.4964237, 54.0298842 ], [ 37.4971479, 54.0298716 ], [ 37.4970098, 54.0288076 ], [ 37.5006709, 54.0287979 ], [ 37.5019652, 54.0277353 ], [ 37.5017184, 54.027625 ], [ 37.5019497, 54.027432 ], [ 37.5047645, 54.0283532 ], [ 37.5062352, 54.0266293 ], [ 37.5061011, 54.02656 ], [ 37.506709, 54.0261436 ], [ 37.5066407, 54.0260289 ], [ 37.5074851, 54.0249213 ], [ 37.5079, 54.0247962 ], [ 37.5061555, 54.0239286 ], [ 37.5063586, 54.0237112 ], [ 37.5085667, 54.0247365 ], [ 37.5095887, 54.0248764 ], [ 37.5105643, 54.0246629 ], [ 37.5113914, 54.0241133 ], [ 37.5125062, 54.023352 ], [ 37.5127423, 54.0234087 ], [ 37.5137827, 54.022951 ], [ 37.5140405, 54.0230369 ], [ 37.515088, 54.0230463 ], [ 37.5154981, 54.0230422 ], [ 37.517035, 54.0236033 ], [ 37.5171304, 54.0252995 ], [ 37.5179887, 54.0255579 ], [ 37.5183389, 54.0249525 ], [ 37.5197191, 54.0249953 ], [ 37.5189113, 54.0221348 ], [ 37.5180822, 54.0191987 ], [ 37.5196796, 54.0182389 ], [ 37.5235278, 54.0206064 ], [ 37.526668, 54.0197639 ], [ 37.5354535, 54.0176737 ], [ 37.5354535, 54.0164578 ], [ 37.5334205, 54.0163299 ], [ 37.5329123, 54.0120849 ], [ 37.5339288, 54.0104422 ], [ 37.5338562, 54.006666 ], [ 37.5356714, 54.0061967 ], [ 37.5378859, 54.0077755 ], [ 37.5426054, 54.0079888 ], [ 37.5473612, 54.0072208 ], [ 37.5503018, 54.0080742 ], [ 37.55248, 54.0078821 ], [ 37.5522985, 54.0046178 ], [ 37.5471797, 54.0045965 ], [ 37.5448925, 54.0025481 ], [ 37.5448562, 54.0020787 ], [ 37.5457275, 54.0014599 ], [ 37.547216, 54.0013959 ], [ 37.5483051, 54.0006704 ], [ 37.5489585, 53.999134 ], [ 37.5557473, 53.998003 ], [ 37.5546582, 53.9965518 ], [ 37.5493579, 53.9922408 ], [ 37.5507737, 53.9902986 ], [ 37.5471071, 53.9886764 ], [ 37.5474076, 53.9881337 ], [ 37.5415117, 53.9906921 ], [ 37.54031, 53.9918928 ], [ 37.5394904, 53.9922391 ], [ 37.5375587, 53.9929732 ], [ 37.5337536, 53.9943952 ], [ 37.5295278, 53.9943278 ], [ 37.5258882, 53.9944969 ], [ 37.5256554, 53.9930397 ], [ 37.5218759, 53.9913017 ], [ 37.5201334, 53.9921128 ], [ 37.5183908, 53.9919207 ], [ 37.5116746, 53.9870542 ], [ 37.5085525, 53.9875024 ], [ 37.5087863, 53.9878785 ], [ 37.5076357, 53.9887417 ], [ 37.5073206, 53.9900884 ], [ 37.5080037, 53.9920836 ], [ 37.5083589, 53.993149 ], [ 37.5071265, 53.9933655 ], [ 37.5048824, 53.9930293 ], [ 37.5038453, 53.9908925 ], [ 37.4992224, 53.989893 ], [ 37.4967174, 53.9898717 ], [ 37.4948659, 53.990448 ], [ 37.4929418, 53.9899144 ], [ 37.492724, 53.9889325 ], [ 37.4887306, 53.9897223 ], [ 37.4883676, 53.988527 ], [ 37.4860804, 53.9863498 ], [ 37.4833939, 53.9868834 ], [ 37.479219, 53.9860083 ], [ 37.4773312, 53.9860296 ], [ 37.4774401, 53.9866913 ], [ 37.477549, 53.9875024 ], [ 37.4757702, 53.9884416 ], [ 37.475516, 53.989829 ], [ 37.4760243, 53.9905334 ], [ 37.4724302, 53.9926677 ], [ 37.4725754, 53.9936281 ], [ 37.4736282, 53.9953567 ], [ 37.4739187, 53.9968933 ] ] ] } },
{ "type": "Feature", "properties": { "element": "relation", "id": 2538203, "addr:country": "RU", "addr:region": "Тульская область", "name": "Тула", "name:ar": null, "name:az": null, "name:de": "Tula", "name:diq": null, "name:en": "Tula", "name:eo": null, "name:es": null, "name:fa": null, "name:fi": null, "name:fr": "Toula", "name:hr": "Tula", "name:it": null, "name:ja": null, "name:ko": null, "name:nn": null, "name:no": null, "name:pl": "Tuła", "name:pt": null, "name:ru": null, "name:tl": null, "name:war": null, "name:zh": null, "official_status": null, "place": "city", "population": 475161.0, "population:date": null, "wikidata": "Q2770", "wikipedia": null, "addr:district": null, "start_date": null, "addr:subdistrict": null, "name:ca": null, "name:et": "Tula", "name:id": null, "name:lt": "Tula", "name:ro": "Tula", "source": null, "addr:postcode": null, "name:hsb": null, "name:nl": null, "name:pnb": null, "name:sr": "Тула", "name:sv": null, "name:tt": null, "name:uk": "Тула", "name:vi": null, "admin_level": null, "capital": null, "contact:website": null, "int_name": "Tula", "is_in:country": "Russian Federation", "is_in:country_code": "RU", "name:be": "Тула", "name:bn": null, "name:eu": null, "name:he": null, "name:hu": "Tula", "name:ml": null, "name:ru:word_stress": null, "name:sk": null, "name:sr-Latn": null, "name:zh-Hant": null, "wikimedia_commons": null, "addr:city": null, "website": null, "name:be-tarask": null, "name:bg": null, "description": null, "name:io": null, "alt_name": null, "landuse": null, "is_in": null, "type": "multipolygon", "ele": null, "name:pa": null, "tourism": 150, "leisure": 751, "healthcare": 306 }, "geometry": { "type": "MultiPolygon", "coordinates": [ [ [ [ 37.6022783, 54.0694945 ], [ 37.6057617, 54.0678785 ], [ 37.6085569, 54.0662685 ], [ 37.6088378, 54.0661067 ], [ 37.6101362, 54.0664676 ], [ 37.6102799, 54.0653582 ], [ 37.6116401, 54.0647889 ], [ 37.6131982, 54.0637463 ], [ 37.6140217, 54.0628814 ], [ 37.6132496, 54.0626593 ], [ 37.6132022, 54.0626457 ], [ 37.610669, 54.0618514 ], [ 37.6090657, 54.0625631 ], [ 37.6078124, 54.06263 ], [ 37.6074137, 54.0631649 ], [ 37.594255, 54.0686808 ], [ 37.5952234, 54.0700178 ], [ 37.5972036, 54.0716823 ], [ 37.597331, 54.0717894 ], [ 37.5982682, 54.0713547 ], [ 37.6022783, 54.0694945 ] ] ], [ [ [ 37.5462019, 54.0769114 ], [ 37.5437524, 54.0806878 ], [ 37.5457004, 54.0862249 ], [ 37.5518436, 54.0831525 ], [ 37.5462019, 54.0769114 ] ] ], [ [ [ 37.5274608, 54.1051084 ], [ 37.5291387, 54.1045705 ], [ 37.5293549, 54.1037542 ], [ 37.5286918, 54.1027622 ], [ 37.5287825, 54.1016789 ], [ 37.5273666, 54.101392 ], [ 37.5257716, 54.101058 ], [ 37.5226726, 54.1021153 ], [ 37.5233121, 54.1029031 ], [ 37.5225659, 54.105022 ], [ 37.5253786, 54.1051914 ], [ 37.5274608, 54.1051084 ] ] ], [ [ [ 37.5065765, 54.2051263 ], [ 37.5086461, 54.2044075 ], [ 37.5100492, 54.2039531 ], [ 37.5113724, 54.203784 ], [ 37.5174718, 54.2030798 ], [ 37.5175595, 54.2028302 ], [ 37.5155931, 54.202226 ], [ 37.5169587, 54.2005898 ], [ 37.5176668, 54.2007341 ], [ 37.5193791, 54.198671 ], [ 37.5227415, 54.1987195 ], [ 37.5245806, 54.1984756 ], [ 37.5294685, 54.1976463 ], [ 37.5318503, 54.1982739 ], [ 37.5314963, 54.2001254 ], [ 37.5327086, 54.2013617 ], [ 37.5322473, 54.2020081 ], [ 37.5324726, 54.2024787 ], [ 37.5322108, 54.2025553 ], [ 37.5314426, 54.20278 ], [ 37.5296295, 54.2032193 ], [ 37.5247041, 54.2025582 ], [ 37.5226952, 54.202766 ], [ 37.5227959, 54.2030177 ], [ 37.5230399, 54.2035568 ], [ 37.5190693, 54.20618 ], [ 37.5189113, 54.2070722 ], [ 37.5192802, 54.2072692 ], [ 37.5264377, 54.2053383 ], [ 37.5269103, 54.2045383 ], [ 37.5309712, 54.204274 ], [ 37.5339264, 54.2064105 ], [ 37.535947, 54.2078502 ], [ 37.5375128, 54.2080235 ], [ 37.5355585, 54.2148932 ], [ 37.5366646, 54.2147802 ], [ 37.5375585, 54.2149991 ], [ 37.5386125, 54.2158038 ], [ 37.5390396, 54.2166163 ], [ 37.54011, 54.2194868 ], [ 37.5458502, 54.2188995 ], [ 37.5465552, 54.2208649 ], [ 37.5481464, 54.2219388 ], [ 37.5509602, 54.2257371 ], [ 37.5535489, 54.2273294 ], [ 37.5552587, 54.2288344 ], [ 37.5594397, 54.2282753 ], [ 37.5597829, 54.225246 ], [ 37.5599491, 54.2225352 ], [ 37.5583704, 54.2211043 ], [ 37.5598669, 54.2179204 ], [ 37.5621531, 54.2173371 ], [ 37.5656864, 54.2170697 ], [ 37.5669264, 54.2131626 ], [ 37.5658388, 54.2126469 ], [ 37.5641928, 54.2124922 ], [ 37.5608272, 54.2109452 ], [ 37.5585285, 54.2108296 ], [ 37.5589051, 54.2098647 ], [ 37.5647037, 54.2108137 ], [ 37.5652622, 54.2103323 ], [ 37.56682, 54.2104355 ], [ 37.5671727, 54.209851 ], [ 37.569289, 54.2103495 ], [ 37.5690157, 54.2113271 ], [ 37.5694025, 54.2117996 ], [ 37.5686424, 54.2120685 ], [ 37.5688473, 54.212994 ], [ 37.5713591, 54.2131829 ], [ 37.5718245, 54.2124063 ], [ 37.5723043, 54.2118555 ], [ 37.5727281, 54.2097823 ], [ 37.5749914, 54.2100573 ], [ 37.575264, 54.2097078 ], [ 37.5755162, 54.2106564 ], [ 37.5766524, 54.2110265 ], [ 37.5741583, 54.2129998 ], [ 37.5718046, 54.214682 ], [ 37.5697531, 54.2163417 ], [ 37.5751176, 54.2187668 ], [ 37.5822874, 54.221428 ], [ 37.5737645, 54.2310446 ], [ 37.57088, 54.2314799 ], [ 37.572967, 54.234474 ], [ 37.5774553, 54.2327227 ], [ 37.5781508, 54.2324763 ], [ 37.5795081, 54.2330148 ], [ 37.5840811, 54.2271126 ], [ 37.5858455, 54.2248378 ], [ 37.5866248, 54.2246125 ], [ 37.5872932, 54.2244248 ], [ 37.5881219, 54.2242497 ], [ 37.5896419, 54.2246579 ], [ 37.5886735, 54.2258901 ], [ 37.5893001, 54.2267226 ], [ 37.5946832, 54.2279214 ], [ 37.5957086, 54.2263063 ], [ 37.5967339, 54.2263729 ], [ 37.5970187, 54.2252407 ], [ 37.5991525, 54.2251922 ], [ 37.5994397, 54.2269224 ], [ 37.6004651, 54.2277216 ], [ 37.6004651, 54.2285873 ], [ 37.5980726, 54.2290202 ], [ 37.5953383, 54.2286206 ], [ 37.5892431, 54.2318505 ], [ 37.5930225, 54.2357716 ], [ 37.5914845, 54.2377026 ], [ 37.579901, 54.2342144 ], [ 37.5775655, 54.2380763 ], [ 37.5781351, 54.2417382 ], [ 37.5804137, 54.2444677 ], [ 37.5851987, 54.242637 ], [ 37.5865286, 54.2433284 ], [ 37.586596, 54.2441869 ], [ 37.585959, 54.2456584 ], [ 37.5868779, 54.2466582 ], [ 37.5898326, 54.2484875 ], [ 37.5878388, 54.2503513 ], [ 37.592225, 54.2541452 ], [ 37.5882376, 54.2549438 ], [ 37.5851045, 54.2526476 ], [ 37.5823133, 54.2524812 ], [ 37.581231, 54.2554763 ], [ 37.5809461, 54.2574395 ], [ 37.5776992, 54.2600682 ], [ 37.5799208, 54.2610664 ], [ 37.5824693, 54.2582159 ], [ 37.5826229, 54.2580441 ], [ 37.5826925, 54.2579662 ], [ 37.5900978, 54.2614932 ], [ 37.5908099, 54.2615265 ], [ 37.5925473, 54.2624914 ], [ 37.5936011, 54.2624581 ], [ 37.5955094, 54.2633398 ], [ 37.5957658, 54.2674818 ], [ 37.5963069, 54.2693946 ], [ 37.5973323, 54.2708749 ], [ 37.5962959, 54.2710325 ], [ 37.5991523, 54.275687 ], [ 37.6009548, 54.2753111 ], [ 37.6041627, 54.2765201 ], [ 37.6051079, 54.2758476 ], [ 37.6074149, 54.276413 ], [ 37.6081555, 54.2752656 ], [ 37.6101207, 54.2756481 ], [ 37.6123993, 54.2758642 ], [ 37.6115449, 54.2768122 ], [ 37.6116018, 54.2775439 ], [ 37.6106619, 54.2787412 ], [ 37.6111176, 54.2809029 ], [ 37.6106334, 54.2816844 ], [ 37.6106334, 54.282865 ], [ 37.6092663, 54.283846 ], [ 37.6080985, 54.2843282 ], [ 37.6070287, 54.2844146 ], [ 37.6074099, 54.2862845 ], [ 37.60647, 54.2865838 ], [ 37.60647, 54.2872655 ], [ 37.6052168, 54.2872821 ], [ 37.6053592, 54.2882962 ], [ 37.6044193, 54.2884292 ], [ 37.6064415, 54.2919536 ], [ 37.6093017, 54.2948158 ], [ 37.6116478, 54.2956869 ], [ 37.6135561, 54.297 ], [ 37.6166037, 54.2992605 ], [ 37.6177569, 54.2993257 ], [ 37.6183411, 54.2994766 ], [ 37.6187826, 54.2991608 ], [ 37.6206909, 54.2991525 ], [ 37.6219441, 54.2988949 ], [ 37.6217305, 54.2985541 ], [ 37.62099, 54.2985292 ], [ 37.6205686, 54.2981704 ], [ 37.6202637, 54.2961024 ], [ 37.6167569, 54.2961953 ], [ 37.6156127, 54.2956938 ], [ 37.6147868, 54.2940481 ], [ 37.6139893, 54.2937489 ], [ 37.6127645, 54.2937656 ], [ 37.6117961, 54.2929012 ], [ 37.6113018, 54.2917381 ], [ 37.6133911, 54.2910393 ], [ 37.6134196, 54.2899753 ], [ 37.6141317, 54.2896262 ], [ 37.6133911, 54.2890942 ], [ 37.6134794, 54.2890383 ], [ 37.6136675, 54.2889193 ], [ 37.6154134, 54.2878141 ], [ 37.6159545, 54.2879305 ], [ 37.6162109, 54.2872987 ], [ 37.6168659, 54.2868332 ], [ 37.6178913, 54.2870327 ], [ 37.6179483, 54.2862513 ], [ 37.6209674, 54.2846053 ], [ 37.6212237, 54.2841397 ], [ 37.6198851, 54.2837573 ], [ 37.6198566, 54.2825601 ], [ 37.6213661, 54.2817786 ], [ 37.6211667, 54.2809306 ], [ 37.6224108, 54.2809602 ], [ 37.623089, 54.2807614 ], [ 37.623888, 54.2804978 ], [ 37.62467, 54.2807976 ], [ 37.6249984, 54.2807876 ], [ 37.6254391, 54.2801823 ], [ 37.6266186, 54.2792316 ], [ 37.6260657, 54.2786691 ], [ 37.6253031, 54.2771428 ], [ 37.6291277, 54.274609 ], [ 37.6294668, 54.2743757 ], [ 37.6326568, 54.2711825 ], [ 37.6344797, 54.26749 ], [ 37.6365768, 54.2591436 ], [ 37.6454206, 54.2567983 ], [ 37.6522682, 54.2567983 ], [ 37.6544835, 54.2571748 ], [ 37.6679024, 54.2521481 ], [ 37.6683876, 54.2513382 ], [ 37.6684928, 54.2508286 ], [ 37.6693523, 54.2506723 ], [ 37.6695955, 54.2504583 ], [ 37.6693725, 54.2502832 ], [ 37.6688059, 54.2502068 ], [ 37.6677954, 54.2501516 ], [ 37.6673387, 54.2501015 ], [ 37.6669806, 54.2499362 ], [ 37.6669823, 54.2495388 ], [ 37.667366, 54.2491774 ], [ 37.6682138, 54.2487412 ], [ 37.6678115, 54.2485826 ], [ 37.6664972, 54.2485594 ], [ 37.6659715, 54.2484215 ], [ 37.6658114, 54.2482061 ], [ 37.6669049, 54.2472931 ], [ 37.6668177, 54.2470035 ], [ 37.6654351, 54.2464907 ], [ 37.6656324, 54.2461749 ], [ 37.6662612, 54.2461146 ], [ 37.666438, 54.2460069 ], [ 37.6664914, 54.2457769 ], [ 37.6661509, 54.2456335 ], [ 37.6655708, 54.2456075 ], [ 37.6649537, 54.2455023 ], [ 37.664459, 54.2454647 ], [ 37.6639026, 54.2455134 ], [ 37.6634642, 54.245545 ], [ 37.6630232, 54.245532 ], [ 37.6628533, 54.2453462 ], [ 37.6629895, 54.2449521 ], [ 37.6632548, 54.2446686 ], [ 37.6631997, 54.2445148 ], [ 37.6668825, 54.2422578 ], [ 37.667894, 54.2421593 ], [ 37.6678907, 54.2418766 ], [ 37.6678674, 54.2398593 ], [ 37.6683998, 54.2398605 ], [ 37.6683436, 54.2391544 ], [ 37.6677501, 54.2391012 ], [ 37.6678693, 54.2370738 ], [ 37.6697039, 54.2371536 ], [ 37.6709488, 54.2320932 ], [ 37.6762067, 54.2318336 ], [ 37.6767251, 54.2343811 ], [ 37.676134, 54.2349018 ], [ 37.6764431, 54.2351482 ], [ 37.6790843, 54.234869 ], [ 37.6806297, 54.2353288 ], [ 37.684423, 54.2345405 ], [ 37.6854626, 54.2333581 ], [ 37.6847035, 54.2319677 ], [ 37.685443, 54.2322917 ], [ 37.6928953, 54.2341232 ], [ 37.6934191, 54.2342519 ], [ 37.6925993, 54.2350623 ], [ 37.6956813, 54.2360877 ], [ 37.6967813, 54.2355304 ], [ 37.6989197, 54.2347668 ], [ 37.6979495, 54.2323396 ], [ 37.6965066, 54.2325296 ], [ 37.695023, 54.2332457 ], [ 37.6940699, 54.2337883 ], [ 37.691307, 54.2321592 ], [ 37.6893963, 54.2296628 ], [ 37.6953687, 54.2286222 ], [ 37.7005355, 54.2277219 ], [ 37.7010851, 54.2276261 ], [ 37.7008627, 54.2270543 ], [ 37.700327, 54.2246647 ], [ 37.7025278, 54.224117 ], [ 37.7041944, 54.2239658 ], [ 37.7037048, 54.2223047 ], [ 37.7037486, 54.2193305 ], [ 37.7061405, 54.2189535 ], [ 37.7084187, 54.2182298 ], [ 37.7089531, 54.2193848 ], [ 37.7085399, 54.219454 ], [ 37.7084637, 54.2194679 ], [ 37.7083768, 54.2194812 ], [ 37.7084241, 54.2195784 ], [ 37.710287, 54.2238979 ], [ 37.709375, 54.2240704 ], [ 37.7086133, 54.2249046 ], [ 37.7085435, 54.2251147 ], [ 37.7089058, 54.2253798 ], [ 37.7104252, 54.2253756 ], [ 37.7108449, 54.2252088 ], [ 37.7107322, 54.2246694 ], [ 37.7106088, 54.2245408 ], [ 37.7106991, 54.2243102 ], [ 37.7180315, 54.2229103 ], [ 37.71691, 54.2204112 ], [ 37.7190463, 54.2201438 ], [ 37.7171687, 54.2160945 ], [ 37.715262, 54.216191 ], [ 37.7132435, 54.216604 ], [ 37.7117543, 54.2170542 ], [ 37.709366, 54.218155 ], [ 37.7084468, 54.2173262 ], [ 37.7036702, 54.2192155 ], [ 37.6999587, 54.2194735 ], [ 37.6996617, 54.2178879 ], [ 37.7005698, 54.2171131 ], [ 37.7053254, 54.2168395 ], [ 37.7056145, 54.2148146 ], [ 37.7045202, 54.2146766 ], [ 37.7027178, 54.2140994 ], [ 37.7023479, 54.2143346 ], [ 37.701803, 54.2139266 ], [ 37.7016146, 54.2138139 ], [ 37.7018503, 54.2136303 ], [ 37.7021407, 54.2135469 ], [ 37.7023904, 54.2134034 ], [ 37.7029353, 54.2129767 ], [ 37.7034419, 54.2124828 ], [ 37.7034712, 54.2124481 ], [ 37.703422, 54.2122949 ], [ 37.7034397, 54.2121236 ], [ 37.7034978, 54.2120255 ], [ 37.7040173, 54.2117252 ], [ 37.7044136, 54.2114615 ], [ 37.7050096, 54.211372 ], [ 37.7054869, 54.2112898 ], [ 37.7058881, 54.2112073 ], [ 37.7063269, 54.2110501 ], [ 37.7065481, 54.2109181 ], [ 37.7064933, 54.2107116 ], [ 37.7064527, 54.2105301 ], [ 37.7063845, 54.2103879 ], [ 37.7062872, 54.210324 ], [ 37.7061359, 54.2102894 ], [ 37.7063963, 54.2103152 ], [ 37.7066489, 54.2103636 ], [ 37.7070013, 54.2103965 ], [ 37.7080148, 54.2104301 ], [ 37.7091483, 54.2104676 ], [ 37.7093612, 54.2104427 ], [ 37.7095815, 54.210395 ], [ 37.7098418, 54.2103864 ], [ 37.7101905, 54.2104199 ], [ 37.7104757, 54.2104848 ], [ 37.7109573, 54.2105234 ], [ 37.7111127, 54.210556 ], [ 37.7116442, 54.2105713 ], [ 37.7120404, 54.2105872 ], [ 37.7123931, 54.2106334 ], [ 37.7128688, 54.210643 ], [ 37.713358, 54.2106872 ], [ 37.7137444, 54.2107211 ], [ 37.7144286, 54.2107736 ], [ 37.7150041, 54.2107974 ], [ 37.7158281, 54.2108585 ], [ 37.7165045, 54.2108908 ], [ 37.717292, 54.2109038 ], [ 37.718216, 54.2108709 ], [ 37.7188608, 54.2108352 ], [ 37.7195531, 54.2107126 ], [ 37.7201469, 54.2105789 ], [ 37.7205174, 54.2104814 ], [ 37.7208424, 54.2102826 ], [ 37.7210221, 54.2102665 ], [ 37.7210349, 54.2096766 ], [ 37.7241344, 54.2096766 ], [ 37.7285054, 54.2104202 ], [ 37.733095, 54.2092583 ], [ 37.733095, 54.208503 ], [ 37.7340552, 54.2083404 ], [ 37.7269159, 54.2073759 ], [ 37.7255053, 54.2075037 ], [ 37.7207766, 54.2064114 ], [ 37.7190481, 54.2067019 ], [ 37.7173394, 54.2065509 ], [ 37.7117961, 54.2069692 ], [ 37.7125676, 54.2077826 ], [ 37.7118955, 54.208015 ], [ 37.7100279, 54.2079918 ], [ 37.7058593, 54.2099281 ], [ 37.7057003, 54.209045 ], [ 37.7049241, 54.2089889 ], [ 37.7049837, 54.2086403 ], [ 37.7041691, 54.2086055 ], [ 37.7041095, 54.2090005 ], [ 37.7012498, 54.2089753 ], [ 37.7014088, 54.2080457 ], [ 37.7007333, 54.2074415 ], [ 37.7040711, 54.2060006 ], [ 37.7054619, 54.2044434 ], [ 37.7032764, 54.2023981 ], [ 37.705144, 54.2017008 ], [ 37.7037856, 54.1992395 ], [ 37.7078831, 54.1985298 ], [ 37.7083997, 54.1995758 ], [ 37.709552, 54.200738 ], [ 37.7122939, 54.2003429 ], [ 37.7125323, 54.2011564 ], [ 37.7156317, 54.2008542 ], [ 37.715592, 54.2002266 ], [ 37.7178184, 54.1995156 ], [ 37.7181244, 54.1997174 ], [ 37.7178025, 54.2029808 ], [ 37.7224803, 54.2023783 ], [ 37.7229094, 54.1997049 ], [ 37.7309775, 54.2013993 ], [ 37.7311492, 54.2001442 ], [ 37.7312779, 54.1977216 ], [ 37.7315783, 54.1965166 ], [ 37.7317071, 54.1957132 ], [ 37.7317178, 54.1949223 ], [ 37.7322972, 54.1943448 ], [ 37.7324045, 54.1939808 ], [ 37.7321255, 54.1929451 ], [ 37.7317607, 54.1915202 ], [ 37.73175, 54.1910745 ], [ 37.7320933, 54.1906288 ], [ 37.7319431, 54.1897186 ], [ 37.7312994, 54.1897563 ], [ 37.7300441, 54.1895554 ], [ 37.7301192, 54.1889151 ], [ 37.7303123, 54.188507 ], [ 37.7312028, 54.1878542 ], [ 37.7325439, 54.1872578 ], [ 37.732265, 54.1871134 ], [ 37.7325332, 54.1868685 ], [ 37.7324903, 54.1866111 ], [ 37.7328014, 54.1864981 ], [ 37.7331662, 54.1861654 ], [ 37.7330375, 54.1858452 ], [ 37.7326834, 54.185795 ], [ 37.7306127, 54.1858264 ], [ 37.729969, 54.1857762 ], [ 37.7298588, 54.1852047 ], [ 37.729186, 54.1850986 ], [ 37.72751, 54.1843683 ], [ 37.7269005, 54.184183 ], [ 37.726702, 54.1841849 ], [ 37.7266054, 54.1841817 ], [ 37.7264526, 54.1841723 ], [ 37.7263024, 54.1841652 ], [ 37.7261412, 54.1841909 ], [ 37.7260596, 54.184201 ], [ 37.7259818, 54.18419 ], [ 37.7259108, 54.1842049 ], [ 37.7258316, 54.1842582 ], [ 37.7257297, 54.1842692 ], [ 37.7256399, 54.1843249 ], [ 37.7251463, 54.1844576 ], [ 37.724941, 54.1844542 ], [ 37.7247695, 54.184496 ], [ 37.7246273, 54.1845196 ], [ 37.7244945, 54.1845557 ], [ 37.7243484, 54.1846153 ], [ 37.7235761, 54.185045 ], [ 37.7231784, 54.1855265 ], [ 37.72288, 54.1862832 ], [ 37.7228236, 54.1870223 ], [ 37.7227592, 54.1873237 ], [ 37.7223998, 54.1875811 ], [ 37.7217628, 54.1877349 ], [ 37.7212036, 54.1877882 ], [ 37.7205276, 54.1877663 ], [ 37.720077, 54.1876093 ], [ 37.7198356, 54.1873582 ], [ 37.7203131, 54.1868936 ], [ 37.720482, 54.1865537 ], [ 37.720198, 54.1861763 ], [ 37.7201376, 54.1856466 ], [ 37.7203851, 54.1853726 ], [ 37.7205789, 54.1850734 ], [ 37.7205047, 54.1848171 ], [ 37.7197035, 54.1845621 ], [ 37.7199809, 54.1834317 ], [ 37.7201182, 54.1833561 ], [ 37.72039, 54.1833561 ], [ 37.720834, 54.1834632 ], [ 37.721165, 54.1834884 ], [ 37.721531, 54.1834034 ], [ 37.7216252, 54.1832663 ], [ 37.7210957, 54.1829472 ], [ 37.7198002, 54.182055 ], [ 37.7188678, 54.1817454 ], [ 37.7184894, 54.1815704 ], [ 37.7183952, 54.1813591 ], [ 37.7184144, 54.1811011 ], [ 37.718061, 54.1808583 ], [ 37.7171051, 54.1803892 ], [ 37.7170837, 54.180113 ], [ 37.7175772, 54.1797551 ], [ 37.7176523, 54.1792778 ], [ 37.7177596, 54.1790581 ], [ 37.7190792, 54.1790895 ], [ 37.7196801, 54.1791962 ], [ 37.7204847, 54.1792276 ], [ 37.72071, 54.179372 ], [ 37.7208066, 54.1797613 ], [ 37.7209997, 54.1798932 ], [ 37.7214808, 54.1798119 ], [ 37.7215347, 54.1792644 ], [ 37.721198, 54.17881 ], [ 37.7210631, 54.1785383 ], [ 37.7211727, 54.1783419 ], [ 37.7215021, 54.1781295 ], [ 37.7215513, 54.1779243 ], [ 37.7209327, 54.1772627 ], [ 37.7208196, 54.176761 ], [ 37.7208085, 54.176712 ], [ 37.7204833, 54.1760955 ], [ 37.7199486, 54.1759905 ], [ 37.7192293, 54.1760796 ], [ 37.7186949, 54.1765397 ], [ 37.7181967, 54.1765095 ], [ 37.7174755, 54.1757912 ], [ 37.7170181, 54.1753116 ], [ 37.7177744, 54.1751265 ], [ 37.7184, 54.1748757 ], [ 37.7194702, 54.173753 ], [ 37.7210636, 54.1713143 ], [ 37.7239473, 54.1686279 ], [ 37.7267091, 54.1662988 ], [ 37.7289741, 54.1653179 ], [ 37.7313137, 54.1643958 ], [ 37.7348614, 54.162993 ], [ 37.7363526, 54.1624433 ], [ 37.7376294, 54.1617681 ], [ 37.7385521, 54.1611211 ], [ 37.7405443, 54.159299 ], [ 37.7412557, 54.1579863 ], [ 37.7413416, 54.1573079 ], [ 37.7415669, 54.1564723 ], [ 37.7413416, 54.1543425 ], [ 37.7412128, 54.1535759 ], [ 37.7408909, 54.1532275 ], [ 37.7402526, 54.1528628 ], [ 37.7382314, 54.1524936 ], [ 37.7378853, 54.1523532 ], [ 37.7367547, 54.1518016 ], [ 37.7353783, 54.1513445 ], [ 37.7327968, 54.1508173 ], [ 37.7317969, 54.1504773 ], [ 37.7314075, 54.1501812 ], [ 37.7311903, 54.1497776 ], [ 37.7304063, 54.1490303 ], [ 37.7295706, 54.148279 ], [ 37.7286445, 54.1473 ], [ 37.7282527, 54.1466438 ], [ 37.727219, 54.1458544 ], [ 37.7270672, 54.1453557 ], [ 37.7271579, 54.1443142 ], [ 37.7273745, 54.1434524 ], [ 37.7277826, 54.1428491 ], [ 37.7290495, 54.1423771 ], [ 37.7299593, 54.1422912 ], [ 37.7306978, 54.1421774 ], [ 37.7314559, 54.1419047 ], [ 37.7316671, 54.1416575 ], [ 37.7317279, 54.1413577 ], [ 37.7316988, 54.1406031 ], [ 37.7319417, 54.1397866 ], [ 37.732442, 54.1393578 ], [ 37.7320911, 54.139258 ], [ 37.7313004, 54.1393321 ], [ 37.7310239, 54.1392739 ], [ 37.7299039, 54.1385292 ], [ 37.7299368, 54.1383621 ], [ 37.7357197, 54.1358039 ], [ 37.7349043, 54.1352508 ], [ 37.7368355, 54.1343582 ], [ 37.7371788, 54.1336542 ], [ 37.7368569, 54.1334027 ], [ 37.7335108, 54.1349519 ], [ 37.7317071, 54.1356782 ], [ 37.7308059, 54.1357411 ], [ 37.7298188, 54.1356782 ], [ 37.7291536, 54.1359296 ], [ 37.728703, 54.1364576 ], [ 37.7288317, 54.1369227 ], [ 37.727808, 54.1372416 ], [ 37.7275169, 54.1371308 ], [ 37.7269493, 54.13673 ], [ 37.7265127, 54.1366703 ], [ 37.7254211, 54.13673 ], [ 37.7242029, 54.1364043 ], [ 37.7237034, 54.1360553 ], [ 37.7225876, 54.1362942 ], [ 37.7220511, 54.1361056 ], [ 37.7217078, 54.1361811 ], [ 37.7218795, 54.1365079 ], [ 37.7214718, 54.1364828 ], [ 37.7213001, 54.1368473 ], [ 37.7209997, 54.1368976 ], [ 37.7202561, 54.136939 ], [ 37.7202167, 54.1369003 ], [ 37.7202374, 54.1368402 ], [ 37.7203032, 54.1368253 ], [ 37.7203679, 54.1367973 ], [ 37.7203593, 54.1367631 ], [ 37.7202275, 54.1366526 ], [ 37.7200063, 54.1366368 ], [ 37.7199088, 54.1366832 ], [ 37.7199237, 54.1368195 ], [ 37.7199442, 54.1368501 ], [ 37.7199355, 54.1368852 ], [ 37.7197337, 54.1369605 ], [ 37.7196488, 54.1370726 ], [ 37.7195899, 54.1370913 ], [ 37.7195638, 54.1371349 ], [ 37.7195617, 54.1372119 ], [ 37.7194877, 54.1372609 ], [ 37.719438, 54.1372756 ], [ 37.7193892, 54.1373083 ], [ 37.7192894, 54.1373348 ], [ 37.7192735, 54.137371 ], [ 37.7193105, 54.1374203 ], [ 37.7192259, 54.1374797 ], [ 37.7190955, 54.1375302 ], [ 37.7191536, 54.1377224 ], [ 37.7190256, 54.13779 ], [ 37.7190053, 54.1378232 ], [ 37.7189201, 54.137869 ], [ 37.7186374, 54.1378565 ], [ 37.7185042, 54.1378385 ], [ 37.7183765, 54.1378418 ], [ 37.718298, 54.1378602 ], [ 37.7182154, 54.137844 ], [ 37.7180668, 54.1377057 ], [ 37.7179423, 54.1377162 ], [ 37.7178358, 54.1377803 ], [ 37.7177517, 54.1377919 ], [ 37.7173519, 54.1376581 ], [ 37.7170193, 54.1378341 ], [ 37.7162469, 54.137772 ], [ 37.7160793, 54.137629 ], [ 37.71591, 54.1375992 ], [ 37.7156393, 54.1377257 ], [ 37.7153646, 54.1377439 ], [ 37.7148092, 54.137985 ], [ 37.7142727, 54.1379913 ], [ 37.713747, 54.137941 ], [ 37.7135646, 54.138073 ], [ 37.7137204, 54.138321 ], [ 37.7129638, 54.1391666 ], [ 37.7115476, 54.1391163 ], [ 37.7107305, 54.1401778 ], [ 37.7094984, 54.1415675 ], [ 37.705754, 54.145357 ], [ 37.7037692, 54.1458975 ], [ 37.7002931, 54.1445212 ], [ 37.7001107, 54.1448229 ], [ 37.7000677, 54.1454827 ], [ 37.7007866, 54.1458723 ], [ 37.7026105, 54.1464002 ], [ 37.7016127, 54.1477449 ], [ 37.7007222, 54.147613 ], [ 37.7006057, 54.1477469 ], [ 37.7005398, 54.1478266 ], [ 37.7007544, 54.1479083 ], [ 37.6997888, 54.1487126 ], [ 37.6990738, 54.1492098 ], [ 37.6977825, 54.1496929 ], [ 37.6947784, 54.1502333 ], [ 37.6948278, 54.150401 ], [ 37.6950466, 54.1511444 ], [ 37.6980614, 54.1534252 ], [ 37.7002501, 54.1545058 ], [ 37.700293, 54.1558755 ], [ 37.6999497, 54.1562524 ], [ 37.7001697, 54.1564585 ], [ 37.7003789, 54.1566545 ], [ 37.7000356, 54.1567801 ], [ 37.7027392, 54.1601348 ], [ 37.7044344, 54.1623586 ], [ 37.6976967, 54.1656375 ], [ 37.7034473, 54.1681247 ], [ 37.699306, 54.1703104 ], [ 37.6994991, 54.1708756 ], [ 37.699027, 54.1711896 ], [ 37.6943064, 54.1707123 ], [ 37.6914418, 54.1711645 ], [ 37.6884891, 54.1727931 ], [ 37.6882947, 54.1728846 ], [ 37.6859148, 54.1753604 ], [ 37.6864231, 54.1761041 ], [ 37.6876226, 54.1772122 ], [ 37.6896495, 54.1789277 ], [ 37.6892614, 54.1797554 ], [ 37.6858957, 54.1837433 ], [ 37.6849795, 54.1846481 ], [ 37.6852315, 54.1849832 ], [ 37.6853691, 54.1854231 ], [ 37.685245, 54.1858527 ], [ 37.685002, 54.1860728 ], [ 37.6844532, 54.1863023 ], [ 37.6827038, 54.1868719 ], [ 37.6809374, 54.1875602 ], [ 37.6787451, 54.1883975 ], [ 37.677947, 54.188718 ], [ 37.6770522, 54.1891613 ], [ 37.6758324, 54.1898756 ], [ 37.6749562, 54.1903826 ], [ 37.674218, 54.1906437 ], [ 37.6734619, 54.1908687 ], [ 37.6726976, 54.1910284 ], [ 37.6719235, 54.1911436 ], [ 37.6700764, 54.191325 ], [ 37.6677621, 54.1914894 ], [ 37.6655474, 54.1916498 ], [ 37.6642537, 54.1918294 ], [ 37.6627528, 54.1920073 ], [ 37.6614948, 54.1920562 ], [ 37.6599776, 54.1920824 ], [ 37.6580028, 54.1920565 ], [ 37.6571753, 54.1909226 ], [ 37.6563412, 54.1898433 ], [ 37.6560314, 54.1888116 ], [ 37.6521095, 54.1844527 ], [ 37.6478719, 54.1797425 ], [ 37.6452756, 54.1772685 ], [ 37.6425236, 54.1744176 ], [ 37.6419604, 54.1740125 ], [ 37.6414669, 54.1736766 ], [ 37.639592, 54.172733 ], [ 37.6373684, 54.1717093 ], [ 37.6391931, 54.1703567 ], [ 37.6397311, 54.1705976 ], [ 37.6408521, 54.1697269 ], [ 37.6424568, 54.170523 ], [ 37.6432298, 54.1697502 ], [ 37.6465753, 54.167683 ], [ 37.6376366, 54.1609515 ], [ 37.6391387, 54.1548451 ], [ 37.6382804, 54.1544556 ], [ 37.638452, 54.1533875 ], [ 37.6389026, 54.1524073 ], [ 37.6387524, 54.1523193 ], [ 37.640354, 54.149619 ], [ 37.6425987, 54.1477931 ], [ 37.6544041, 54.1433131 ], [ 37.6592676, 54.1420226 ], [ 37.6560669, 54.1406346 ], [ 37.654903, 54.1384673 ], [ 37.653109, 54.1375112 ], [ 37.6471297, 54.1391735 ], [ 37.6466724, 54.1398797 ], [ 37.6453422, 54.1401963 ], [ 37.642474, 54.1413164 ], [ 37.6420167, 54.1419496 ], [ 37.6407695, 54.1425793 ], [ 37.6398468, 54.1443767 ], [ 37.6358127, 54.1452188 ], [ 37.6339674, 54.1446909 ], [ 37.6313281, 54.1442887 ], [ 37.6311564, 54.1445652 ], [ 37.630341, 54.1445778 ], [ 37.6287532, 54.1450679 ], [ 37.627294, 54.144892 ], [ 37.6254701, 54.1451811 ], [ 37.6251483, 54.1448668 ], [ 37.6233887, 54.1452565 ], [ 37.6225304, 54.1456838 ], [ 37.6208138, 54.1460231 ], [ 37.6186681, 54.147104 ], [ 37.6207924, 54.1479209 ], [ 37.6228738, 54.1487504 ], [ 37.6244831, 54.1491022 ], [ 37.6254916, 54.1489766 ], [ 37.6263714, 54.1491022 ], [ 37.6268863, 54.1504595 ], [ 37.6272511, 54.1507485 ], [ 37.6303196, 54.1508239 ], [ 37.6298372, 54.1520292 ], [ 37.6295256, 54.1529728 ], [ 37.6288819, 54.1539781 ], [ 37.6277447, 54.1559383 ], [ 37.6281738, 54.1563027 ], [ 37.6284742, 54.1569435 ], [ 37.6296115, 54.15869 ], [ 37.6291609, 54.1595192 ], [ 37.6291823, 54.1601851 ], [ 37.6293111, 54.1612028 ], [ 37.6190758, 54.1603233 ], [ 37.6191187, 54.1594941 ], [ 37.620213, 54.1593182 ], [ 37.6201486, 54.1588407 ], [ 37.6195693, 54.15869 ], [ 37.619462, 54.158313 ], [ 37.624526, 54.1582879 ], [ 37.6244402, 54.1571948 ], [ 37.6223588, 54.1568681 ], [ 37.6220369, 54.1559131 ], [ 37.6223588, 54.1557372 ], [ 37.6226163, 54.1544304 ], [ 37.6218223, 54.1539655 ], [ 37.6211078, 54.1541714 ], [ 37.6195907, 54.1545058 ], [ 37.6194191, 54.1543425 ], [ 37.6165867, 54.1547823 ], [ 37.6158571, 54.1539529 ], [ 37.6158571, 54.1533749 ], [ 37.615664, 54.1512512 ], [ 37.6147413, 54.1500825 ], [ 37.6146126, 54.1494918 ], [ 37.6107931, 54.1493662 ], [ 37.6101708, 54.1490771 ], [ 37.6072955, 54.1503087 ], [ 37.6066947, 54.1508239 ], [ 37.6050424, 54.1498688 ], [ 37.6030683, 54.1482351 ], [ 37.6021242, 54.1474308 ], [ 37.6016521, 54.1469909 ], [ 37.6012015, 54.1464253 ], [ 37.6010299, 54.1463499 ], [ 37.6008396, 54.1461955 ], [ 37.6007509, 54.1460985 ], [ 37.6013946, 54.1455707 ], [ 37.6040339, 54.143434 ], [ 37.6046562, 54.1422776 ], [ 37.6075101, 54.1426044 ], [ 37.6096344, 54.1438236 ], [ 37.6132607, 54.1441379 ], [ 37.6148271, 54.1447663 ], [ 37.6159644, 54.1433586 ], [ 37.6152348, 54.1414732 ], [ 37.6153617, 54.1410069 ], [ 37.6149344, 54.1402916 ], [ 37.6157713, 54.1390849 ], [ 37.6154279, 54.138293 ], [ 37.6165008, 54.1372747 ], [ 37.6143551, 54.1358039 ], [ 37.6108145, 54.1342325 ], [ 37.6124453, 54.131454 ], [ 37.6121235, 54.1300333 ], [ 37.6117587, 54.1285748 ], [ 37.6112437, 54.1283987 ], [ 37.6119089, 54.1313534 ], [ 37.6109998, 54.1331583 ], [ 37.6102781, 54.1341445 ], [ 37.6092481, 54.136533 ], [ 37.6074886, 54.1382427 ], [ 37.6066947, 54.1381295 ], [ 37.6060295, 54.1399774 ], [ 37.6045704, 54.1418377 ], [ 37.6041841, 54.1419257 ], [ 37.6032829, 54.1418503 ], [ 37.6025319, 54.1415863 ], [ 37.6020384, 54.1411841 ], [ 37.6025963, 54.1405682 ], [ 37.6012659, 54.1400151 ], [ 37.6013946, 54.1397637 ], [ 37.6010299, 54.1396254 ], [ 37.6005149, 54.138381 ], [ 37.6002788, 54.1379787 ], [ 37.5997638, 54.1375513 ], [ 37.5990557, 54.1366462 ], [ 37.5990557, 54.1359673 ], [ 37.5989485, 54.1353513 ], [ 37.5979614, 54.1351753 ], [ 37.5979787, 54.1350435 ], [ 37.5979829, 54.1350119 ], [ 37.6010728, 54.1341193 ], [ 37.6016092, 54.1336164 ], [ 37.6026821, 54.1335536 ], [ 37.6021027, 54.1327993 ], [ 37.6004505, 54.1313283 ], [ 37.599163, 54.1306494 ], [ 37.598176, 54.1299075 ], [ 37.5963634, 54.1293025 ], [ 37.5964057, 54.1289645 ], [ 37.5980043, 54.1278141 ], [ 37.5998604, 54.1274683 ], [ 37.6007509, 54.1270659 ], [ 37.6015998, 54.1270602 ], [ 37.6027787, 54.1267956 ], [ 37.6038623, 54.1263555 ], [ 37.6053643, 54.126104 ], [ 37.6050424, 54.1258085 ], [ 37.6066732, 54.1249157 ], [ 37.6083255, 54.1256828 ], [ 37.611351, 54.1236488 ], [ 37.6106, 54.1231427 ], [ 37.6124882, 54.1222372 ], [ 37.608304, 54.1189926 ], [ 37.6076174, 54.1189801 ], [ 37.6076817, 54.1184707 ], [ 37.607907, 54.1181626 ], [ 37.6078212, 54.116842 ], [ 37.6095271, 54.1165716 ], [ 37.6092589, 54.1155277 ], [ 37.608937, 54.1147605 ], [ 37.6071721, 54.114924 ], [ 37.6066518, 54.1130813 ], [ 37.6072848, 54.1117606 ], [ 37.6083265, 54.1123998 ], [ 37.6096237, 54.1129304 ], [ 37.611351, 54.1118989 ], [ 37.6120376, 54.1125279 ], [ 37.613368, 54.1124021 ], [ 37.6153421, 54.1126033 ], [ 37.6156854, 54.1138863 ], [ 37.615385, 54.1147416 ], [ 37.6183462, 54.1157981 ], [ 37.6208782, 54.115295 ], [ 37.621994, 54.1155717 ], [ 37.6228523, 54.1154963 ], [ 37.6252985, 54.1158987 ], [ 37.6271009, 54.1159491 ], [ 37.62959, 54.1152196 ], [ 37.631371, 54.1172948 ], [ 37.6196765, 54.1187914 ], [ 37.6202344, 54.1198478 ], [ 37.6213932, 54.1197221 ], [ 37.6243543, 54.1211809 ], [ 37.6272296, 54.1212815 ], [ 37.6274013, 54.1218725 ], [ 37.6282596, 54.1219103 ], [ 37.6290107, 54.1217216 ], [ 37.6297187, 54.1218097 ], [ 37.6310062, 54.1222876 ], [ 37.6321649, 54.1225139 ], [ 37.6338386, 54.1224133 ], [ 37.6341819, 54.1219103 ], [ 37.6365852, 54.1218097 ], [ 37.6369285, 54.1213444 ], [ 37.6366496, 54.1207533 ], [ 37.6353407, 54.1189298 ], [ 37.6346111, 54.1178985 ], [ 37.6341605, 54.1179236 ], [ 37.6338386, 54.1172948 ], [ 37.6327228, 54.1173703 ], [ 37.6324653, 54.117408 ], [ 37.6302123, 54.1150938 ], [ 37.6307916, 54.1150938 ], [ 37.6314354, 54.1151692 ], [ 37.6325082, 54.1150686 ], [ 37.6325726, 54.1137354 ], [ 37.6329374, 54.113358 ], [ 37.6346111, 54.1142636 ], [ 37.6347613, 54.1147793 ], [ 37.6353836, 54.1152447 ], [ 37.6386451, 54.1163264 ], [ 37.6393318, 54.1160119 ], [ 37.6393962, 54.115622 ], [ 37.6392889, 54.1151441 ], [ 37.6404019, 54.1151433 ], [ 37.639482, 54.1142385 ], [ 37.6377868, 54.1132574 ], [ 37.6379585, 54.113031 ], [ 37.6355982, 54.1113077 ], [ 37.6347026, 54.1113372 ], [ 37.6344502, 54.1113455 ], [ 37.6342935, 54.1112072 ], [ 37.6341019, 54.1111474 ], [ 37.6340168, 54.1110761 ], [ 37.6340379, 54.110927 ], [ 37.6341513, 54.1108437 ], [ 37.6341665, 54.1107459 ], [ 37.6340761, 54.1106348 ], [ 37.6340556, 54.1105554 ], [ 37.6339429, 54.1104748 ], [ 37.6339338, 54.1103553 ], [ 37.6339594, 54.1102173 ], [ 37.6339204, 54.1101327 ], [ 37.634096, 54.1100091 ], [ 37.6341083, 54.1099092 ], [ 37.6341669, 54.1098206 ], [ 37.6340659, 54.1097146 ], [ 37.6338757, 54.1097115 ], [ 37.6337821, 54.1096504 ], [ 37.633733, 54.1095408 ], [ 37.6337877, 54.1094634 ], [ 37.6338584, 54.1093975 ], [ 37.6339637, 54.1093489 ], [ 37.6340588, 54.1093464 ], [ 37.6341605, 54.1093793 ], [ 37.6341498, 54.1092825 ], [ 37.6331091, 54.1094838 ], [ 37.6294398, 54.1110813 ], [ 37.6269399, 54.1112304 ], [ 37.6269078, 54.1112323 ], [ 37.6188183, 54.1104524 ], [ 37.6167154, 54.111836 ], [ 37.6158356, 54.1121379 ], [ 37.6154065, 54.1120876 ], [ 37.6146984, 54.1113455 ], [ 37.614398, 54.1101631 ], [ 37.6148486, 54.1095089 ], [ 37.6135182, 54.1085529 ], [ 37.6139259, 54.1082887 ], [ 37.612381, 54.1071565 ], [ 37.6109218, 54.1065024 ], [ 37.6101064, 54.1062885 ], [ 37.6102137, 54.1059992 ], [ 37.611587, 54.105823 ], [ 37.6124024, 54.1059237 ], [ 37.6131333, 54.1063984 ], [ 37.6199984, 54.1097983 ], [ 37.6221013, 54.1085277 ], [ 37.6203847, 54.1057853 ], [ 37.6218867, 54.1053827 ], [ 37.6235175, 54.1057224 ], [ 37.6264143, 54.1066533 ], [ 37.6272726, 54.1059111 ], [ 37.6266718, 54.1054959 ], [ 37.6266074, 54.105106 ], [ 37.6252341, 54.1041372 ], [ 37.625277, 54.1035082 ], [ 37.6249766, 54.1032062 ], [ 37.6248264, 54.1019229 ], [ 37.6269293, 54.1019355 ], [ 37.6278519, 54.1024136 ], [ 37.6294827, 54.1027281 ], [ 37.6300192, 54.1024514 ], [ 37.6309848, 54.1005389 ], [ 37.631886, 54.0993059 ], [ 37.6335382, 54.0981483 ], [ 37.6342678, 54.0963741 ], [ 37.6344394, 54.0953171 ], [ 37.6350617, 54.0954051 ], [ 37.6351261, 54.0950402 ], [ 37.6353621, 54.0948892 ], [ 37.6358986, 54.0948892 ], [ 37.63592, 54.0944236 ], [ 37.6354694, 54.093958 ], [ 37.6347613, 54.0935427 ], [ 37.6342396, 54.093487 ], [ 37.6322508, 54.0927751 ], [ 37.6308261, 54.0925353 ], [ 37.6287746, 54.0924605 ], [ 37.6271714, 54.0921955 ], [ 37.626071, 54.0923346 ], [ 37.6249785, 54.0920757 ], [ 37.6237106, 54.0918816 ], [ 37.6205793, 54.0905474 ], [ 37.6190328, 54.0897925 ], [ 37.6159429, 54.0902204 ], [ 37.6086903, 54.0917243 ], [ 37.6078427, 54.0916299 ], [ 37.6070166, 54.0921773 ], [ 37.6056647, 54.09258 ], [ 37.604388, 54.0928254 ], [ 37.6012874, 54.0919948 ], [ 37.6001608, 54.0929072 ], [ 37.5991845, 54.0937063 ], [ 37.5977898, 54.0922969 ], [ 37.5973284, 54.0902644 ], [ 37.5959015, 54.0900819 ], [ 37.5952685, 54.0893709 ], [ 37.5946247, 54.0895345 ], [ 37.5947769, 54.0897403 ], [ 37.5952577, 54.0903903 ], [ 37.5956225, 54.0903336 ], [ 37.5959122, 54.0909314 ], [ 37.5947106, 54.0910825 ], [ 37.5944209, 54.0907804 ], [ 37.5936592, 54.0910132 ], [ 37.5930583, 54.0909503 ], [ 37.5921571, 54.0912272 ], [ 37.5919211, 54.091051 ], [ 37.5915778, 54.0911076 ], [ 37.5913632, 54.0909881 ], [ 37.5892496, 54.0916425 ], [ 37.58955, 54.0921522 ], [ 37.5895178, 54.0929009 ], [ 37.5892818, 54.0931778 ], [ 37.5895285, 54.0939077 ], [ 37.587297, 54.0944173 ], [ 37.587533, 54.0947634 ], [ 37.5859451, 54.0951094 ], [ 37.5841641, 54.0948011 ], [ 37.5841856, 54.0946375 ], [ 37.5833595, 54.0945998 ], [ 37.5832736, 54.0947193 ], [ 37.5815999, 54.0944614 ], [ 37.581122, 54.0950484 ], [ 37.5803916, 54.0949674 ], [ 37.5792945, 54.0948569 ], [ 37.5774958, 54.094813 ], [ 37.5757849, 54.0947005 ], [ 37.5757098, 54.0944614 ], [ 37.5751412, 54.0944614 ], [ 37.5749051, 54.0946249 ], [ 37.574594, 54.0944739 ], [ 37.5734889, 54.0946124 ], [ 37.5734031, 54.0943733 ], [ 37.5731671, 54.0943859 ], [ 37.5731993, 54.0946187 ], [ 37.5728881, 54.0946879 ], [ 37.5722444, 54.0943229 ], [ 37.571944, 54.0943733 ], [ 37.571944, 54.0941782 ], [ 37.5714719, 54.0941593 ], [ 37.5714075, 54.0944739 ], [ 37.5700916, 54.094653 ], [ 37.5692463, 54.0932867 ], [ 37.5708001, 54.093125 ], [ 37.5709247, 54.0931526 ], [ 37.5707765, 54.0921502 ], [ 37.5712037, 54.0921081 ], [ 37.5708221, 54.0916759 ], [ 37.5708604, 54.0906609 ], [ 37.5706029, 54.090686 ], [ 37.5703175, 54.0903123 ], [ 37.5703025, 54.0897673 ], [ 37.5695729, 54.0897799 ], [ 37.5693798, 54.0881186 ], [ 37.5681199, 54.0877322 ], [ 37.5678134, 54.0879047 ], [ 37.5678992, 54.0880934 ], [ 37.5682054, 54.0907392 ], [ 37.5680914, 54.093178 ], [ 37.5674915, 54.0933288 ], [ 37.5664637, 54.0945746 ], [ 37.5659637, 54.0946199 ], [ 37.5648393, 54.0942047 ], [ 37.5645105, 54.0943376 ], [ 37.5642929, 54.0944422 ], [ 37.5633534, 54.0948935 ], [ 37.5624098, 54.0949369 ], [ 37.5618768, 54.0951113 ], [ 37.5592835, 54.0977304 ], [ 37.5497753, 54.0976871 ], [ 37.5503868, 54.0995078 ], [ 37.5493598, 54.1007214 ], [ 37.5511768, 54.1055864 ], [ 37.551924, 54.1072257 ], [ 37.5512695, 54.1072383 ], [ 37.5513017, 54.1076472 ], [ 37.5482762, 54.1081252 ], [ 37.5466883, 54.1084774 ], [ 37.5450468, 54.1090498 ], [ 37.5443709, 54.1095089 ], [ 37.5430727, 54.1098045 ], [ 37.5410128, 54.1109807 ], [ 37.5401003, 54.1096487 ], [ 37.5384891, 54.1097668 ], [ 37.5402295, 54.1122197 ], [ 37.5401008, 54.1131316 ], [ 37.5407874, 54.1134335 ], [ 37.541914, 54.113358 ], [ 37.5436735, 54.1136725 ], [ 37.5431585, 54.1145278 ], [ 37.5432444, 54.1150749 ], [ 37.5424164, 54.1150794 ], [ 37.5412381, 54.1151441 ], [ 37.539736, 54.1148045 ], [ 37.5389743, 54.1150183 ], [ 37.538631, 54.1153893 ], [ 37.5377842, 54.1151266 ], [ 37.5362552, 54.1149496 ], [ 37.5360697, 54.1149357 ], [ 37.5324017, 54.1141473 ], [ 37.5317001, 54.1137165 ], [ 37.5315177, 54.1130624 ], [ 37.5310671, 54.1129807 ], [ 37.5301123, 54.1112197 ], [ 37.5275344, 54.1109832 ], [ 37.5274725, 54.1112494 ], [ 37.5273013, 54.1119681 ], [ 37.5264859, 54.1129681 ], [ 37.5256854, 54.1129176 ], [ 37.5254477, 54.1131756 ], [ 37.5292397, 54.1139789 ], [ 37.5281274, 54.1147101 ], [ 37.5286407, 54.1151857 ], [ 37.5276314, 54.1169683 ], [ 37.5282562, 54.1179551 ], [ 37.5284922, 54.1184707 ], [ 37.5280201, 54.1196781 ], [ 37.5291359, 54.1206904 ], [ 37.5291896, 54.1211369 ], [ 37.5285727, 54.1215393 ], [ 37.5289804, 54.122363 ], [ 37.5283688, 54.1226459 ], [ 37.5277144, 54.1230546 ], [ 37.5257456, 54.1221932 ], [ 37.5251126, 54.122539 ], [ 37.5198126, 54.1214701 ], [ 37.519083, 54.1210929 ], [ 37.5169372, 54.1222498 ], [ 37.5186753, 54.1230295 ], [ 37.5223446, 54.1259091 ], [ 37.5226235, 54.1262989 ], [ 37.5240826, 54.126915 ], [ 37.5279128, 54.1267201 ], [ 37.5293076, 54.1260631 ], [ 37.5285512, 54.1254501 ], [ 37.5277412, 54.1254124 ], [ 37.5268614, 54.1251106 ], [ 37.5266629, 54.1248214 ], [ 37.5273389, 54.1242995 ], [ 37.5284278, 54.1242555 ], [ 37.5292808, 54.1241204 ], [ 37.5300908, 54.1245919 ], [ 37.5309813, 54.1247963 ], [ 37.5318021, 54.1253024 ], [ 37.5323546, 54.1253684 ], [ 37.5330627, 54.1255822 ], [ 37.533803, 54.1259814 ], [ 37.534849, 54.1260003 ], [ 37.5359592, 54.1267235 ], [ 37.5367856, 54.1271665 ], [ 37.5375152, 54.1272922 ], [ 37.5341277, 54.1299388 ], [ 37.533524, 54.1303727 ], [ 37.5346827, 54.1314163 ], [ 37.5351333, 54.1326735 ], [ 37.5355232, 54.1332896 ], [ 37.5368714, 54.134333 ], [ 37.5355625, 54.1348862 ], [ 37.5341677, 54.1349113 ], [ 37.5321078, 54.1338427 ], [ 37.5311954, 54.132973 ], [ 37.5299191, 54.1305111 ], [ 37.5289964, 54.1299956 ], [ 37.5268292, 54.1290903 ], [ 37.5241899, 54.127506 ], [ 37.5207269, 54.1256882 ], [ 37.5197482, 54.1250163 ], [ 37.515564, 54.1240166 ], [ 37.514888, 54.1240732 ], [ 37.5141263, 54.1237085 ], [ 37.5126457, 54.1244064 ], [ 37.5116801, 54.1243813 ], [ 37.5115084, 54.1246139 ], [ 37.5140404, 54.1256953 ], [ 37.5129461, 54.126651 ], [ 37.5140404, 54.1273426 ], [ 37.5165295, 54.1289646 ], [ 37.5174308, 54.1308882 ], [ 37.5170874, 54.131454 ], [ 37.5177955, 54.1333524 ], [ 37.5191045, 54.1335662 ], [ 37.5202417, 54.1332393 ], [ 37.5206923, 54.1338553 ], [ 37.5212931, 54.1334027 ], [ 37.521894, 54.133981 ], [ 37.5206709, 54.1349616 ], [ 37.5206923, 54.1354016 ], [ 37.520113, 54.1358542 ], [ 37.520113, 54.1361811 ], [ 37.5210356, 54.1365456 ], [ 37.5276661, 54.1381044 ], [ 37.5284385, 54.1379033 ], [ 37.5321078, 54.1381547 ], [ 37.5352406, 54.1399522 ], [ 37.5392532, 54.1405682 ], [ 37.5410556, 54.1420514 ], [ 37.5432873, 54.1442887 ], [ 37.5486517, 54.1460734 ], [ 37.5513553, 54.1493913 ], [ 37.5567198, 54.1536136 ], [ 37.5573635, 54.1545812 ], [ 37.5574708, 54.1553728 ], [ 37.5569773, 54.1562775 ], [ 37.5563121, 54.1568807 ], [ 37.5559902, 54.1574775 ], [ 37.5542736, 54.1574963 ], [ 37.5539517, 54.1572199 ], [ 37.5539088, 54.1569937 ], [ 37.553072, 54.1563404 ], [ 37.5523853, 54.156554 ], [ 37.5519562, 54.1562775 ], [ 37.552557, 54.1560011 ], [ 37.5518918, 54.1560891 ], [ 37.5516128, 54.1560137 ], [ 37.5513339, 54.1557749 ], [ 37.5508404, 54.1559634 ], [ 37.5504541, 54.1558126 ], [ 37.550497, 54.1555613 ], [ 37.5509906, 54.1554734 ], [ 37.550776, 54.1550461 ], [ 37.5501752, 54.1554105 ], [ 37.5496816, 54.1552597 ], [ 37.5490808, 54.1549833 ], [ 37.5490594, 54.1542294 ], [ 37.5481796, 54.1531613 ], [ 37.5466347, 54.1529853 ], [ 37.5454545, 54.1524199 ], [ 37.5419247, 54.1523068 ], [ 37.5387919, 54.1525455 ], [ 37.5388026, 54.1528283 ], [ 37.5410771, 54.1537707 ], [ 37.541281, 54.1543613 ], [ 37.5455296, 54.1569686 ], [ 37.5468278, 54.1575466 ], [ 37.5529754, 54.1575403 ], [ 37.5533509, 54.1587402 ], [ 37.5534582, 54.1606751 ], [ 37.5528788, 54.1623083 ], [ 37.5544023, 54.1624968 ], [ 37.5545311, 54.1653925 ], [ 37.5548315, 54.1687214 ], [ 37.5546384, 54.1688093 ], [ 37.5543272, 54.1688093 ], [ 37.5540161, 54.1687277 ], [ 37.5536596, 54.169084 ], [ 37.5535118, 54.1691736 ], [ 37.5531256, 54.1691987 ], [ 37.5525784, 54.1690606 ], [ 37.5522673, 54.1692113 ], [ 37.5521064, 54.1691485 ], [ 37.5515592, 54.1691108 ], [ 37.5514131, 54.1691505 ], [ 37.5512588, 54.1691924 ], [ 37.5511833, 54.1692412 ], [ 37.5509477, 54.1693934 ], [ 37.5503898, 54.1693871 ], [ 37.5503977, 54.1693018 ], [ 37.5504219, 54.1690417 ], [ 37.5501537, 54.168533 ], [ 37.5496817, 54.1685581 ], [ 37.5493598, 54.168533 ], [ 37.5487804, 54.1686272 ], [ 37.5481796, 54.1690291 ], [ 37.5478899, 54.1690668 ], [ 37.5475681, 54.1692992 ], [ 37.5474393, 54.1696509 ], [ 37.5469887, 54.1696195 ], [ 37.5465274, 54.1698331 ], [ 37.5420427, 54.1681122 ], [ 37.5412273, 54.1669691 ], [ 37.5260138, 54.161542 ], [ 37.5235462, 54.1637782 ], [ 37.5175595, 54.1638913 ], [ 37.5055218, 54.1615671 ], [ 37.4966168, 54.1602354 ], [ 37.4962583, 54.1622023 ], [ 37.4956298, 54.16565 ], [ 37.5003934, 54.1664163 ], [ 37.500329, 54.1667681 ], [ 37.5010156, 54.1668937 ], [ 37.5028181, 54.1657505 ], [ 37.5089764, 54.1657882 ], [ 37.516787, 54.1684388 ], [ 37.5246835, 54.1697954 ], [ 37.5252199, 54.1700968 ], [ 37.5254559, 54.1703355 ], [ 37.5246191, 54.1713027 ], [ 37.5250268, 54.1715036 ], [ 37.5206279, 54.1754977 ], [ 37.5189006, 54.1778839 ], [ 37.5173557, 54.1780283 ], [ 37.5163793, 54.1784365 ], [ 37.5159931, 54.1790392 ], [ 37.5164222, 54.1811992 ], [ 37.5147486, 54.1809543 ], [ 37.513504, 54.1819778 ], [ 37.5133216, 54.1827689 ], [ 37.5151649, 54.1837782 ], [ 37.5156944, 54.1839533 ], [ 37.5191234, 54.1844682 ], [ 37.5219443, 54.1848658 ], [ 37.5232835, 54.1850588 ], [ 37.524571, 54.1852974 ], [ 37.5251113, 54.1854347 ], [ 37.5266675, 54.1859526 ], [ 37.5307875, 54.1874393 ], [ 37.5297434, 54.1878231 ], [ 37.5282999, 54.188746 ], [ 37.5279523, 54.1888711 ], [ 37.5265088, 54.1882924 ], [ 37.5255197, 54.1888242 ], [ 37.5242098, 54.1892778 ], [ 37.5220445, 54.189575 ], [ 37.5207614, 54.1905134 ], [ 37.5192377, 54.1899269 ], [ 37.5165243, 54.1893013 ], [ 37.5160833, 54.1891918 ], [ 37.5158199, 54.1891362 ], [ 37.5160565, 54.1887773 ], [ 37.5165511, 54.1879365 ], [ 37.5128353, 54.187041 ], [ 37.5124076, 54.1878701 ], [ 37.5118729, 54.188965 ], [ 37.5117927, 54.1892309 ], [ 37.5129155, 54.1896219 ], [ 37.5114318, 54.1909827 ], [ 37.5098584, 54.1911443 ], [ 37.507925, 54.1909086 ], [ 37.5076028, 54.1887404 ], [ 37.5059916, 54.1883161 ], [ 37.502154, 54.1863217 ], [ 37.5043775, 54.1986668 ], [ 37.5047572, 54.1987943 ], [ 37.5113085, 54.1925583 ], [ 37.511766, 54.1930628 ], [ 37.5126214, 54.1938761 ], [ 37.5130491, 54.1945329 ], [ 37.5131828, 54.1949552 ], [ 37.5129288, 54.1953462 ], [ 37.5129823, 54.1954869 ], [ 37.5135704, 54.1959795 ], [ 37.5139981, 54.1963549 ], [ 37.514212, 54.1965582 ], [ 37.5145461, 54.1966598 ], [ 37.5149979, 54.1972948 ], [ 37.5103026, 54.2006406 ], [ 37.5098133, 54.2005207 ], [ 37.509579, 54.2006959 ], [ 37.5067718, 54.1997108 ], [ 37.5055647, 54.1997111 ], [ 37.5056929, 54.2008506 ], [ 37.5063619, 54.2035405 ], [ 37.5065765, 54.2051263 ] ] ] ] } },
{ "type": "Feature", "properties": { "element": "relation", "id": 2538203, "addr:country": "RU", "addr:region": "Тульская область", "name": "Тула", "name:ar": null, "name:az": null, "name:de": "Tula", "name:diq": null, "name:en": "Tula", "name:eo": null, "name:es": null, "name:fa": null, "name:fi": null, "name:fr": "Toula", "name:hr": "Tula", "name:it": null, "name:ja": null, "name:ko": null, "name:nn": null, "name:no": null, "name:pl": "Tuła", "name:pt": null, "name:ru": null, "name:tl": null, "name:war": null, "name:zh": null, "official_status": null, "place": "city", "population": 475161.0, "population:date": null, "wikidata": "Q2770", "wikipedia": null, "addr:district": null, "start_date": null, "addr:subdistrict": null, "name:ca": null, "name:et": "Tula", "name:id": null, "name:lt": "Tula", "name:ro": "Tula", "source": null, "addr:postcode": null, "name:hsb": null, "name:nl": null, "name:pnb": null, "name:sr": "Тула", "name:sv": null, "name:tt": null, "name:uk": "Тула", "name:vi": null, "admin_level": null, "capital": null, "contact:website": null, "int_name": "Tula", "is_in:country": "Russian Federation", "is_in:country_code": "RU", "name:be": "Тула", "name:bn": null, "name:eu": null, "name:he": null, "name:hu": "Tula", "name:ml": null, "name:ru:word_stress": null, "name:sk": null, "name:sr-Latn": null, "name:zh-Hant": null, "wikimedia_commons": null, "addr:city": null, "website": null, "name:be-tarask": null, "name:bg": null, "description": null, "name:io": null, "alt_name": null, "landuse": null, "is_in": null, "type": "multipolygon", "ele": null, "name:pa": null, "tourism": 150, "leisure": 751, "healthcare": 306 }, "geometry": { "type": "MultiPolygon", "coordinates": [ [ [ [ 37.6022783, 54.0694945 ], [ 37.6057617, 54.0678785 ], [ 37.6085569, 54.0662685 ], [ 37.6088378, 54.0661067 ], [ 37.6101362, 54.0664676 ], [ 37.6102799, 54.0653582 ], [ 37.6116401, 54.0647889 ], [ 37.6131982, 54.0637463 ], [ 37.6140217, 54.0628814 ], [ 37.6132496, 54.0626593 ], [ 37.6132022, 54.0626457 ], [ 37.610669, 54.0618514 ], [ 37.6090657, 54.0625631 ], [ 37.6078124, 54.06263 ], [ 37.6074137, 54.0631649 ], [ 37.594255, 54.0686808 ], [ 37.5952234, 54.0700178 ], [ 37.5972036, 54.0716823 ], [ 37.597331, 54.0717894 ], [ 37.5982682, 54.0713547 ], [ 37.6022783, 54.0694945 ] ] ], [ [ [ 37.5462019, 54.0769114 ], [ 37.5437524, 54.0806878 ], [ 37.5457004, 54.0862249 ], [ 37.5518436, 54.0831525 ], [ 37.5462019, 54.0769114 ] ] ], [ [ [ 37.5274608, 54.1051084 ], [ 37.5291387, 54.1045705 ], [ 37.5293549, 54.1037542 ], [ 37.5286918, 54.1027622 ], [ 37.5287825, 54.1016789 ], [ 37.5273666, 54.101392 ], [ 37.5257716, 54.101058 ], [ 37.5226726, 54.1021153 ], [ 37.5233121, 54.1029031 ], [ 37.5225659, 54.105022 ], [ 37.5253786, 54.1051914 ], [ 37.5274608, 54.1051084 ] ] ], [ [ [ 37.5065765, 54.2051263 ], [ 37.5086461, 54.2044075 ], [ 37.5100492, 54.2039531 ], [ 37.5113724, 54.203784 ], [ 37.5174718, 54.2030798 ], [ 37.5175595, 54.2028302 ], [ 37.5155931, 54.202226 ], [ 37.5169587, 54.2005898 ], [ 37.5176668, 54.2007341 ], [ 37.5193791, 54.198671 ], [ 37.5227415, 54.1987195 ], [ 37.5245806, 54.1984756 ], [ 37.5294685, 54.1976463 ], [ 37.5318503, 54.1982739 ], [ 37.5314963, 54.2001254 ], [ 37.5327086, 54.2013617 ], [ 37.5322473, 54.2020081 ], [ 37.5324726, 54.2024787 ], [ 37.5322108, 54.2025553 ], [ 37.5314426, 54.20278 ], [ 37.5296295, 54.2032193 ], [ 37.5247041, 54.2025582 ], [ 37.5226952, 54.202766 ], [ 37.5227959, 54.2030177 ], [ 37.5230399, 54.2035568 ], [ 37.5190693, 54.20618 ], [ 37.5189113, 54.2070722 ], [ 37.5192802, 54.2072692 ], [ 37.5264377, 54.2053383 ], [ 37.5269103, 54.2045383 ], [ 37.5309712, 54.204274 ], [ 37.5339264, 54.2064105 ], [ 37.535947, 54.2078502 ], [ 37.5375128, 54.2080235 ], [ 37.5355585, 54.2148932 ], [ 37.5366646, 54.2147802 ], [ 37.5375585, 54.2149991 ], [ 37.5386125, 54.2158038 ], [ 37.5390396, 54.2166163 ], [ 37.54011, 54.2194868 ], [ 37.5458502, 54.2188995 ], [ 37.5465552, 54.2208649 ], [ 37.5481464, 54.2219388 ], [ 37.5509602, 54.2257371 ], [ 37.5535489, 54.2273294 ], [ 37.5552587, 54.2288344 ], [ 37.5594397, 54.2282753 ], [ 37.5597829, 54.225246 ], [ 37.5599491, 54.2225352 ], [ 37.5583704, 54.2211043 ], [ 37.5598669, 54.2179204 ], [ 37.5621531, 54.2173371 ], [ 37.5656864, 54.2170697 ], [ 37.5669264, 54.2131626 ], [ 37.5658388, 54.2126469 ], [ 37.5641928, 54.2124922 ], [ 37.5608272, 54.2109452 ], [ 37.5585285, 54.2108296 ], [ 37.5589051, 54.2098647 ], [ 37.5647037, 54.2108137 ], [ 37.5652622, 54.2103323 ], [ 37.56682, 54.2104355 ], [ 37.5671727, 54.209851 ], [ 37.569289, 54.2103495 ], [ 37.5690157, 54.2113271 ], [ 37.5694025, 54.2117996 ], [ 37.5686424, 54.2120685 ], [ 37.5688473, 54.212994 ], [ 37.5713591, 54.2131829 ], [ 37.5718245, 54.2124063 ], [ 37.5723043, 54.2118555 ], [ 37.5727281, 54.2097823 ], [ 37.5749914, 54.2100573 ], [ 37.575264, 54.2097078 ], [ 37.5755162, 54.2106564 ], [ 37.5766524, 54.2110265 ], [ 37.5741583, 54.2129998 ], [ 37.5718046, 54.214682 ], [ 37.5697531, 54.2163417 ], [ 37.5751176, 54.2187668 ], [ 37.5822874, 54.221428 ], [ 37.5737645, 54.2310446 ], [ 37.57088, 54.2314799 ], [ 37.572967, 54.234474 ], [ 37.5774553, 54.2327227 ], [ 37.5781508, 54.2324763 ], [ 37.5795081, 54.2330148 ], [ 37.5840811, 54.2271126 ], [ 37.5858455, 54.2248378 ], [ 37.5866248, 54.2246125 ], [ 37.5872932, 54.2244248 ], [ 37.5881219, 54.2242497 ], [ 37.5896419, 54.2246579 ], [ 37.5886735, 54.2258901 ], [ 37.5893001, 54.2267226 ], [ 37.5946832, 54.2279214 ], [ 37.5957086, 54.2263063 ], [ 37.5967339, 54.2263729 ], [ 37.5970187, 54.2252407 ], [ 37.5991525, 54.2251922 ], [ 37.5994397, 54.2269224 ], [ 37.6004651, 54.2277216 ], [ 37.6004651, 54.2285873 ], [ 37.5980726, 54.2290202 ], [ 37.5953383, 54.2286206 ], [ 37.5892431, 54.2318505 ], [ 37.5930225, 54.2357716 ], [ 37.5914845, 54.2377026 ], [ 37.579901, 54.2342144 ], [ 37.5775655, 54.2380763 ], [ 37.5781351, 54.2417382 ], [ 37.5804137, 54.2444677 ], [ 37.5851987, 54.242637 ], [ 37.5865286, 54.2433284 ], [ 37.586596, 54.2441869 ], [ 37.585959, 54.2456584 ], [ 37.5868779, 54.2466582 ], [ 37.5898326, 54.2484875 ], [ 37.5878388, 54.2503513 ], [ 37.592225, 54.2541452 ], [ 37.5882376, 54.2549438 ], [ 37.5851045, 54.2526476 ], [ 37.5823133, 54.2524812 ], [ 37.581231, 54.2554763 ], [ 37.5809461, 54.2574395 ], [ 37.5776992, 54.2600682 ], [ 37.5799208, 54.2610664 ], [ 37.5824693, 54.2582159 ], [ 37.5826229, 54.2580441 ], [ 37.5826925, 54.2579662 ], [ 37.5900978, 54.2614932 ], [ 37.5908099, 54.2615265 ], [ 37.5925473, 54.2624914 ], [ 37.5936011, 54.2624581 ], [ 37.5955094, 54.2633398 ], [ 37.5957658, 54.2674818 ], [ 37.5963069, 54.2693946 ], [ 37.5973323, 54.2708749 ], [ 37.5962959, 54.2710325 ], [ 37.5991523, 54.275687 ], [ 37.6009548, 54.2753111 ], [ 37.6041627, 54.2765201 ], [ 37.6051079, 54.2758476 ], [ 37.6074149, 54.276413 ], [ 37.6081555, 54.2752656 ], [ 37.6101207, 54.2756481 ], [ 37.6123993, 54.2758642 ], [ 37.6115449, 54.2768122 ], [ 37.6116018, 54.2775439 ], [ 37.6106619, 54.2787412 ], [ 37.6111176, 54.2809029 ], [ 37.6106334, 54.2816844 ], [ 37.6106334, 54.282865 ], [ 37.6092663, 54.283846 ], [ 37.6080985, 54.2843282 ], [ 37.6070287, 54.2844146 ], [ 37.6074099, 54.2862845 ], [ 37.60647, 54.2865838 ], [ 37.60647, 54.2872655 ], [ 37.6052168, 54.2872821 ], [ 37.6053592, 54.2882962 ], [ 37.6044193, 54.2884292 ], [ 37.6064415, 54.2919536 ], [ 37.6093017, 54.2948158 ], [ 37.6116478, 54.2956869 ], [ 37.6135561, 54.297 ], [ 37.6166037, 54.2992605 ], [ 37.6177569, 54.2993257 ], [ 37.6183411, 54.2994766 ], [ 37.6187826, 54.2991608 ], [ 37.6206909, 54.2991525 ], [ 37.6219441, 54.2988949 ], [ 37.6217305, 54.2985541 ], [ 37.62099, 54.2985292 ], [ 37.6205686, 54.2981704 ], [ 37.6202637, 54.2961024 ], [ 37.6167569, 54.2961953 ], [ 37.6156127, 54.2956938 ], [ 37.6147868, 54.2940481 ], [ 37.6139893, 54.2937489 ], [ 37.6127645, 54.2937656 ], [ 37.6117961, 54.2929012 ], [ 37.6113018, 54.2917381 ], [ 37.6133911, 54.2910393 ], [ 37.6134196, 54.2899753 ], [ 37.6141317, 54.2896262 ], [ 37.6133911, 54.2890942 ], [ 37.6134794, 54.2890383 ], [ 37.6136675, 54.2889193 ], [ 37.6154134, 54.2878141 ], [ 37.6159545, 54.2879305 ], [ 37.6162109, 54.2872987 ], [ 37.6168659, 54.2868332 ], [ 37.6178913, 54.2870327 ], [ 37.6179483, 54.2862513 ], [ 37.6209674, 54.2846053 ], [ 37.6212237, 54.2841397 ], [ 37.6198851, 54.2837573 ], [ 37.6198566, 54.2825601 ], [ 37.6213661, 54.2817786 ], [ 37.6211667, 54.2809306 ], [ 37.6224108, 54.2809602 ], [ 37.623089, 54.2807614 ], [ 37.623888, 54.2804978 ], [ 37.62467, 54.2807976 ], [ 37.6249984, 54.2807876 ], [ 37.6254391, 54.2801823 ], [ 37.6266186, 54.2792316 ], [ 37.6260657, 54.2786691 ], [ 37.6253031, 54.2771428 ], [ 37.6291277, 54.274609 ], [ 37.6294668, 54.2743757 ], [ 37.6326568, 54.2711825 ], [ 37.6344797, 54.26749 ], [ 37.6365768, 54.2591436 ], [ 37.6454206, 54.2567983 ], [ 37.6522682, 54.2567983 ], [ 37.6544835, 54.2571748 ], [ 37.6679024, 54.2521481 ], [ 37.6683876, 54.2513382 ], [ 37.6684928, 54.2508286 ], [ 37.6693523, 54.2506723 ], [ 37.6695955, 54.2504583 ], [ 37.6693725, 54.2502832 ], [ 37.6688059, 54.2502068 ], [ 37.6677954, 54.2501516 ], [ 37.6673387, 54.2501015 ], [ 37.6669806, 54.2499362 ], [ 37.6669823, 54.2495388 ], [ 37.667366, 54.2491774 ], [ 37.6682138, 54.2487412 ], [ 37.6678115, 54.2485826 ], [ 37.6664972, 54.2485594 ], [ 37.6659715, 54.2484215 ], [ 37.6658114, 54.2482061 ], [ 37.6669049, 54.2472931 ], [ 37.6668177, 54.2470035 ], [ 37.6654351, 54.2464907 ], [ 37.6656324, 54.2461749 ], [ 37.6662612, 54.2461146 ], [ 37.666438, 54.2460069 ], [ 37.6664914, 54.2457769 ], [ 37.6661509, 54.2456335 ], [ 37.6655708, 54.2456075 ], [ 37.6649537, 54.2455023 ], [ 37.664459, 54.2454647 ], [ 37.6639026, 54.2455134 ], [ 37.6634642, 54.245545 ], [ 37.6630232, 54.245532 ], [ 37.6628533, 54.2453462 ], [ 37.6629895, 54.2449521 ], [ 37.6632548, 54.2446686 ], [ 37.6631997, 54.2445148 ], [ 37.6668825, 54.2422578 ], [ 37.667894, 54.2421593 ], [ 37.6678907, 54.2418766 ], [ 37.6678674, 54.2398593 ], [ 37.6683998, 54.2398605 ], [ 37.6683436, 54.2391544 ], [ 37.6677501, 54.2391012 ], [ 37.6678693, 54.2370738 ], [ 37.6697039, 54.2371536 ], [ 37.6709488, 54.2320932 ], [ 37.6762067, 54.2318336 ], [ 37.6767251, 54.2343811 ], [ 37.676134, 54.2349018 ], [ 37.6764431, 54.2351482 ], [ 37.6790843, 54.234869 ], [ 37.6806297, 54.2353288 ], [ 37.684423, 54.2345405 ], [ 37.6854626, 54.2333581 ], [ 37.6847035, 54.2319677 ], [ 37.685443, 54.2322917 ], [ 37.6928953, 54.2341232 ], [ 37.6934191, 54.2342519 ], [ 37.6925993, 54.2350623 ], [ 37.6956813, 54.2360877 ], [ 37.6967813, 54.2355304 ], [ 37.6989197, 54.2347668 ], [ 37.6979495, 54.2323396 ], [ 37.6965066, 54.2325296 ], [ 37.695023, 54.2332457 ], [ 37.6940699, 54.2337883 ], [ 37.691307, 54.2321592 ], [ 37.6893963, 54.2296628 ], [ 37.6953687, 54.2286222 ], [ 37.7005355, 54.2277219 ], [ 37.7010851, 54.2276261 ], [ 37.7008627, 54.2270543 ], [ 37.700327, 54.2246647 ], [ 37.7025278, 54.224117 ], [ 37.7041944, 54.2239658 ], [ 37.7037048, 54.2223047 ], [ 37.7037486, 54.2193305 ], [ 37.7061405, 54.2189535 ], [ 37.7084187, 54.2182298 ], [ 37.7089531, 54.2193848 ], [ 37.7085399, 54.219454 ], [ 37.7084637, 54.2194679 ], [ 37.7083768, 54.2194812 ], [ 37.7084241, 54.2195784 ], [ 37.710287, 54.2238979 ], [ 37.709375, 54.2240704 ], [ 37.7086133, 54.2249046 ], [ 37.7085435, 54.2251147 ], [ 37.7089058, 54.2253798 ], [ 37.7104252, 54.2253756 ], [ 37.7108449, 54.2252088 ], [ 37.7107322, 54.2246694 ], [ 37.7106088, 54.2245408 ], [ 37.7106991, 54.2243102 ], [ 37.7180315, 54.2229103 ], [ 37.71691, 54.2204112 ], [ 37.7190463, 54.2201438 ], [ 37.7171687, 54.2160945 ], [ 37.715262, 54.216191 ], [ 37.7132435, 54.216604 ], [ 37.7117543, 54.2170542 ], [ 37.709366, 54.218155 ], [ 37.7084468, 54.2173262 ], [ 37.7036702, 54.2192155 ], [ 37.6999587, 54.2194735 ], [ 37.6996617, 54.2178879 ], [ 37.7005698, 54.2171131 ], [ 37.7053254, 54.2168395 ], [ 37.7056145, 54.2148146 ], [ 37.7045202, 54.2146766 ], [ 37.7027178, 54.2140994 ], [ 37.7023479, 54.2143346 ], [ 37.701803, 54.2139266 ], [ 37.7016146, 54.2138139 ], [ 37.7018503, 54.2136303 ], [ 37.7021407, 54.2135469 ], [ 37.7023904, 54.2134034 ], [ 37.7029353, 54.2129767 ], [ 37.7034419, 54.2124828 ], [ 37.7034712, 54.2124481 ], [ 37.703422, 54.2122949 ], [ 37.7034397, 54.2121236 ], [ 37.7034978, 54.2120255 ], [ 37.7040173, 54.2117252 ], [ 37.7044136, 54.2114615 ], [ 37.7050096, 54.211372 ], [ 37.7054869, 54.2112898 ], [ 37.7058881, 54.2112073 ], [ 37.7063269, 54.2110501 ], [ 37.7065481, 54.2109181 ], [ 37.7064933, 54.2107116 ], [ 37.7064527, 54.2105301 ], [ 37.7063845, 54.2103879 ], [ 37.7062872, 54.210324 ], [ 37.7061359, 54.2102894 ], [ 37.7063963, 54.2103152 ], [ 37.7066489, 54.2103636 ], [ 37.7070013, 54.2103965 ], [ 37.7080148, 54.2104301 ], [ 37.7091483, 54.2104676 ], [ 37.7093612, 54.2104427 ], [ 37.7095815, 54.210395 ], [ 37.7098418, 54.2103864 ], [ 37.7101905, 54.2104199 ], [ 37.7104757, 54.2104848 ], [ 37.7109573, 54.2105234 ], [ 37.7111127, 54.210556 ], [ 37.7116442, 54.2105713 ], [ 37.7120404, 54.2105872 ], [ 37.7123931, 54.2106334 ], [ 37.7128688, 54.210643 ], [ 37.713358, 54.2106872 ], [ 37.7137444, 54.2107211 ], [ 37.7144286, 54.2107736 ], [ 37.7150041, 54.2107974 ], [ 37.7158281, 54.2108585 ], [ 37.7165045, 54.2108908 ], [ 37.717292, 54.2109038 ], [ 37.718216, 54.2108709 ], [ 37.7188608, 54.2108352 ], [ 37.7195531, 54.2107126 ], [ 37.7201469, 54.2105789 ], [ 37.7205174, 54.2104814 ], [ 37.7208424, 54.2102826 ], [ 37.7210221, 54.2102665 ], [ 37.7210349, 54.2096766 ], [ 37.7241344, 54.2096766 ], [ 37.7285054, 54.2104202 ], [ 37.733095, 54.2092583 ], [ 37.733095, 54.208503 ], [ 37.7340552, 54.2083404 ], [ 37.7269159, 54.2073759 ], [ 37.7255053, 54.2075037 ], [ 37.7207766, 54.2064114 ], [ 37.7190481, 54.2067019 ], [ 37.7173394, 54.2065509 ], [ 37.7117961, 54.2069692 ], [ 37.7125676, 54.2077826 ], [ 37.7118955, 54.208015 ], [ 37.7100279, 54.2079918 ], [ 37.7058593, 54.2099281 ], [ 37.7057003, 54.209045 ], [ 37.7049241, 54.2089889 ], [ 37.7049837, 54.2086403 ], [ 37.7041691, 54.2086055 ], [ 37.7041095, 54.2090005 ], [ 37.7012498, 54.2089753 ], [ 37.7014088, 54.2080457 ], [ 37.7007333, 54.2074415 ], [ 37.7040711, 54.2060006 ], [ 37.7054619, 54.2044434 ], [ 37.7032764, 54.2023981 ], [ 37.705144, 54.2017008 ], [ 37.7037856, 54.1992395 ], [ 37.7078831, 54.1985298 ], [ 37.7083997, 54.1995758 ], [ 37.709552, 54.200738 ], [ 37.7122939, 54.2003429 ], [ 37.7125323, 54.2011564 ], [ 37.7156317, 54.2008542 ], [ 37.715592, 54.2002266 ], [ 37.7178184, 54.1995156 ], [ 37.7181244, 54.1997174 ], [ 37.7178025, 54.2029808 ], [ 37.7224803, 54.2023783 ], [ 37.7229094, 54.1997049 ], [ 37.7309775, 54.2013993 ], [ 37.7311492, 54.2001442 ], [ 37.7312779, 54.1977216 ], [ 37.7315783, 54.1965166 ], [ 37.7317071, 54.1957132 ], [ 37.7317178, 54.1949223 ], [ 37.7322972, 54.1943448 ], [ 37.7324045, 54.1939808 ], [ 37.7321255, 54.1929451 ], [ 37.7317607, 54.1915202 ], [ 37.73175, 54.1910745 ], [ 37.7320933, 54.1906288 ], [ 37.7319431, 54.1897186 ], [ 37.7312994, 54.1897563 ], [ 37.7300441, 54.1895554 ], [ 37.7301192, 54.1889151 ], [ 37.7303123, 54.188507 ], [ 37.7312028, 54.1878542 ], [ 37.7325439, 54.1872578 ], [ 37.732265, 54.1871134 ], [ 37.7325332, 54.1868685 ], [ 37.7324903, 54.1866111 ], [ 37.7328014, 54.1864981 ], [ 37.7331662, 54.1861654 ], [ 37.7330375, 54.1858452 ], [ 37.7326834, 54.185795 ], [ 37.7306127, 54.1858264 ], [ 37.729969, 54.1857762 ], [ 37.7298588, 54.1852047 ], [ 37.729186, 54.1850986 ], [ 37.72751, 54.1843683 ], [ 37.7269005, 54.184183 ], [ 37.726702, 54.1841849 ], [ 37.7266054, 54.1841817 ], [ 37.7264526, 54.1841723 ], [ 37.7263024, 54.1841652 ], [ 37.7261412, 54.1841909 ], [ 37.7260596, 54.184201 ], [ 37.7259818, 54.18419 ], [ 37.7259108, 54.1842049 ], [ 37.7258316, 54.1842582 ], [ 37.7257297, 54.1842692 ], [ 37.7256399, 54.1843249 ], [ 37.7251463, 54.1844576 ], [ 37.724941, 54.1844542 ], [ 37.7247695, 54.184496 ], [ 37.7246273, 54.1845196 ], [ 37.7244945, 54.1845557 ], [ 37.7243484, 54.1846153 ], [ 37.7235761, 54.185045 ], [ 37.7231784, 54.1855265 ], [ 37.72288, 54.1862832 ], [ 37.7228236, 54.1870223 ], [ 37.7227592, 54.1873237 ], [ 37.7223998, 54.1875811 ], [ 37.7217628, 54.1877349 ], [ 37.7212036, 54.1877882 ], [ 37.7205276, 54.1877663 ], [ 37.720077, 54.1876093 ], [ 37.7198356, 54.1873582 ], [ 37.7203131, 54.1868936 ], [ 37.720482, 54.1865537 ], [ 37.720198, 54.1861763 ], [ 37.7201376, 54.1856466 ], [ 37.7203851, 54.1853726 ], [ 37.7205789, 54.1850734 ], [ 37.7205047, 54.1848171 ], [ 37.7197035, 54.1845621 ], [ 37.7199809, 54.1834317 ], [ 37.7201182, 54.1833561 ], [ 37.72039, 54.1833561 ], [ 37.720834, 54.1834632 ], [ 37.721165, 54.1834884 ], [ 37.721531, 54.1834034 ], [ 37.7216252, 54.1832663 ], [ 37.7210957, 54.1829472 ], [ 37.7198002, 54.182055 ], [ 37.7188678, 54.1817454 ], [ 37.7184894, 54.1815704 ], [ 37.7183952, 54.1813591 ], [ 37.7184144, 54.1811011 ], [ 37.718061, 54.1808583 ], [ 37.7171051, 54.1803892 ], [ 37.7170837, 54.180113 ], [ 37.7175772, 54.1797551 ], [ 37.7176523, 54.1792778 ], [ 37.7177596, 54.1790581 ], [ 37.7190792, 54.1790895 ], [ 37.7196801, 54.1791962 ], [ 37.7204847, 54.1792276 ], [ 37.72071, 54.179372 ], [ 37.7208066, 54.1797613 ], [ 37.7209997, 54.1798932 ], [ 37.7214808, 54.1798119 ], [ 37.7215347, 54.1792644 ], [ 37.721198, 54.17881 ], [ 37.7210631, 54.1785383 ], [ 37.7211727, 54.1783419 ], [ 37.7215021, 54.1781295 ], [ 37.7215513, 54.1779243 ], [ 37.7209327, 54.1772627 ], [ 37.7208196, 54.176761 ], [ 37.7208085, 54.176712 ], [ 37.7204833, 54.1760955 ], [ 37.7199486, 54.1759905 ], [ 37.7192293, 54.1760796 ], [ 37.7186949, 54.1765397 ], [ 37.7181967, 54.1765095 ], [ 37.7174755, 54.1757912 ], [ 37.7170181, 54.1753116 ], [ 37.7177744, 54.1751265 ], [ 37.7184, 54.1748757 ], [ 37.7194702, 54.173753 ], [ 37.7210636, 54.1713143 ], [ 37.7239473, 54.1686279 ], [ 37.7267091, 54.1662988 ], [ 37.7289741, 54.1653179 ], [ 37.7313137, 54.1643958 ], [ 37.7348614, 54.162993 ], [ 37.7363526, 54.1624433 ], [ 37.7376294, 54.1617681 ], [ 37.7385521, 54.1611211 ], [ 37.7405443, 54.159299 ], [ 37.7412557, 54.1579863 ], [ 37.7413416, 54.1573079 ], [ 37.7415669, 54.1564723 ], [ 37.7413416, 54.1543425 ], [ 37.7412128, 54.1535759 ], [ 37.7408909, 54.1532275 ], [ 37.7402526, 54.1528628 ], [ 37.7382314, 54.1524936 ], [ 37.7378853, 54.1523532 ], [ 37.7367547, 54.1518016 ], [ 37.7353783, 54.1513445 ], [ 37.7327968, 54.1508173 ], [ 37.7317969, 54.1504773 ], [ 37.7314075, 54.1501812 ], [ 37.7311903, 54.1497776 ], [ 37.7304063, 54.1490303 ], [ 37.7295706, 54.148279 ], [ 37.7286445, 54.1473 ], [ 37.7282527, 54.1466438 ], [ 37.727219, 54.1458544 ], [ 37.7270672, 54.1453557 ], [ 37.7271579, 54.1443142 ], [ 37.7273745, 54.1434524 ], [ 37.7277826, 54.1428491 ], [ 37.7290495, 54.1423771 ], [ 37.7299593, 54.1422912 ], [ 37.7306978, 54.1421774 ], [ 37.7314559, 54.1419047 ], [ 37.7316671, 54.1416575 ], [ 37.7317279, 54.1413577 ], [ 37.7316988, 54.1406031 ], [ 37.7319417, 54.1397866 ], [ 37.732442, 54.1393578 ], [ 37.7320911, 54.139258 ], [ 37.7313004, 54.1393321 ], [ 37.7310239, 54.1392739 ], [ 37.7299039, 54.1385292 ], [ 37.7299368, 54.1383621 ], [ 37.7357197, 54.1358039 ], [ 37.7349043, 54.1352508 ], [ 37.7368355, 54.1343582 ], [ 37.7371788, 54.1336542 ], [ 37.7368569, 54.1334027 ], [ 37.7335108, 54.1349519 ], [ 37.7317071, 54.1356782 ], [ 37.7308059, 54.1357411 ], [ 37.7298188, 54.1356782 ], [ 37.7291536, 54.1359296 ], [ 37.728703, 54.1364576 ], [ 37.7288317, 54.1369227 ], [ 37.727808, 54.1372416 ], [ 37.7275169, 54.1371308 ], [ 37.7269493, 54.13673 ], [ 37.7265127, 54.1366703 ], [ 37.7254211, 54.13673 ], [ 37.7242029, 54.1364043 ], [ 37.7237034, 54.1360553 ], [ 37.7225876, 54.1362942 ], [ 37.7220511, 54.1361056 ], [ 37.7217078, 54.1361811 ], [ 37.7218795, 54.1365079 ], [ 37.7214718, 54.1364828 ], [ 37.7213001, 54.1368473 ], [ 37.7209997, 54.1368976 ], [ 37.7202561, 54.136939 ], [ 37.7202167, 54.1369003 ], [ 37.7202374, 54.1368402 ], [ 37.7203032, 54.1368253 ], [ 37.7203679, 54.1367973 ], [ 37.7203593, 54.1367631 ], [ 37.7202275, 54.1366526 ], [ 37.7200063, 54.1366368 ], [ 37.7199088, 54.1366832 ], [ 37.7199237, 54.1368195 ], [ 37.7199442, 54.1368501 ], [ 37.7199355, 54.1368852 ], [ 37.7197337, 54.1369605 ], [ 37.7196488, 54.1370726 ], [ 37.7195899, 54.1370913 ], [ 37.7195638, 54.1371349 ], [ 37.7195617, 54.1372119 ], [ 37.7194877, 54.1372609 ], [ 37.719438, 54.1372756 ], [ 37.7193892, 54.1373083 ], [ 37.7192894, 54.1373348 ], [ 37.7192735, 54.137371 ], [ 37.7193105, 54.1374203 ], [ 37.7192259, 54.1374797 ], [ 37.7190955, 54.1375302 ], [ 37.7191536, 54.1377224 ], [ 37.7190256, 54.13779 ], [ 37.7190053, 54.1378232 ], [ 37.7189201, 54.137869 ], [ 37.7186374, 54.1378565 ], [ 37.7185042, 54.1378385 ], [ 37.7183765, 54.1378418 ], [ 37.718298, 54.1378602 ], [ 37.7182154, 54.137844 ], [ 37.7180668, 54.1377057 ], [ 37.7179423, 54.1377162 ], [ 37.7178358, 54.1377803 ], [ 37.7177517, 54.1377919 ], [ 37.7173519, 54.1376581 ], [ 37.7170193, 54.1378341 ], [ 37.7162469, 54.137772 ], [ 37.7160793, 54.137629 ], [ 37.71591, 54.1375992 ], [ 37.7156393, 54.1377257 ], [ 37.7153646, 54.1377439 ], [ 37.7148092, 54.137985 ], [ 37.7142727, 54.1379913 ], [ 37.713747, 54.137941 ], [ 37.7135646, 54.138073 ], [ 37.7137204, 54.138321 ], [ 37.7129638, 54.1391666 ], [ 37.7115476, 54.1391163 ], [ 37.7107305, 54.1401778 ], [ 37.7094984, 54.1415675 ], [ 37.705754, 54.145357 ], [ 37.7037692, 54.1458975 ], [ 37.7002931, 54.1445212 ], [ 37.7001107, 54.1448229 ], [ 37.7000677, 54.1454827 ], [ 37.7007866, 54.1458723 ], [ 37.7026105, 54.1464002 ], [ 37.7016127, 54.1477449 ], [ 37.7007222, 54.147613 ], [ 37.7006057, 54.1477469 ], [ 37.7005398, 54.1478266 ], [ 37.7007544, 54.1479083 ], [ 37.6997888, 54.1487126 ], [ 37.6990738, 54.1492098 ], [ 37.6977825, 54.1496929 ], [ 37.6947784, 54.1502333 ], [ 37.6948278, 54.150401 ], [ 37.6950466, 54.1511444 ], [ 37.6980614, 54.1534252 ], [ 37.7002501, 54.1545058 ], [ 37.700293, 54.1558755 ], [ 37.6999497, 54.1562524 ], [ 37.7001697, 54.1564585 ], [ 37.7003789, 54.1566545 ], [ 37.7000356, 54.1567801 ], [ 37.7027392, 54.1601348 ], [ 37.7044344, 54.1623586 ], [ 37.6976967, 54.1656375 ], [ 37.7034473, 54.1681247 ], [ 37.699306, 54.1703104 ], [ 37.6994991, 54.1708756 ], [ 37.699027, 54.1711896 ], [ 37.6943064, 54.1707123 ], [ 37.6914418, 54.1711645 ], [ 37.6884891, 54.1727931 ], [ 37.6882947, 54.1728846 ], [ 37.6859148, 54.1753604 ], [ 37.6864231, 54.1761041 ], [ 37.6876226, 54.1772122 ], [ 37.6896495, 54.1789277 ], [ 37.6892614, 54.1797554 ], [ 37.6858957, 54.1837433 ], [ 37.6849795, 54.1846481 ], [ 37.6852315, 54.1849832 ], [ 37.6853691, 54.1854231 ], [ 37.685245, 54.1858527 ], [ 37.685002, 54.1860728 ], [ 37.6844532, 54.1863023 ], [ 37.6827038, 54.1868719 ], [ 37.6809374, 54.1875602 ], [ 37.6787451, 54.1883975 ], [ 37.677947, 54.188718 ], [ 37.6770522, 54.1891613 ], [ 37.6758324, 54.1898756 ], [ 37.6749562, 54.1903826 ], [ 37.674218, 54.1906437 ], [ 37.6734619, 54.1908687 ], [ 37.6726976, 54.1910284 ], [ 37.6719235, 54.1911436 ], [ 37.6700764, 54.191325 ], [ 37.6677621, 54.1914894 ], [ 37.6655474, 54.1916498 ], [ 37.6642537, 54.1918294 ], [ 37.6627528, 54.1920073 ], [ 37.6614948, 54.1920562 ], [ 37.6599776, 54.1920824 ], [ 37.6580028, 54.1920565 ], [ 37.6571753, 54.1909226 ], [ 37.6563412, 54.1898433 ], [ 37.6560314, 54.1888116 ], [ 37.6521095, 54.1844527 ], [ 37.6478719, 54.1797425 ], [ 37.6452756, 54.1772685 ], [ 37.6425236, 54.1744176 ], [ 37.6419604, 54.1740125 ], [ 37.6414669, 54.1736766 ], [ 37.639592, 54.172733 ], [ 37.6373684, 54.1717093 ], [ 37.6391931, 54.1703567 ], [ 37.6397311, 54.1705976 ], [ 37.6408521, 54.1697269 ], [ 37.6424568, 54.170523 ], [ 37.6432298, 54.1697502 ], [ 37.6465753, 54.167683 ], [ 37.6376366, 54.1609515 ], [ 37.6391387, 54.1548451 ], [ 37.6382804, 54.1544556 ], [ 37.638452, 54.1533875 ], [ 37.6389026, 54.1524073 ], [ 37.6387524, 54.1523193 ], [ 37.640354, 54.149619 ], [ 37.6425987, 54.1477931 ], [ 37.6544041, 54.1433131 ], [ 37.6592676, 54.1420226 ], [ 37.6560669, 54.1406346 ], [ 37.654903, 54.1384673 ], [ 37.653109, 54.1375112 ], [ 37.6471297, 54.1391735 ], [ 37.6466724, 54.1398797 ], [ 37.6453422, 54.1401963 ], [ 37.642474, 54.1413164 ], [ 37.6420167, 54.1419496 ], [ 37.6407695, 54.1425793 ], [ 37.6398468, 54.1443767 ], [ 37.6358127, 54.1452188 ], [ 37.6339674, 54.1446909 ], [ 37.6313281, 54.1442887 ], [ 37.6311564, 54.1445652 ], [ 37.630341, 54.1445778 ], [ 37.6287532, 54.1450679 ], [ 37.627294, 54.144892 ], [ 37.6254701, 54.1451811 ], [ 37.6251483, 54.1448668 ], [ 37.6233887, 54.1452565 ], [ 37.6225304, 54.1456838 ], [ 37.6208138, 54.1460231 ], [ 37.6186681, 54.147104 ], [ 37.6207924, 54.1479209 ], [ 37.6228738, 54.1487504 ], [ 37.6244831, 54.1491022 ], [ 37.6254916, 54.1489766 ], [ 37.6263714, 54.1491022 ], [ 37.6268863, 54.1504595 ], [ 37.6272511, 54.1507485 ], [ 37.6303196, 54.1508239 ], [ 37.6298372, 54.1520292 ], [ 37.6295256, 54.1529728 ], [ 37.6288819, 54.1539781 ], [ 37.6277447, 54.1559383 ], [ 37.6281738, 54.1563027 ], [ 37.6284742, 54.1569435 ], [ 37.6296115, 54.15869 ], [ 37.6291609, 54.1595192 ], [ 37.6291823, 54.1601851 ], [ 37.6293111, 54.1612028 ], [ 37.6190758, 54.1603233 ], [ 37.6191187, 54.1594941 ], [ 37.620213, 54.1593182 ], [ 37.6201486, 54.1588407 ], [ 37.6195693, 54.15869 ], [ 37.619462, 54.158313 ], [ 37.624526, 54.1582879 ], [ 37.6244402, 54.1571948 ], [ 37.6223588, 54.1568681 ], [ 37.6220369, 54.1559131 ], [ 37.6223588, 54.1557372 ], [ 37.6226163, 54.1544304 ], [ 37.6218223, 54.1539655 ], [ 37.6211078, 54.1541714 ], [ 37.6195907, 54.1545058 ], [ 37.6194191, 54.1543425 ], [ 37.6165867, 54.1547823 ], [ 37.6158571, 54.1539529 ], [ 37.6158571, 54.1533749 ], [ 37.615664, 54.1512512 ], [ 37.6147413, 54.1500825 ], [ 37.6146126, 54.1494918 ], [ 37.6107931, 54.1493662 ], [ 37.6101708, 54.1490771 ], [ 37.6072955, 54.1503087 ], [ 37.6066947, 54.1508239 ], [ 37.6050424, 54.1498688 ], [ 37.6030683, 54.1482351 ], [ 37.6021242, 54.1474308 ], [ 37.6016521, 54.1469909 ], [ 37.6012015, 54.1464253 ], [ 37.6010299, 54.1463499 ], [ 37.6008396, 54.1461955 ], [ 37.6007509, 54.1460985 ], [ 37.6013946, 54.1455707 ], [ 37.6040339, 54.143434 ], [ 37.6046562, 54.1422776 ], [ 37.6075101, 54.1426044 ], [ 37.6096344, 54.1438236 ], [ 37.6132607, 54.1441379 ], [ 37.6148271, 54.1447663 ], [ 37.6159644, 54.1433586 ], [ 37.6152348, 54.1414732 ], [ 37.6153617, 54.1410069 ], [ 37.6149344, 54.1402916 ], [ 37.6157713, 54.1390849 ], [ 37.6154279, 54.138293 ], [ 37.6165008, 54.1372747 ], [ 37.6143551, 54.1358039 ], [ 37.6108145, 54.1342325 ], [ 37.6124453, 54.131454 ], [ 37.6121235, 54.1300333 ], [ 37.6117587, 54.1285748 ], [ 37.6112437, 54.1283987 ], [ 37.6119089, 54.1313534 ], [ 37.6109998, 54.1331583 ], [ 37.6102781, 54.1341445 ], [ 37.6092481, 54.136533 ], [ 37.6074886, 54.1382427 ], [ 37.6066947, 54.1381295 ], [ 37.6060295, 54.1399774 ], [ 37.6045704, 54.1418377 ], [ 37.6041841, 54.1419257 ], [ 37.6032829, 54.1418503 ], [ 37.6025319, 54.1415863 ], [ 37.6020384, 54.1411841 ], [ 37.6025963, 54.1405682 ], [ 37.6012659, 54.1400151 ], [ 37.6013946, 54.1397637 ], [ 37.6010299, 54.1396254 ], [ 37.6005149, 54.138381 ], [ 37.6002788, 54.1379787 ], [ 37.5997638, 54.1375513 ], [ 37.5990557, 54.1366462 ], [ 37.5990557, 54.1359673 ], [ 37.5989485, 54.1353513 ], [ 37.5979614, 54.1351753 ], [ 37.5979787, 54.1350435 ], [ 37.5979829, 54.1350119 ], [ 37.6010728, 54.1341193 ], [ 37.6016092, 54.1336164 ], [ 37.6026821, 54.1335536 ], [ 37.6021027, 54.1327993 ], [ 37.6004505, 54.1313283 ], [ 37.599163, 54.1306494 ], [ 37.598176, 54.1299075 ], [ 37.5963634, 54.1293025 ], [ 37.5964057, 54.1289645 ], [ 37.5980043, 54.1278141 ], [ 37.5998604, 54.1274683 ], [ 37.6007509, 54.1270659 ], [ 37.6015998, 54.1270602 ], [ 37.6027787, 54.1267956 ], [ 37.6038623, 54.1263555 ], [ 37.6053643, 54.126104 ], [ 37.6050424, 54.1258085 ], [ 37.6066732, 54.1249157 ], [ 37.6083255, 54.1256828 ], [ 37.611351, 54.1236488 ], [ 37.6106, 54.1231427 ], [ 37.6124882, 54.1222372 ], [ 37.608304, 54.1189926 ], [ 37.6076174, 54.1189801 ], [ 37.6076817, 54.1184707 ], [ 37.607907, 54.1181626 ], [ 37.6078212, 54.116842 ], [ 37.6095271, 54.1165716 ], [ 37.6092589, 54.1155277 ], [ 37.608937, 54.1147605 ], [ 37.6071721, 54.114924 ], [ 37.6066518, 54.1130813 ], [ 37.6072848, 54.1117606 ], [ 37.6083265, 54.1123998 ], [ 37.6096237, 54.1129304 ], [ 37.611351, 54.1118989 ], [ 37.6120376, 54.1125279 ], [ 37.613368, 54.1124021 ], [ 37.6153421, 54.1126033 ], [ 37.6156854, 54.1138863 ], [ 37.615385, 54.1147416 ], [ 37.6183462, 54.1157981 ], [ 37.6208782, 54.115295 ], [ 37.621994, 54.1155717 ], [ 37.6228523, 54.1154963 ], [ 37.6252985, 54.1158987 ], [ 37.6271009, 54.1159491 ], [ 37.62959, 54.1152196 ], [ 37.631371, 54.1172948 ], [ 37.6196765, 54.1187914 ], [ 37.6202344, 54.1198478 ], [ 37.6213932, 54.1197221 ], [ 37.6243543, 54.1211809 ], [ 37.6272296, 54.1212815 ], [ 37.6274013, 54.1218725 ], [ 37.6282596, 54.1219103 ], [ 37.6290107, 54.1217216 ], [ 37.6297187, 54.1218097 ], [ 37.6310062, 54.1222876 ], [ 37.6321649, 54.1225139 ], [ 37.6338386, 54.1224133 ], [ 37.6341819, 54.1219103 ], [ 37.6365852, 54.1218097 ], [ 37.6369285, 54.1213444 ], [ 37.6366496, 54.1207533 ], [ 37.6353407, 54.1189298 ], [ 37.6346111, 54.1178985 ], [ 37.6341605, 54.1179236 ], [ 37.6338386, 54.1172948 ], [ 37.6327228, 54.1173703 ], [ 37.6324653, 54.117408 ], [ 37.6302123, 54.1150938 ], [ 37.6307916, 54.1150938 ], [ 37.6314354, 54.1151692 ], [ 37.6325082, 54.1150686 ], [ 37.6325726, 54.1137354 ], [ 37.6329374, 54.113358 ], [ 37.6346111, 54.1142636 ], [ 37.6347613, 54.1147793 ], [ 37.6353836, 54.1152447 ], [ 37.6386451, 54.1163264 ], [ 37.6393318, 54.1160119 ], [ 37.6393962, 54.115622 ], [ 37.6392889, 54.1151441 ], [ 37.6404019, 54.1151433 ], [ 37.639482, 54.1142385 ], [ 37.6377868, 54.1132574 ], [ 37.6379585, 54.113031 ], [ 37.6355982, 54.1113077 ], [ 37.6347026, 54.1113372 ], [ 37.6344502, 54.1113455 ], [ 37.6342935, 54.1112072 ], [ 37.6341019, 54.1111474 ], [ 37.6340168, 54.1110761 ], [ 37.6340379, 54.110927 ], [ 37.6341513, 54.1108437 ], [ 37.6341665, 54.1107459 ], [ 37.6340761, 54.1106348 ], [ 37.6340556, 54.1105554 ], [ 37.6339429, 54.1104748 ], [ 37.6339338, 54.1103553 ], [ 37.6339594, 54.1102173 ], [ 37.6339204, 54.1101327 ], [ 37.634096, 54.1100091 ], [ 37.6341083, 54.1099092 ], [ 37.6341669, 54.1098206 ], [ 37.6340659, 54.1097146 ], [ 37.6338757, 54.1097115 ], [ 37.6337821, 54.1096504 ], [ 37.633733, 54.1095408 ], [ 37.6337877, 54.1094634 ], [ 37.6338584, 54.1093975 ], [ 37.6339637, 54.1093489 ], [ 37.6340588, 54.1093464 ], [ 37.6341605, 54.1093793 ], [ 37.6341498, 54.1092825 ], [ 37.6331091, 54.1094838 ], [ 37.6294398, 54.1110813 ], [ 37.6269399, 54.1112304 ], [ 37.6269078, 54.1112323 ], [ 37.6188183, 54.1104524 ], [ 37.6167154, 54.111836 ], [ 37.6158356, 54.1121379 ], [ 37.6154065, 54.1120876 ], [ 37.6146984, 54.1113455 ], [ 37.614398, 54.1101631 ], [ 37.6148486, 54.1095089 ], [ 37.6135182, 54.1085529 ], [ 37.6139259, 54.1082887 ], [ 37.612381, 54.1071565 ], [ 37.6109218, 54.1065024 ], [ 37.6101064, 54.1062885 ], [ 37.6102137, 54.1059992 ], [ 37.611587, 54.105823 ], [ 37.6124024, 54.1059237 ], [ 37.6131333, 54.1063984 ], [ 37.6199984, 54.1097983 ], [ 37.6221013, 54.1085277 ], [ 37.6203847, 54.1057853 ], [ 37.6218867, 54.1053827 ], [ 37.6235175, 54.1057224 ], [ 37.6264143, 54.1066533 ], [ 37.6272726, 54.1059111 ], [ 37.6266718, 54.1054959 ], [ 37.6266074, 54.105106 ], [ 37.6252341, 54.1041372 ], [ 37.625277, 54.1035082 ], [ 37.6249766, 54.1032062 ], [ 37.6248264, 54.1019229 ], [ 37.6269293, 54.1019355 ], [ 37.6278519, 54.1024136 ], [ 37.6294827, 54.1027281 ], [ 37.6300192, 54.1024514 ], [ 37.6309848, 54.1005389 ], [ 37.631886, 54.0993059 ], [ 37.6335382, 54.0981483 ], [ 37.6342678, 54.0963741 ], [ 37.6344394, 54.0953171 ], [ 37.6350617, 54.0954051 ], [ 37.6351261, 54.0950402 ], [ 37.6353621, 54.0948892 ], [ 37.6358986, 54.0948892 ], [ 37.63592, 54.0944236 ], [ 37.6354694, 54.093958 ], [ 37.6347613, 54.0935427 ], [ 37.6342396, 54.093487 ], [ 37.6322508, 54.0927751 ], [ 37.6308261, 54.0925353 ], [ 37.6287746, 54.0924605 ], [ 37.6271714, 54.0921955 ], [ 37.626071, 54.0923346 ], [ 37.6249785, 54.0920757 ], [ 37.6237106, 54.0918816 ], [ 37.6205793, 54.0905474 ], [ 37.6190328, 54.0897925 ], [ 37.6159429, 54.0902204 ], [ 37.6086903, 54.0917243 ], [ 37.6078427, 54.0916299 ], [ 37.6070166, 54.0921773 ], [ 37.6056647, 54.09258 ], [ 37.604388, 54.0928254 ], [ 37.6012874, 54.0919948 ], [ 37.6001608, 54.0929072 ], [ 37.5991845, 54.0937063 ], [ 37.5977898, 54.0922969 ], [ 37.5973284, 54.0902644 ], [ 37.5959015, 54.0900819 ], [ 37.5952685, 54.0893709 ], [ 37.5946247, 54.0895345 ], [ 37.5947769, 54.0897403 ], [ 37.5952577, 54.0903903 ], [ 37.5956225, 54.0903336 ], [ 37.5959122, 54.0909314 ], [ 37.5947106, 54.0910825 ], [ 37.5944209, 54.0907804 ], [ 37.5936592, 54.0910132 ], [ 37.5930583, 54.0909503 ], [ 37.5921571, 54.0912272 ], [ 37.5919211, 54.091051 ], [ 37.5915778, 54.0911076 ], [ 37.5913632, 54.0909881 ], [ 37.5892496, 54.0916425 ], [ 37.58955, 54.0921522 ], [ 37.5895178, 54.0929009 ], [ 37.5892818, 54.0931778 ], [ 37.5895285, 54.0939077 ], [ 37.587297, 54.0944173 ], [ 37.587533, 54.0947634 ], [ 37.5859451, 54.0951094 ], [ 37.5841641, 54.0948011 ], [ 37.5841856, 54.0946375 ], [ 37.5833595, 54.0945998 ], [ 37.5832736, 54.0947193 ], [ 37.5815999, 54.0944614 ], [ 37.581122, 54.0950484 ], [ 37.5803916, 54.0949674 ], [ 37.5792945, 54.0948569 ], [ 37.5774958, 54.094813 ], [ 37.5757849, 54.0947005 ], [ 37.5757098, 54.0944614 ], [ 37.5751412, 54.0944614 ], [ 37.5749051, 54.0946249 ], [ 37.574594, 54.0944739 ], [ 37.5734889, 54.0946124 ], [ 37.5734031, 54.0943733 ], [ 37.5731671, 54.0943859 ], [ 37.5731993, 54.0946187 ], [ 37.5728881, 54.0946879 ], [ 37.5722444, 54.0943229 ], [ 37.571944, 54.0943733 ], [ 37.571944, 54.0941782 ], [ 37.5714719, 54.0941593 ], [ 37.5714075, 54.0944739 ], [ 37.5700916, 54.094653 ], [ 37.5692463, 54.0932867 ], [ 37.5708001, 54.093125 ], [ 37.5709247, 54.0931526 ], [ 37.5707765, 54.0921502 ], [ 37.5712037, 54.0921081 ], [ 37.5708221, 54.0916759 ], [ 37.5708604, 54.0906609 ], [ 37.5706029, 54.090686 ], [ 37.5703175, 54.0903123 ], [ 37.5703025, 54.0897673 ], [ 37.5695729, 54.0897799 ], [ 37.5693798, 54.0881186 ], [ 37.5681199, 54.0877322 ], [ 37.5678134, 54.0879047 ], [ 37.5678992, 54.0880934 ], [ 37.5682054, 54.0907392 ], [ 37.5680914, 54.093178 ], [ 37.5674915, 54.0933288 ], [ 37.5664637, 54.0945746 ], [ 37.5659637, 54.0946199 ], [ 37.5648393, 54.0942047 ], [ 37.5645105, 54.0943376 ], [ 37.5642929, 54.0944422 ], [ 37.5633534, 54.0948935 ], [ 37.5624098, 54.0949369 ], [ 37.5618768, 54.0951113 ], [ 37.5592835, 54.0977304 ], [ 37.5497753, 54.0976871 ], [ 37.5503868, 54.0995078 ], [ 37.5493598, 54.1007214 ], [ 37.5511768, 54.1055864 ], [ 37.551924, 54.1072257 ], [ 37.5512695, 54.1072383 ], [ 37.5513017, 54.1076472 ], [ 37.5482762, 54.1081252 ], [ 37.5466883, 54.1084774 ], [ 37.5450468, 54.1090498 ], [ 37.5443709, 54.1095089 ], [ 37.5430727, 54.1098045 ], [ 37.5410128, 54.1109807 ], [ 37.5401003, 54.1096487 ], [ 37.5384891, 54.1097668 ], [ 37.5402295, 54.1122197 ], [ 37.5401008, 54.1131316 ], [ 37.5407874, 54.1134335 ], [ 37.541914, 54.113358 ], [ 37.5436735, 54.1136725 ], [ 37.5431585, 54.1145278 ], [ 37.5432444, 54.1150749 ], [ 37.5424164, 54.1150794 ], [ 37.5412381, 54.1151441 ], [ 37.539736, 54.1148045 ], [ 37.5389743, 54.1150183 ], [ 37.538631, 54.1153893 ], [ 37.5377842, 54.1151266 ], [ 37.5362552, 54.1149496 ], [ 37.5360697, 54.1149357 ], [ 37.5324017, 54.1141473 ], [ 37.5317001, 54.1137165 ], [ 37.5315177, 54.1130624 ], [ 37.5310671, 54.1129807 ], [ 37.5301123, 54.1112197 ], [ 37.5275344, 54.1109832 ], [ 37.5274725, 54.1112494 ], [ 37.5273013, 54.1119681 ], [ 37.5264859, 54.1129681 ], [ 37.5256854, 54.1129176 ], [ 37.5254477, 54.1131756 ], [ 37.5292397, 54.1139789 ], [ 37.5281274, 54.1147101 ], [ 37.5286407, 54.1151857 ], [ 37.5276314, 54.1169683 ], [ 37.5282562, 54.1179551 ], [ 37.5284922, 54.1184707 ], [ 37.5280201, 54.1196781 ], [ 37.5291359, 54.1206904 ], [ 37.5291896, 54.1211369 ], [ 37.5285727, 54.1215393 ], [ 37.5289804, 54.122363 ], [ 37.5283688, 54.1226459 ], [ 37.5277144, 54.1230546 ], [ 37.5257456, 54.1221932 ], [ 37.5251126, 54.122539 ], [ 37.5198126, 54.1214701 ], [ 37.519083, 54.1210929 ], [ 37.5169372, 54.1222498 ], [ 37.5186753, 54.1230295 ], [ 37.5223446, 54.1259091 ], [ 37.5226235, 54.1262989 ], [ 37.5240826, 54.126915 ], [ 37.5279128, 54.1267201 ], [ 37.5293076, 54.1260631 ], [ 37.5285512, 54.1254501 ], [ 37.5277412, 54.1254124 ], [ 37.5268614, 54.1251106 ], [ 37.5266629, 54.1248214 ], [ 37.5273389, 54.1242995 ], [ 37.5284278, 54.1242555 ], [ 37.5292808, 54.1241204 ], [ 37.5300908, 54.1245919 ], [ 37.5309813, 54.1247963 ], [ 37.5318021, 54.1253024 ], [ 37.5323546, 54.1253684 ], [ 37.5330627, 54.1255822 ], [ 37.533803, 54.1259814 ], [ 37.534849, 54.1260003 ], [ 37.5359592, 54.1267235 ], [ 37.5367856, 54.1271665 ], [ 37.5375152, 54.1272922 ], [ 37.5341277, 54.1299388 ], [ 37.533524, 54.1303727 ], [ 37.5346827, 54.1314163 ], [ 37.5351333, 54.1326735 ], [ 37.5355232, 54.1332896 ], [ 37.5368714, 54.134333 ], [ 37.5355625, 54.1348862 ], [ 37.5341677, 54.1349113 ], [ 37.5321078, 54.1338427 ], [ 37.5311954, 54.132973 ], [ 37.5299191, 54.1305111 ], [ 37.5289964, 54.1299956 ], [ 37.5268292, 54.1290903 ], [ 37.5241899, 54.127506 ], [ 37.5207269, 54.1256882 ], [ 37.5197482, 54.1250163 ], [ 37.515564, 54.1240166 ], [ 37.514888, 54.1240732 ], [ 37.5141263, 54.1237085 ], [ 37.5126457, 54.1244064 ], [ 37.5116801, 54.1243813 ], [ 37.5115084, 54.1246139 ], [ 37.5140404, 54.1256953 ], [ 37.5129461, 54.126651 ], [ 37.5140404, 54.1273426 ], [ 37.5165295, 54.1289646 ], [ 37.5174308, 54.1308882 ], [ 37.5170874, 54.131454 ], [ 37.5177955, 54.1333524 ], [ 37.5191045, 54.1335662 ], [ 37.5202417, 54.1332393 ], [ 37.5206923, 54.1338553 ], [ 37.5212931, 54.1334027 ], [ 37.521894, 54.133981 ], [ 37.5206709, 54.1349616 ], [ 37.5206923, 54.1354016 ], [ 37.520113, 54.1358542 ], [ 37.520113, 54.1361811 ], [ 37.5210356, 54.1365456 ], [ 37.5276661, 54.1381044 ], [ 37.5284385, 54.1379033 ], [ 37.5321078, 54.1381547 ], [ 37.5352406, 54.1399522 ], [ 37.5392532, 54.1405682 ], [ 37.5410556, 54.1420514 ], [ 37.5432873, 54.1442887 ], [ 37.5486517, 54.1460734 ], [ 37.5513553, 54.1493913 ], [ 37.5567198, 54.1536136 ], [ 37.5573635, 54.1545812 ], [ 37.5574708, 54.1553728 ], [ 37.5569773, 54.1562775 ], [ 37.5563121, 54.1568807 ], [ 37.5559902, 54.1574775 ], [ 37.5542736, 54.1574963 ], [ 37.5539517, 54.1572199 ], [ 37.5539088, 54.1569937 ], [ 37.553072, 54.1563404 ], [ 37.5523853, 54.156554 ], [ 37.5519562, 54.1562775 ], [ 37.552557, 54.1560011 ], [ 37.5518918, 54.1560891 ], [ 37.5516128, 54.1560137 ], [ 37.5513339, 54.1557749 ], [ 37.5508404, 54.1559634 ], [ 37.5504541, 54.1558126 ], [ 37.550497, 54.1555613 ], [ 37.5509906, 54.1554734 ], [ 37.550776, 54.1550461 ], [ 37.5501752, 54.1554105 ], [ 37.5496816, 54.1552597 ], [ 37.5490808, 54.1549833 ], [ 37.5490594, 54.1542294 ], [ 37.5481796, 54.1531613 ], [ 37.5466347, 54.1529853 ], [ 37.5454545, 54.1524199 ], [ 37.5419247, 54.1523068 ], [ 37.5387919, 54.1525455 ], [ 37.5388026, 54.1528283 ], [ 37.5410771, 54.1537707 ], [ 37.541281, 54.1543613 ], [ 37.5455296, 54.1569686 ], [ 37.5468278, 54.1575466 ], [ 37.5529754, 54.1575403 ], [ 37.5533509, 54.1587402 ], [ 37.5534582, 54.1606751 ], [ 37.5528788, 54.1623083 ], [ 37.5544023, 54.1624968 ], [ 37.5545311, 54.1653925 ], [ 37.5548315, 54.1687214 ], [ 37.5546384, 54.1688093 ], [ 37.5543272, 54.1688093 ], [ 37.5540161, 54.1687277 ], [ 37.5536596, 54.169084 ], [ 37.5535118, 54.1691736 ], [ 37.5531256, 54.1691987 ], [ 37.5525784, 54.1690606 ], [ 37.5522673, 54.1692113 ], [ 37.5521064, 54.1691485 ], [ 37.5515592, 54.1691108 ], [ 37.5514131, 54.1691505 ], [ 37.5512588, 54.1691924 ], [ 37.5511833, 54.1692412 ], [ 37.5509477, 54.1693934 ], [ 37.5503898, 54.1693871 ], [ 37.5503977, 54.1693018 ], [ 37.5504219, 54.1690417 ], [ 37.5501537, 54.168533 ], [ 37.5496817, 54.1685581 ], [ 37.5493598, 54.168533 ], [ 37.5487804, 54.1686272 ], [ 37.5481796, 54.1690291 ], [ 37.5478899, 54.1690668 ], [ 37.5475681, 54.1692992 ], [ 37.5474393, 54.1696509 ], [ 37.5469887, 54.1696195 ], [ 37.5465274, 54.1698331 ], [ 37.5420427, 54.1681122 ], [ 37.5412273, 54.1669691 ], [ 37.5260138, 54.161542 ], [ 37.5235462, 54.1637782 ], [ 37.5175595, 54.1638913 ], [ 37.5055218, 54.1615671 ], [ 37.4966168, 54.1602354 ], [ 37.4962583, 54.1622023 ], [ 37.4956298, 54.16565 ], [ 37.5003934, 54.1664163 ], [ 37.500329, 54.1667681 ], [ 37.5010156, 54.1668937 ], [ 37.5028181, 54.1657505 ], [ 37.5089764, 54.1657882 ], [ 37.516787, 54.1684388 ], [ 37.5246835, 54.1697954 ], [ 37.5252199, 54.1700968 ], [ 37.5254559, 54.1703355 ], [ 37.5246191, 54.1713027 ], [ 37.5250268, 54.1715036 ], [ 37.5206279, 54.1754977 ], [ 37.5189006, 54.1778839 ], [ 37.5173557, 54.1780283 ], [ 37.5163793, 54.1784365 ], [ 37.5159931, 54.1790392 ], [ 37.5164222, 54.1811992 ], [ 37.5147486, 54.1809543 ], [ 37.513504, 54.1819778 ], [ 37.5133216, 54.1827689 ], [ 37.5151649, 54.1837782 ], [ 37.5156944, 54.1839533 ], [ 37.5191234, 54.1844682 ], [ 37.5219443, 54.1848658 ], [ 37.5232835, 54.1850588 ], [ 37.524571, 54.1852974 ], [ 37.5251113, 54.1854347 ], [ 37.5266675, 54.1859526 ], [ 37.5307875, 54.1874393 ], [ 37.5297434, 54.1878231 ], [ 37.5282999, 54.188746 ], [ 37.5279523, 54.1888711 ], [ 37.5265088, 54.1882924 ], [ 37.5255197, 54.1888242 ], [ 37.5242098, 54.1892778 ], [ 37.5220445, 54.189575 ], [ 37.5207614, 54.1905134 ], [ 37.5192377, 54.1899269 ], [ 37.5165243, 54.1893013 ], [ 37.5160833, 54.1891918 ], [ 37.5158199, 54.1891362 ], [ 37.5160565, 54.1887773 ], [ 37.5165511, 54.1879365 ], [ 37.5128353, 54.187041 ], [ 37.5124076, 54.1878701 ], [ 37.5118729, 54.188965 ], [ 37.5117927, 54.1892309 ], [ 37.5129155, 54.1896219 ], [ 37.5114318, 54.1909827 ], [ 37.5098584, 54.1911443 ], [ 37.507925, 54.1909086 ], [ 37.5076028, 54.1887404 ], [ 37.5059916, 54.1883161 ], [ 37.502154, 54.1863217 ], [ 37.5043775, 54.1986668 ], [ 37.5047572, 54.1987943 ], [ 37.5113085, 54.1925583 ], [ 37.511766, 54.1930628 ], [ 37.5126214, 54.1938761 ], [ 37.5130491, 54.1945329 ], [ 37.5131828, 54.1949552 ], [ 37.5129288, 54.1953462 ], [ 37.5129823, 54.1954869 ], [ 37.5135704, 54.1959795 ], [ 37.5139981, 54.1963549 ], [ 37.514212, 54.1965582 ], [ 37.5145461, 54.1966598 ], [ 37.5149979, 54.1972948 ], [ 37.5103026, 54.2006406 ], [ 37.5098133, 54.2005207 ], [ 37.509579, 54.2006959 ], [ 37.5067718, 54.1997108 ], [ 37.5055647, 54.1997111 ], [ 37.5056929, 54.2008506 ], [ 37.5063619, 54.2035405 ], [ 37.5065765, 54.2051263 ] ] ] ] } },
{ "type": "Feature", "properties": { "element": "relation", "id": 2538203, "addr:country": "RU", "addr:region": "Тульская область", "name": "Тула", "name:ar": null, "name:az": null, "name:de": "Tula", "name:diq": null, "name:en": "Tula", "name:eo": null, "name:es": null, "name:fa": null, "name:fi": null, "name:fr": "Toula", "name:hr": "Tula", "name:it": null, "name:ja": null, "name:ko": null, "name:nn": null, "name:no": null, "name:pl": "Tuła", "name:pt": null, "name:ru": null, "name:tl": null, "name:war": null, "name:zh": null, "official_status": null, "place": "city", "population": 475161.0, "population:date": null, "wikidata": "Q2770", "wikipedia": null, "addr:district": null, "start_date": null, "addr:subdistrict": null, "name:ca": null, "name:et": "Tula", "name:id": null, "name:lt": "Tula", "name:ro": "Tula", "source": null, "addr:postcode": null, "name:hsb": null, "name:nl": null, "name:pnb": null, "name:sr": "Тула", "name:sv": null, "name:tt": null, "name:uk": "Тула", "name:vi": null, "admin_level": null, "capital": null, "contact:website": null, "int_name": "Tula", "is_in:country": "Russian Federation", "is_in:country_code": "RU", "name:be": "Тула", "name:bn": null, "name:eu": null, "name:he": null, "name:hu": "Tula", "name:ml": null, "name:ru:word_stress": null, "name:sk": null, "name:sr-Latn": null, "name:zh-Hant": null, "wikimedia_commons": null, "addr:city": null, "website": null, "name:be-tarask": null, "name:bg": null, "description": null, "name:io": null, "alt_name": null, "landuse": null, "is_in": null, "type": "multipolygon", "ele": null, "name:pa": null, "tourism": 150, "leisure": 751, "healthcare": 306 }, "geometry": { "type": "MultiPolygon", "coordinates": [ [ [ [ 37.6022783, 54.0694945 ], [ 37.6057617, 54.0678785 ], [ 37.6085569, 54.0662685 ], [ 37.6088378, 54.0661067 ], [ 37.6101362, 54.0664676 ], [ 37.6102799, 54.0653582 ], [ 37.6116401, 54.0647889 ], [ 37.6131982, 54.0637463 ], [ 37.6140217, 54.0628814 ], [ 37.6132496, 54.0626593 ], [ 37.6132022, 54.0626457 ], [ 37.610669, 54.0618514 ], [ 37.6090657, 54.0625631 ], [ 37.6078124, 54.06263 ], [ 37.6074137, 54.0631649 ], [ 37.594255, 54.0686808 ], [ 37.5952234, 54.0700178 ], [ 37.5972036, 54.0716823 ], [ 37.597331, 54.0717894 ], [ 37.5982682, 54.0713547 ], [ 37.6022783, 54.0694945 ] ] ], [ [ [ 37.5462019, 54.0769114 ], [ 37.5437524, 54.0806878 ], [ 37.5457004, 54.0862249 ], [ 37.5518436, 54.0831525 ], [ 37.5462019, 54.0769114 ] ] ], [ [ [ 37.5274608, 54.1051084 ], [ 37.5291387, 54.1045705 ], [ 37.5293549, 54.1037542 ], [ 37.5286918, 54.1027622 ], [ 37.5287825, 54.1016789 ], [ 37.5273666, 54.101392 ], [ 37.5257716, 54.101058 ], [ 37.5226726, 54.1021153 ], [ 37.5233121, 54.1029031 ], [ 37.5225659, 54.105022 ], [ 37.5253786, 54.1051914 ], [ 37.5274608, 54.1051084 ] ] ], [ [ [ 37.5065765, 54.2051263 ], [ 37.5086461, 54.2044075 ], [ 37.5100492, 54.2039531 ], [ 37.5113724, 54.203784 ], [ 37.5174718, 54.2030798 ], [ 37.5175595, 54.2028302 ], [ 37.5155931, 54.202226 ], [ 37.5169587, 54.2005898 ], [ 37.5176668, 54.2007341 ], [ 37.5193791, 54.198671 ], [ 37.5227415, 54.1987195 ], [ 37.5245806, 54.1984756 ], [ 37.5294685, 54.1976463 ], [ 37.5318503, 54.1982739 ], [ 37.5314963, 54.2001254 ], [ 37.5327086, 54.2013617 ], [ 37.5322473, 54.2020081 ], [ 37.5324726, 54.2024787 ], [ 37.5322108, 54.2025553 ], [ 37.5314426, 54.20278 ], [ 37.5296295, 54.2032193 ], [ 37.5247041, 54.2025582 ], [ 37.5226952, 54.202766 ], [ 37.5227959, 54.2030177 ], [ 37.5230399, 54.2035568 ], [ 37.5190693, 54.20618 ], [ 37.5189113, 54.2070722 ], [ 37.5192802, 54.2072692 ], [ 37.5264377, 54.2053383 ], [ 37.5269103, 54.2045383 ], [ 37.5309712, 54.204274 ], [ 37.5339264, 54.2064105 ], [ 37.535947, 54.2078502 ], [ 37.5375128, 54.2080235 ], [ 37.5355585, 54.2148932 ], [ 37.5366646, 54.2147802 ], [ 37.5375585, 54.2149991 ], [ 37.5386125, 54.2158038 ], [ 37.5390396, 54.2166163 ], [ 37.54011, 54.2194868 ], [ 37.5458502, 54.2188995 ], [ 37.5465552, 54.2208649 ], [ 37.5481464, 54.2219388 ], [ 37.5509602, 54.2257371 ], [ 37.5535489, 54.2273294 ], [ 37.5552587, 54.2288344 ], [ 37.5594397, 54.2282753 ], [ 37.5597829, 54.225246 ], [ 37.5599491, 54.2225352 ], [ 37.5583704, 54.2211043 ], [ 37.5598669, 54.2179204 ], [ 37.5621531, 54.2173371 ], [ 37.5656864, 54.2170697 ], [ 37.5669264, 54.2131626 ], [ 37.5658388, 54.2126469 ], [ 37.5641928, 54.2124922 ], [ 37.5608272, 54.2109452 ], [ 37.5585285, 54.2108296 ], [ 37.5589051, 54.2098647 ], [ 37.5647037, 54.2108137 ], [ 37.5652622, 54.2103323 ], [ 37.56682, 54.2104355 ], [ 37.5671727, 54.209851 ], [ 37.569289, 54.2103495 ], [ 37.5690157, 54.2113271 ], [ 37.5694025, 54.2117996 ], [ 37.5686424, 54.2120685 ], [ 37.5688473, 54.212994 ], [ 37.5713591, 54.2131829 ], [ 37.5718245, 54.2124063 ], [ 37.5723043, 54.2118555 ], [ 37.5727281, 54.2097823 ], [ 37.5749914, 54.2100573 ], [ 37.575264, 54.2097078 ], [ 37.5755162, 54.2106564 ], [ 37.5766524, 54.2110265 ], [ 37.5741583, 54.2129998 ], [ 37.5718046, 54.214682 ], [ 37.5697531, 54.2163417 ], [ 37.5751176, 54.2187668 ], [ 37.5822874, 54.221428 ], [ 37.5737645, 54.2310446 ], [ 37.57088, 54.2314799 ], [ 37.572967, 54.234474 ], [ 37.5774553, 54.2327227 ], [ 37.5781508, 54.2324763 ], [ 37.5795081, 54.2330148 ], [ 37.5840811, 54.2271126 ], [ 37.5858455, 54.2248378 ], [ 37.5866248, 54.2246125 ], [ 37.5872932, 54.2244248 ], [ 37.5881219, 54.2242497 ], [ 37.5896419, 54.2246579 ], [ 37.5886735, 54.2258901 ], [ 37.5893001, 54.2267226 ], [ 37.5946832, 54.2279214 ], [ 37.5957086, 54.2263063 ], [ 37.5967339, 54.2263729 ], [ 37.5970187, 54.2252407 ], [ 37.5991525, 54.2251922 ], [ 37.5994397, 54.2269224 ], [ 37.6004651, 54.2277216 ], [ 37.6004651, 54.2285873 ], [ 37.5980726, 54.2290202 ], [ 37.5953383, 54.2286206 ], [ 37.5892431, 54.2318505 ], [ 37.5930225, 54.2357716 ], [ 37.5914845, 54.2377026 ], [ 37.579901, 54.2342144 ], [ 37.5775655, 54.2380763 ], [ 37.5781351, 54.2417382 ], [ 37.5804137, 54.2444677 ], [ 37.5851987, 54.242637 ], [ 37.5865286, 54.2433284 ], [ 37.586596, 54.2441869 ], [ 37.585959, 54.2456584 ], [ 37.5868779, 54.2466582 ], [ 37.5898326, 54.2484875 ], [ 37.5878388, 54.2503513 ], [ 37.592225, 54.2541452 ], [ 37.5882376, 54.2549438 ], [ 37.5851045, 54.2526476 ], [ 37.5823133, 54.2524812 ], [ 37.581231, 54.2554763 ], [ 37.5809461, 54.2574395 ], [ 37.5776992, 54.2600682 ], [ 37.5799208, 54.2610664 ], [ 37.5824693, 54.2582159 ], [ 37.5826229, 54.2580441 ], [ 37.5826925, 54.2579662 ], [ 37.5900978, 54.2614932 ], [ 37.5908099, 54.2615265 ], [ 37.5925473, 54.2624914 ], [ 37.5936011, 54.2624581 ], [ 37.5955094, 54.2633398 ], [ 37.5957658, 54.2674818 ], [ 37.5963069, 54.2693946 ], [ 37.5973323, 54.2708749 ], [ 37.5962959, 54.2710325 ], [ 37.5991523, 54.275687 ], [ 37.6009548, 54.2753111 ], [ 37.6041627, 54.2765201 ], [ 37.6051079, 54.2758476 ], [ 37.6074149, 54.276413 ], [ 37.6081555, 54.2752656 ], [ 37.6101207, 54.2756481 ], [ 37.6123993, 54.2758642 ], [ 37.6115449, 54.2768122 ], [ 37.6116018, 54.2775439 ], [ 37.6106619, 54.2787412 ], [ 37.6111176, 54.2809029 ], [ 37.6106334, 54.2816844 ], [ 37.6106334, 54.282865 ], [ 37.6092663, 54.283846 ], [ 37.6080985, 54.2843282 ], [ 37.6070287, 54.2844146 ], [ 37.6074099, 54.2862845 ], [ 37.60647, 54.2865838 ], [ 37.60647, 54.2872655 ], [ 37.6052168, 54.2872821 ], [ 37.6053592, 54.2882962 ], [ 37.6044193, 54.2884292 ], [ 37.6064415, 54.2919536 ], [ 37.6093017, 54.2948158 ], [ 37.6116478, 54.2956869 ], [ 37.6135561, 54.297 ], [ 37.6166037, 54.2992605 ], [ 37.6177569, 54.2993257 ], [ 37.6183411, 54.2994766 ], [ 37.6187826, 54.2991608 ], [ 37.6206909, 54.2991525 ], [ 37.6219441, 54.2988949 ], [ 37.6217305, 54.2985541 ], [ 37.62099, 54.2985292 ], [ 37.6205686, 54.2981704 ], [ 37.6202637, 54.2961024 ], [ 37.6167569, 54.2961953 ], [ 37.6156127, 54.2956938 ], [ 37.6147868, 54.2940481 ], [ 37.6139893, 54.2937489 ], [ 37.6127645, 54.2937656 ], [ 37.6117961, 54.2929012 ], [ 37.6113018, 54.2917381 ], [ 37.6133911, 54.2910393 ], [ 37.6134196, 54.2899753 ], [ 37.6141317, 54.2896262 ], [ 37.6133911, 54.2890942 ], [ 37.6134794, 54.2890383 ], [ 37.6136675, 54.2889193 ], [ 37.6154134, 54.2878141 ], [ 37.6159545, 54.2879305 ], [ 37.6162109, 54.2872987 ], [ 37.6168659, 54.2868332 ], [ 37.6178913, 54.2870327 ], [ 37.6179483, 54.2862513 ], [ 37.6209674, 54.2846053 ], [ 37.6212237, 54.2841397 ], [ 37.6198851, 54.2837573 ], [ 37.6198566, 54.2825601 ], [ 37.6213661, 54.2817786 ], [ 37.6211667, 54.2809306 ], [ 37.6224108, 54.2809602 ], [ 37.623089, 54.2807614 ], [ 37.623888, 54.2804978 ], [ 37.62467, 54.2807976 ], [ 37.6249984, 54.2807876 ], [ 37.6254391, 54.2801823 ], [ 37.6266186, 54.2792316 ], [ 37.6260657, 54.2786691 ], [ 37.6253031, 54.2771428 ], [ 37.6291277, 54.274609 ], [ 37.6294668, 54.2743757 ], [ 37.6326568, 54.2711825 ], [ 37.6344797, 54.26749 ], [ 37.6365768, 54.2591436 ], [ 37.6454206, 54.2567983 ], [ 37.6522682, 54.2567983 ], [ 37.6544835, 54.2571748 ], [ 37.6679024, 54.2521481 ], [ 37.6683876, 54.2513382 ], [ 37.6684928, 54.2508286 ], [ 37.6693523, 54.2506723 ], [ 37.6695955, 54.2504583 ], [ 37.6693725, 54.2502832 ], [ 37.6688059, 54.2502068 ], [ 37.6677954, 54.2501516 ], [ 37.6673387, 54.2501015 ], [ 37.6669806, 54.2499362 ], [ 37.6669823, 54.2495388 ], [ 37.667366, 54.2491774 ], [ 37.6682138, 54.2487412 ], [ 37.6678115, 54.2485826 ], [ 37.6664972, 54.2485594 ], [ 37.6659715, 54.2484215 ], [ 37.6658114, 54.2482061 ], [ 37.6669049, 54.2472931 ], [ 37.6668177, 54.2470035 ], [ 37.6654351, 54.2464907 ], [ 37.6656324, 54.2461749 ], [ 37.6662612, 54.2461146 ], [ 37.666438, 54.2460069 ], [ 37.6664914, 54.2457769 ], [ 37.6661509, 54.2456335 ], [ 37.6655708, 54.2456075 ], [ 37.6649537, 54.2455023 ], [ 37.664459, 54.2454647 ], [ 37.6639026, 54.2455134 ], [ 37.6634642, 54.245545 ], [ 37.6630232, 54.245532 ], [ 37.6628533, 54.2453462 ], [ 37.6629895, 54.2449521 ], [ 37.6632548, 54.2446686 ], [ 37.6631997, 54.2445148 ], [ 37.6668825, 54.2422578 ], [ 37.667894, 54.2421593 ], [ 37.6678907, 54.2418766 ], [ 37.6678674, 54.2398593 ], [ 37.6683998, 54.2398605 ], [ 37.6683436, 54.2391544 ], [ 37.6677501, 54.2391012 ], [ 37.6678693, 54.2370738 ], [ 37.6697039, 54.2371536 ], [ 37.6709488, 54.2320932 ], [ 37.6762067, 54.2318336 ], [ 37.6767251, 54.2343811 ], [ 37.676134, 54.2349018 ], [ 37.6764431, 54.2351482 ], [ 37.6790843, 54.234869 ], [ 37.6806297, 54.2353288 ], [ 37.684423, 54.2345405 ], [ 37.6854626, 54.2333581 ], [ 37.6847035, 54.2319677 ], [ 37.685443, 54.2322917 ], [ 37.6928953, 54.2341232 ], [ 37.6934191, 54.2342519 ], [ 37.6925993, 54.2350623 ], [ 37.6956813, 54.2360877 ], [ 37.6967813, 54.2355304 ], [ 37.6989197, 54.2347668 ], [ 37.6979495, 54.2323396 ], [ 37.6965066, 54.2325296 ], [ 37.695023, 54.2332457 ], [ 37.6940699, 54.2337883 ], [ 37.691307, 54.2321592 ], [ 37.6893963, 54.2296628 ], [ 37.6953687, 54.2286222 ], [ 37.7005355, 54.2277219 ], [ 37.7010851, 54.2276261 ], [ 37.7008627, 54.2270543 ], [ 37.700327, 54.2246647 ], [ 37.7025278, 54.224117 ], [ 37.7041944, 54.2239658 ], [ 37.7037048, 54.2223047 ], [ 37.7037486, 54.2193305 ], [ 37.7061405, 54.2189535 ], [ 37.7084187, 54.2182298 ], [ 37.7089531, 54.2193848 ], [ 37.7085399, 54.219454 ], [ 37.7084637, 54.2194679 ], [ 37.7083768, 54.2194812 ], [ 37.7084241, 54.2195784 ], [ 37.710287, 54.2238979 ], [ 37.709375, 54.2240704 ], [ 37.7086133, 54.2249046 ], [ 37.7085435, 54.2251147 ], [ 37.7089058, 54.2253798 ], [ 37.7104252, 54.2253756 ], [ 37.7108449, 54.2252088 ], [ 37.7107322, 54.2246694 ], [ 37.7106088, 54.2245408 ], [ 37.7106991, 54.2243102 ], [ 37.7180315, 54.2229103 ], [ 37.71691, 54.2204112 ], [ 37.7190463, 54.2201438 ], [ 37.7171687, 54.2160945 ], [ 37.715262, 54.216191 ], [ 37.7132435, 54.216604 ], [ 37.7117543, 54.2170542 ], [ 37.709366, 54.218155 ], [ 37.7084468, 54.2173262 ], [ 37.7036702, 54.2192155 ], [ 37.6999587, 54.2194735 ], [ 37.6996617, 54.2178879 ], [ 37.7005698, 54.2171131 ], [ 37.7053254, 54.2168395 ], [ 37.7056145, 54.2148146 ], [ 37.7045202, 54.2146766 ], [ 37.7027178, 54.2140994 ], [ 37.7023479, 54.2143346 ], [ 37.701803, 54.2139266 ], [ 37.7016146, 54.2138139 ], [ 37.7018503, 54.2136303 ], [ 37.7021407, 54.2135469 ], [ 37.7023904, 54.2134034 ], [ 37.7029353, 54.2129767 ], [ 37.7034419, 54.2124828 ], [ 37.7034712, 54.2124481 ], [ 37.703422, 54.2122949 ], [ 37.7034397, 54.2121236 ], [ 37.7034978, 54.2120255 ], [ 37.7040173, 54.2117252 ], [ 37.7044136, 54.2114615 ], [ 37.7050096, 54.211372 ], [ 37.7054869, 54.2112898 ], [ 37.7058881, 54.2112073 ], [ 37.7063269, 54.2110501 ], [ 37.7065481, 54.2109181 ], [ 37.7064933, 54.2107116 ], [ 37.7064527, 54.2105301 ], [ 37.7063845, 54.2103879 ], [ 37.7062872, 54.210324 ], [ 37.7061359, 54.2102894 ], [ 37.7063963, 54.2103152 ], [ 37.7066489, 54.2103636 ], [ 37.7070013, 54.2103965 ], [ 37.7080148, 54.2104301 ], [ 37.7091483, 54.2104676 ], [ 37.7093612, 54.2104427 ], [ 37.7095815, 54.210395 ], [ 37.7098418, 54.2103864 ], [ 37.7101905, 54.2104199 ], [ 37.7104757, 54.2104848 ], [ 37.7109573, 54.2105234 ], [ 37.7111127, 54.210556 ], [ 37.7116442, 54.2105713 ], [ 37.7120404, 54.2105872 ], [ 37.7123931, 54.2106334 ], [ 37.7128688, 54.210643 ], [ 37.713358, 54.2106872 ], [ 37.7137444, 54.2107211 ], [ 37.7144286, 54.2107736 ], [ 37.7150041, 54.2107974 ], [ 37.7158281, 54.2108585 ], [ 37.7165045, 54.2108908 ], [ 37.717292, 54.2109038 ], [ 37.718216, 54.2108709 ], [ 37.7188608, 54.2108352 ], [ 37.7195531, 54.2107126 ], [ 37.7201469, 54.2105789 ], [ 37.7205174, 54.2104814 ], [ 37.7208424, 54.2102826 ], [ 37.7210221, 54.2102665 ], [ 37.7210349, 54.2096766 ], [ 37.7241344, 54.2096766 ], [ 37.7285054, 54.2104202 ], [ 37.733095, 54.2092583 ], [ 37.733095, 54.208503 ], [ 37.7340552, 54.2083404 ], [ 37.7269159, 54.2073759 ], [ 37.7255053, 54.2075037 ], [ 37.7207766, 54.2064114 ], [ 37.7190481, 54.2067019 ], [ 37.7173394, 54.2065509 ], [ 37.7117961, 54.2069692 ], [ 37.7125676, 54.2077826 ], [ 37.7118955, 54.208015 ], [ 37.7100279, 54.2079918 ], [ 37.7058593, 54.2099281 ], [ 37.7057003, 54.209045 ], [ 37.7049241, 54.2089889 ], [ 37.7049837, 54.2086403 ], [ 37.7041691, 54.2086055 ], [ 37.7041095, 54.2090005 ], [ 37.7012498, 54.2089753 ], [ 37.7014088, 54.2080457 ], [ 37.7007333, 54.2074415 ], [ 37.7040711, 54.2060006 ], [ 37.7054619, 54.2044434 ], [ 37.7032764, 54.2023981 ], [ 37.705144, 54.2017008 ], [ 37.7037856, 54.1992395 ], [ 37.7078831, 54.1985298 ], [ 37.7083997, 54.1995758 ], [ 37.709552, 54.200738 ], [ 37.7122939, 54.2003429 ], [ 37.7125323, 54.2011564 ], [ 37.7156317, 54.2008542 ], [ 37.715592, 54.2002266 ], [ 37.7178184, 54.1995156 ], [ 37.7181244, 54.1997174 ], [ 37.7178025, 54.2029808 ], [ 37.7224803, 54.2023783 ], [ 37.7229094, 54.1997049 ], [ 37.7309775, 54.2013993 ], [ 37.7311492, 54.2001442 ], [ 37.7312779, 54.1977216 ], [ 37.7315783, 54.1965166 ], [ 37.7317071, 54.1957132 ], [ 37.7317178, 54.1949223 ], [ 37.7322972, 54.1943448 ], [ 37.7324045, 54.1939808 ], [ 37.7321255, 54.1929451 ], [ 37.7317607, 54.1915202 ], [ 37.73175, 54.1910745 ], [ 37.7320933, 54.1906288 ], [ 37.7319431, 54.1897186 ], [ 37.7312994, 54.1897563 ], [ 37.7300441, 54.1895554 ], [ 37.7301192, 54.1889151 ], [ 37.7303123, 54.188507 ], [ 37.7312028, 54.1878542 ], [ 37.7325439, 54.1872578 ], [ 37.732265, 54.1871134 ], [ 37.7325332, 54.1868685 ], [ 37.7324903, 54.1866111 ], [ 37.7328014, 54.1864981 ], [ 37.7331662, 54.1861654 ], [ 37.7330375, 54.1858452 ], [ 37.7326834, 54.185795 ], [ 37.7306127, 54.1858264 ], [ 37.729969, 54.1857762 ], [ 37.7298588, 54.1852047 ], [ 37.729186, 54.1850986 ], [ 37.72751, 54.1843683 ], [ 37.7269005, 54.184183 ], [ 37.726702, 54.1841849 ], [ 37.7266054, 54.1841817 ], [ 37.7264526, 54.1841723 ], [ 37.7263024, 54.1841652 ], [ 37.7261412, 54.1841909 ], [ 37.7260596, 54.184201 ], [ 37.7259818, 54.18419 ], [ 37.7259108, 54.1842049 ], [ 37.7258316, 54.1842582 ], [ 37.7257297, 54.1842692 ], [ 37.7256399, 54.1843249 ], [ 37.7251463, 54.1844576 ], [ 37.724941, 54.1844542 ], [ 37.7247695, 54.184496 ], [ 37.7246273, 54.1845196 ], [ 37.7244945, 54.1845557 ], [ 37.7243484, 54.1846153 ], [ 37.7235761, 54.185045 ], [ 37.7231784, 54.1855265 ], [ 37.72288, 54.1862832 ], [ 37.7228236, 54.1870223 ], [ 37.7227592, 54.1873237 ], [ 37.7223998, 54.1875811 ], [ 37.7217628, 54.1877349 ], [ 37.7212036, 54.1877882 ], [ 37.7205276, 54.1877663 ], [ 37.720077, 54.1876093 ], [ 37.7198356, 54.1873582 ], [ 37.7203131, 54.1868936 ], [ 37.720482, 54.1865537 ], [ 37.720198, 54.1861763 ], [ 37.7201376, 54.1856466 ], [ 37.7203851, 54.1853726 ], [ 37.7205789, 54.1850734 ], [ 37.7205047, 54.1848171 ], [ 37.7197035, 54.1845621 ], [ 37.7199809, 54.1834317 ], [ 37.7201182, 54.1833561 ], [ 37.72039, 54.1833561 ], [ 37.720834, 54.1834632 ], [ 37.721165, 54.1834884 ], [ 37.721531, 54.1834034 ], [ 37.7216252, 54.1832663 ], [ 37.7210957, 54.1829472 ], [ 37.7198002, 54.182055 ], [ 37.7188678, 54.1817454 ], [ 37.7184894, 54.1815704 ], [ 37.7183952, 54.1813591 ], [ 37.7184144, 54.1811011 ], [ 37.718061, 54.1808583 ], [ 37.7171051, 54.1803892 ], [ 37.7170837, 54.180113 ], [ 37.7175772, 54.1797551 ], [ 37.7176523, 54.1792778 ], [ 37.7177596, 54.1790581 ], [ 37.7190792, 54.1790895 ], [ 37.7196801, 54.1791962 ], [ 37.7204847, 54.1792276 ], [ 37.72071, 54.179372 ], [ 37.7208066, 54.1797613 ], [ 37.7209997, 54.1798932 ], [ 37.7214808, 54.1798119 ], [ 37.7215347, 54.1792644 ], [ 37.721198, 54.17881 ], [ 37.7210631, 54.1785383 ], [ 37.7211727, 54.1783419 ], [ 37.7215021, 54.1781295 ], [ 37.7215513, 54.1779243 ], [ 37.7209327, 54.1772627 ], [ 37.7208196, 54.176761 ], [ 37.7208085, 54.176712 ], [ 37.7204833, 54.1760955 ], [ 37.7199486, 54.1759905 ], [ 37.7192293, 54.1760796 ], [ 37.7186949, 54.1765397 ], [ 37.7181967, 54.1765095 ], [ 37.7174755, 54.1757912 ], [ 37.7170181, 54.1753116 ], [ 37.7177744, 54.1751265 ], [ 37.7184, 54.1748757 ], [ 37.7194702, 54.173753 ], [ 37.7210636, 54.1713143 ], [ 37.7239473, 54.1686279 ], [ 37.7267091, 54.1662988 ], [ 37.7289741, 54.1653179 ], [ 37.7313137, 54.1643958 ], [ 37.7348614, 54.162993 ], [ 37.7363526, 54.1624433 ], [ 37.7376294, 54.1617681 ], [ 37.7385521, 54.1611211 ], [ 37.7405443, 54.159299 ], [ 37.7412557, 54.1579863 ], [ 37.7413416, 54.1573079 ], [ 37.7415669, 54.1564723 ], [ 37.7413416, 54.1543425 ], [ 37.7412128, 54.1535759 ], [ 37.7408909, 54.1532275 ], [ 37.7402526, 54.1528628 ], [ 37.7382314, 54.1524936 ], [ 37.7378853, 54.1523532 ], [ 37.7367547, 54.1518016 ], [ 37.7353783, 54.1513445 ], [ 37.7327968, 54.1508173 ], [ 37.7317969, 54.1504773 ], [ 37.7314075, 54.1501812 ], [ 37.7311903, 54.1497776 ], [ 37.7304063, 54.1490303 ], [ 37.7295706, 54.148279 ], [ 37.7286445, 54.1473 ], [ 37.7282527, 54.1466438 ], [ 37.727219, 54.1458544 ], [ 37.7270672, 54.1453557 ], [ 37.7271579, 54.1443142 ], [ 37.7273745, 54.1434524 ], [ 37.7277826, 54.1428491 ], [ 37.7290495, 54.1423771 ], [ 37.7299593, 54.1422912 ], [ 37.7306978, 54.1421774 ], [ 37.7314559, 54.1419047 ], [ 37.7316671, 54.1416575 ], [ 37.7317279, 54.1413577 ], [ 37.7316988, 54.1406031 ], [ 37.7319417, 54.1397866 ], [ 37.732442, 54.1393578 ], [ 37.7320911, 54.139258 ], [ 37.7313004, 54.1393321 ], [ 37.7310239, 54.1392739 ], [ 37.7299039, 54.1385292 ], [ 37.7299368, 54.1383621 ], [ 37.7357197, 54.1358039 ], [ 37.7349043, 54.1352508 ], [ 37.7368355, 54.1343582 ], [ 37.7371788, 54.1336542 ], [ 37.7368569, 54.1334027 ], [ 37.7335108, 54.1349519 ], [ 37.7317071, 54.1356782 ], [ 37.7308059, 54.1357411 ], [ 37.7298188, 54.1356782 ], [ 37.7291536, 54.1359296 ], [ 37.728703, 54.1364576 ], [ 37.7288317, 54.1369227 ], [ 37.727808, 54.1372416 ], [ 37.7275169, 54.1371308 ], [ 37.7269493, 54.13673 ], [ 37.7265127, 54.1366703 ], [ 37.7254211, 54.13673 ], [ 37.7242029, 54.1364043 ], [ 37.7237034, 54.1360553 ], [ 37.7225876, 54.1362942 ], [ 37.7220511, 54.1361056 ], [ 37.7217078, 54.1361811 ], [ 37.7218795, 54.1365079 ], [ 37.7214718, 54.1364828 ], [ 37.7213001, 54.1368473 ], [ 37.7209997, 54.1368976 ], [ 37.7202561, 54.136939 ], [ 37.7202167, 54.1369003 ], [ 37.7202374, 54.1368402 ], [ 37.7203032, 54.1368253 ], [ 37.7203679, 54.1367973 ], [ 37.7203593, 54.1367631 ], [ 37.7202275, 54.1366526 ], [ 37.7200063, 54.1366368 ], [ 37.7199088, 54.1366832 ], [ 37.7199237, 54.1368195 ], [ 37.7199442, 54.1368501 ], [ 37.7199355, 54.1368852 ], [ 37.7197337, 54.1369605 ], [ 37.7196488, 54.1370726 ], [ 37.7195899, 54.1370913 ], [ 37.7195638, 54.1371349 ], [ 37.7195617, 54.1372119 ], [ 37.7194877, 54.1372609 ], [ 37.719438, 54.1372756 ], [ 37.7193892, 54.1373083 ], [ 37.7192894, 54.1373348 ], [ 37.7192735, 54.137371 ], [ 37.7193105, 54.1374203 ], [ 37.7192259, 54.1374797 ], [ 37.7190955, 54.1375302 ], [ 37.7191536, 54.1377224 ], [ 37.7190256, 54.13779 ], [ 37.7190053, 54.1378232 ], [ 37.7189201, 54.137869 ], [ 37.7186374, 54.1378565 ], [ 37.7185042, 54.1378385 ], [ 37.7183765, 54.1378418 ], [ 37.718298, 54.1378602 ], [ 37.7182154, 54.137844 ], [ 37.7180668, 54.1377057 ], [ 37.7179423, 54.1377162 ], [ 37.7178358, 54.1377803 ], [ 37.7177517, 54.1377919 ], [ 37.7173519, 54.1376581 ], [ 37.7170193, 54.1378341 ], [ 37.7162469, 54.137772 ], [ 37.7160793, 54.137629 ], [ 37.71591, 54.1375992 ], [ 37.7156393, 54.1377257 ], [ 37.7153646, 54.1377439 ], [ 37.7148092, 54.137985 ], [ 37.7142727, 54.1379913 ], [ 37.713747, 54.137941 ], [ 37.7135646, 54.138073 ], [ 37.7137204, 54.138321 ], [ 37.7129638, 54.1391666 ], [ 37.7115476, 54.1391163 ], [ 37.7107305, 54.1401778 ], [ 37.7094984, 54.1415675 ], [ 37.705754, 54.145357 ], [ 37.7037692, 54.1458975 ], [ 37.7002931, 54.1445212 ], [ 37.7001107, 54.1448229 ], [ 37.7000677, 54.1454827 ], [ 37.7007866, 54.1458723 ], [ 37.7026105, 54.1464002 ], [ 37.7016127, 54.1477449 ], [ 37.7007222, 54.147613 ], [ 37.7006057, 54.1477469 ], [ 37.7005398, 54.1478266 ], [ 37.7007544, 54.1479083 ], [ 37.6997888, 54.1487126 ], [ 37.6990738, 54.1492098 ], [ 37.6977825, 54.1496929 ], [ 37.6947784, 54.1502333 ], [ 37.6948278, 54.150401 ], [ 37.6950466, 54.1511444 ], [ 37.6980614, 54.1534252 ], [ 37.7002501, 54.1545058 ], [ 37.700293, 54.1558755 ], [ 37.6999497, 54.1562524 ], [ 37.7001697, 54.1564585 ], [ 37.7003789, 54.1566545 ], [ 37.7000356, 54.1567801 ], [ 37.7027392, 54.1601348 ], [ 37.7044344, 54.1623586 ], [ 37.6976967, 54.1656375 ], [ 37.7034473, 54.1681247 ], [ 37.699306, 54.1703104 ], [ 37.6994991, 54.1708756 ], [ 37.699027, 54.1711896 ], [ 37.6943064, 54.1707123 ], [ 37.6914418, 54.1711645 ], [ 37.6884891, 54.1727931 ], [ 37.6882947, 54.1728846 ], [ 37.6859148, 54.1753604 ], [ 37.6864231, 54.1761041 ], [ 37.6876226, 54.1772122 ], [ 37.6896495, 54.1789277 ], [ 37.6892614, 54.1797554 ], [ 37.6858957, 54.1837433 ], [ 37.6849795, 54.1846481 ], [ 37.6852315, 54.1849832 ], [ 37.6853691, 54.1854231 ], [ 37.685245, 54.1858527 ], [ 37.685002, 54.1860728 ], [ 37.6844532, 54.1863023 ], [ 37.6827038, 54.1868719 ], [ 37.6809374, 54.1875602 ], [ 37.6787451, 54.1883975 ], [ 37.677947, 54.188718 ], [ 37.6770522, 54.1891613 ], [ 37.6758324, 54.1898756 ], [ 37.6749562, 54.1903826 ], [ 37.674218, 54.1906437 ], [ 37.6734619, 54.1908687 ], [ 37.6726976, 54.1910284 ], [ 37.6719235, 54.1911436 ], [ 37.6700764, 54.191325 ], [ 37.6677621, 54.1914894 ], [ 37.6655474, 54.1916498 ], [ 37.6642537, 54.1918294 ], [ 37.6627528, 54.1920073 ], [ 37.6614948, 54.1920562 ], [ 37.6599776, 54.1920824 ], [ 37.6580028, 54.1920565 ], [ 37.6571753, 54.1909226 ], [ 37.6563412, 54.1898433 ], [ 37.6560314, 54.1888116 ], [ 37.6521095, 54.1844527 ], [ 37.6478719, 54.1797425 ], [ 37.6452756, 54.1772685 ], [ 37.6425236, 54.1744176 ], [ 37.6419604, 54.1740125 ], [ 37.6414669, 54.1736766 ], [ 37.639592, 54.172733 ], [ 37.6373684, 54.1717093 ], [ 37.6391931, 54.1703567 ], [ 37.6397311, 54.1705976 ], [ 37.6408521, 54.1697269 ], [ 37.6424568, 54.170523 ], [ 37.6432298, 54.1697502 ], [ 37.6465753, 54.167683 ], [ 37.6376366, 54.1609515 ], [ 37.6391387, 54.1548451 ], [ 37.6382804, 54.1544556 ], [ 37.638452, 54.1533875 ], [ 37.6389026, 54.1524073 ], [ 37.6387524, 54.1523193 ], [ 37.640354, 54.149619 ], [ 37.6425987, 54.1477931 ], [ 37.6544041, 54.1433131 ], [ 37.6592676, 54.1420226 ], [ 37.6560669, 54.1406346 ], [ 37.654903, 54.1384673 ], [ 37.653109, 54.1375112 ], [ 37.6471297, 54.1391735 ], [ 37.6466724, 54.1398797 ], [ 37.6453422, 54.1401963 ], [ 37.642474, 54.1413164 ], [ 37.6420167, 54.1419496 ], [ 37.6407695, 54.1425793 ], [ 37.6398468, 54.1443767 ], [ 37.6358127, 54.1452188 ], [ 37.6339674, 54.1446909 ], [ 37.6313281, 54.1442887 ], [ 37.6311564, 54.1445652 ], [ 37.630341, 54.1445778 ], [ 37.6287532, 54.1450679 ], [ 37.627294, 54.144892 ], [ 37.6254701, 54.1451811 ], [ 37.6251483, 54.1448668 ], [ 37.6233887, 54.1452565 ], [ 37.6225304, 54.1456838 ], [ 37.6208138, 54.1460231 ], [ 37.6186681, 54.147104 ], [ 37.6207924, 54.1479209 ], [ 37.6228738, 54.1487504 ], [ 37.6244831, 54.1491022 ], [ 37.6254916, 54.1489766 ], [ 37.6263714, 54.1491022 ], [ 37.6268863, 54.1504595 ], [ 37.6272511, 54.1507485 ], [ 37.6303196, 54.1508239 ], [ 37.6298372, 54.1520292 ], [ 37.6295256, 54.1529728 ], [ 37.6288819, 54.1539781 ], [ 37.6277447, 54.1559383 ], [ 37.6281738, 54.1563027 ], [ 37.6284742, 54.1569435 ], [ 37.6296115, 54.15869 ], [ 37.6291609, 54.1595192 ], [ 37.6291823, 54.1601851 ], [ 37.6293111, 54.1612028 ], [ 37.6190758, 54.1603233 ], [ 37.6191187, 54.1594941 ], [ 37.620213, 54.1593182 ], [ 37.6201486, 54.1588407 ], [ 37.6195693, 54.15869 ], [ 37.619462, 54.158313 ], [ 37.624526, 54.1582879 ], [ 37.6244402, 54.1571948 ], [ 37.6223588, 54.1568681 ], [ 37.6220369, 54.1559131 ], [ 37.6223588, 54.1557372 ], [ 37.6226163, 54.1544304 ], [ 37.6218223, 54.1539655 ], [ 37.6211078, 54.1541714 ], [ 37.6195907, 54.1545058 ], [ 37.6194191, 54.1543425 ], [ 37.6165867, 54.1547823 ], [ 37.6158571, 54.1539529 ], [ 37.6158571, 54.1533749 ], [ 37.615664, 54.1512512 ], [ 37.6147413, 54.1500825 ], [ 37.6146126, 54.1494918 ], [ 37.6107931, 54.1493662 ], [ 37.6101708, 54.1490771 ], [ 37.6072955, 54.1503087 ], [ 37.6066947, 54.1508239 ], [ 37.6050424, 54.1498688 ], [ 37.6030683, 54.1482351 ], [ 37.6021242, 54.1474308 ], [ 37.6016521, 54.1469909 ], [ 37.6012015, 54.1464253 ], [ 37.6010299, 54.1463499 ], [ 37.6008396, 54.1461955 ], [ 37.6007509, 54.1460985 ], [ 37.6013946, 54.1455707 ], [ 37.6040339, 54.143434 ], [ 37.6046562, 54.1422776 ], [ 37.6075101, 54.1426044 ], [ 37.6096344, 54.1438236 ], [ 37.6132607, 54.1441379 ], [ 37.6148271, 54.1447663 ], [ 37.6159644, 54.1433586 ], [ 37.6152348, 54.1414732 ], [ 37.6153617, 54.1410069 ], [ 37.6149344, 54.1402916 ], [ 37.6157713, 54.1390849 ], [ 37.6154279, 54.138293 ], [ 37.6165008, 54.1372747 ], [ 37.6143551, 54.1358039 ], [ 37.6108145, 54.1342325 ], [ 37.6124453, 54.131454 ], [ 37.6121235, 54.1300333 ], [ 37.6117587, 54.1285748 ], [ 37.6112437, 54.1283987 ], [ 37.6119089, 54.1313534 ], [ 37.6109998, 54.1331583 ], [ 37.6102781, 54.1341445 ], [ 37.6092481, 54.136533 ], [ 37.6074886, 54.1382427 ], [ 37.6066947, 54.1381295 ], [ 37.6060295, 54.1399774 ], [ 37.6045704, 54.1418377 ], [ 37.6041841, 54.1419257 ], [ 37.6032829, 54.1418503 ], [ 37.6025319, 54.1415863 ], [ 37.6020384, 54.1411841 ], [ 37.6025963, 54.1405682 ], [ 37.6012659, 54.1400151 ], [ 37.6013946, 54.1397637 ], [ 37.6010299, 54.1396254 ], [ 37.6005149, 54.138381 ], [ 37.6002788, 54.1379787 ], [ 37.5997638, 54.1375513 ], [ 37.5990557, 54.1366462 ], [ 37.5990557, 54.1359673 ], [ 37.5989485, 54.1353513 ], [ 37.5979614, 54.1351753 ], [ 37.5979787, 54.1350435 ], [ 37.5979829, 54.1350119 ], [ 37.6010728, 54.1341193 ], [ 37.6016092, 54.1336164 ], [ 37.6026821, 54.1335536 ], [ 37.6021027, 54.1327993 ], [ 37.6004505, 54.1313283 ], [ 37.599163, 54.1306494 ], [ 37.598176, 54.1299075 ], [ 37.5963634, 54.1293025 ], [ 37.5964057, 54.1289645 ], [ 37.5980043, 54.1278141 ], [ 37.5998604, 54.1274683 ], [ 37.6007509, 54.1270659 ], [ 37.6015998, 54.1270602 ], [ 37.6027787, 54.1267956 ], [ 37.6038623, 54.1263555 ], [ 37.6053643, 54.126104 ], [ 37.6050424, 54.1258085 ], [ 37.6066732, 54.1249157 ], [ 37.6083255, 54.1256828 ], [ 37.611351, 54.1236488 ], [ 37.6106, 54.1231427 ], [ 37.6124882, 54.1222372 ], [ 37.608304, 54.1189926 ], [ 37.6076174, 54.1189801 ], [ 37.6076817, 54.1184707 ], [ 37.607907, 54.1181626 ], [ 37.6078212, 54.116842 ], [ 37.6095271, 54.1165716 ], [ 37.6092589, 54.1155277 ], [ 37.608937, 54.1147605 ], [ 37.6071721, 54.114924 ], [ 37.6066518, 54.1130813 ], [ 37.6072848, 54.1117606 ], [ 37.6083265, 54.1123998 ], [ 37.6096237, 54.1129304 ], [ 37.611351, 54.1118989 ], [ 37.6120376, 54.1125279 ], [ 37.613368, 54.1124021 ], [ 37.6153421, 54.1126033 ], [ 37.6156854, 54.1138863 ], [ 37.615385, 54.1147416 ], [ 37.6183462, 54.1157981 ], [ 37.6208782, 54.115295 ], [ 37.621994, 54.1155717 ], [ 37.6228523, 54.1154963 ], [ 37.6252985, 54.1158987 ], [ 37.6271009, 54.1159491 ], [ 37.62959, 54.1152196 ], [ 37.631371, 54.1172948 ], [ 37.6196765, 54.1187914 ], [ 37.6202344, 54.1198478 ], [ 37.6213932, 54.1197221 ], [ 37.6243543, 54.1211809 ], [ 37.6272296, 54.1212815 ], [ 37.6274013, 54.1218725 ], [ 37.6282596, 54.1219103 ], [ 37.6290107, 54.1217216 ], [ 37.6297187, 54.1218097 ], [ 37.6310062, 54.1222876 ], [ 37.6321649, 54.1225139 ], [ 37.6338386, 54.1224133 ], [ 37.6341819, 54.1219103 ], [ 37.6365852, 54.1218097 ], [ 37.6369285, 54.1213444 ], [ 37.6366496, 54.1207533 ], [ 37.6353407, 54.1189298 ], [ 37.6346111, 54.1178985 ], [ 37.6341605, 54.1179236 ], [ 37.6338386, 54.1172948 ], [ 37.6327228, 54.1173703 ], [ 37.6324653, 54.117408 ], [ 37.6302123, 54.1150938 ], [ 37.6307916, 54.1150938 ], [ 37.6314354, 54.1151692 ], [ 37.6325082, 54.1150686 ], [ 37.6325726, 54.1137354 ], [ 37.6329374, 54.113358 ], [ 37.6346111, 54.1142636 ], [ 37.6347613, 54.1147793 ], [ 37.6353836, 54.1152447 ], [ 37.6386451, 54.1163264 ], [ 37.6393318, 54.1160119 ], [ 37.6393962, 54.115622 ], [ 37.6392889, 54.1151441 ], [ 37.6404019, 54.1151433 ], [ 37.639482, 54.1142385 ], [ 37.6377868, 54.1132574 ], [ 37.6379585, 54.113031 ], [ 37.6355982, 54.1113077 ], [ 37.6347026, 54.1113372 ], [ 37.6344502, 54.1113455 ], [ 37.6342935, 54.1112072 ], [ 37.6341019, 54.1111474 ], [ 37.6340168, 54.1110761 ], [ 37.6340379, 54.110927 ], [ 37.6341513, 54.1108437 ], [ 37.6341665, 54.1107459 ], [ 37.6340761, 54.1106348 ], [ 37.6340556, 54.1105554 ], [ 37.6339429, 54.1104748 ], [ 37.6339338, 54.1103553 ], [ 37.6339594, 54.1102173 ], [ 37.6339204, 54.1101327 ], [ 37.634096, 54.1100091 ], [ 37.6341083, 54.1099092 ], [ 37.6341669, 54.1098206 ], [ 37.6340659, 54.1097146 ], [ 37.6338757, 54.1097115 ], [ 37.6337821, 54.1096504 ], [ 37.633733, 54.1095408 ], [ 37.6337877, 54.1094634 ], [ 37.6338584, 54.1093975 ], [ 37.6339637, 54.1093489 ], [ 37.6340588, 54.1093464 ], [ 37.6341605, 54.1093793 ], [ 37.6341498, 54.1092825 ], [ 37.6331091, 54.1094838 ], [ 37.6294398, 54.1110813 ], [ 37.6269399, 54.1112304 ], [ 37.6269078, 54.1112323 ], [ 37.6188183, 54.1104524 ], [ 37.6167154, 54.111836 ], [ 37.6158356, 54.1121379 ], [ 37.6154065, 54.1120876 ], [ 37.6146984, 54.1113455 ], [ 37.614398, 54.1101631 ], [ 37.6148486, 54.1095089 ], [ 37.6135182, 54.1085529 ], [ 37.6139259, 54.1082887 ], [ 37.612381, 54.1071565 ], [ 37.6109218, 54.1065024 ], [ 37.6101064, 54.1062885 ], [ 37.6102137, 54.1059992 ], [ 37.611587, 54.105823 ], [ 37.6124024, 54.1059237 ], [ 37.6131333, 54.1063984 ], [ 37.6199984, 54.1097983 ], [ 37.6221013, 54.1085277 ], [ 37.6203847, 54.1057853 ], [ 37.6218867, 54.1053827 ], [ 37.6235175, 54.1057224 ], [ 37.6264143, 54.1066533 ], [ 37.6272726, 54.1059111 ], [ 37.6266718, 54.1054959 ], [ 37.6266074, 54.105106 ], [ 37.6252341, 54.1041372 ], [ 37.625277, 54.1035082 ], [ 37.6249766, 54.1032062 ], [ 37.6248264, 54.1019229 ], [ 37.6269293, 54.1019355 ], [ 37.6278519, 54.1024136 ], [ 37.6294827, 54.1027281 ], [ 37.6300192, 54.1024514 ], [ 37.6309848, 54.1005389 ], [ 37.631886, 54.0993059 ], [ 37.6335382, 54.0981483 ], [ 37.6342678, 54.0963741 ], [ 37.6344394, 54.0953171 ], [ 37.6350617, 54.0954051 ], [ 37.6351261, 54.0950402 ], [ 37.6353621, 54.0948892 ], [ 37.6358986, 54.0948892 ], [ 37.63592, 54.0944236 ], [ 37.6354694, 54.093958 ], [ 37.6347613, 54.0935427 ], [ 37.6342396, 54.093487 ], [ 37.6322508, 54.0927751 ], [ 37.6308261, 54.0925353 ], [ 37.6287746, 54.0924605 ], [ 37.6271714, 54.0921955 ], [ 37.626071, 54.0923346 ], [ 37.6249785, 54.0920757 ], [ 37.6237106, 54.0918816 ], [ 37.6205793, 54.0905474 ], [ 37.6190328, 54.0897925 ], [ 37.6159429, 54.0902204 ], [ 37.6086903, 54.0917243 ], [ 37.6078427, 54.0916299 ], [ 37.6070166, 54.0921773 ], [ 37.6056647, 54.09258 ], [ 37.604388, 54.0928254 ], [ 37.6012874, 54.0919948 ], [ 37.6001608, 54.0929072 ], [ 37.5991845, 54.0937063 ], [ 37.5977898, 54.0922969 ], [ 37.5973284, 54.0902644 ], [ 37.5959015, 54.0900819 ], [ 37.5952685, 54.0893709 ], [ 37.5946247, 54.0895345 ], [ 37.5947769, 54.0897403 ], [ 37.5952577, 54.0903903 ], [ 37.5956225, 54.0903336 ], [ 37.5959122, 54.0909314 ], [ 37.5947106, 54.0910825 ], [ 37.5944209, 54.0907804 ], [ 37.5936592, 54.0910132 ], [ 37.5930583, 54.0909503 ], [ 37.5921571, 54.0912272 ], [ 37.5919211, 54.091051 ], [ 37.5915778, 54.0911076 ], [ 37.5913632, 54.0909881 ], [ 37.5892496, 54.0916425 ], [ 37.58955, 54.0921522 ], [ 37.5895178, 54.0929009 ], [ 37.5892818, 54.0931778 ], [ 37.5895285, 54.0939077 ], [ 37.587297, 54.0944173 ], [ 37.587533, 54.0947634 ], [ 37.5859451, 54.0951094 ], [ 37.5841641, 54.0948011 ], [ 37.5841856, 54.0946375 ], [ 37.5833595, 54.0945998 ], [ 37.5832736, 54.0947193 ], [ 37.5815999, 54.0944614 ], [ 37.581122, 54.0950484 ], [ 37.5803916, 54.0949674 ], [ 37.5792945, 54.0948569 ], [ 37.5774958, 54.094813 ], [ 37.5757849, 54.0947005 ], [ 37.5757098, 54.0944614 ], [ 37.5751412, 54.0944614 ], [ 37.5749051, 54.0946249 ], [ 37.574594, 54.0944739 ], [ 37.5734889, 54.0946124 ], [ 37.5734031, 54.0943733 ], [ 37.5731671, 54.0943859 ], [ 37.5731993, 54.0946187 ], [ 37.5728881, 54.0946879 ], [ 37.5722444, 54.0943229 ], [ 37.571944, 54.0943733 ], [ 37.571944, 54.0941782 ], [ 37.5714719, 54.0941593 ], [ 37.5714075, 54.0944739 ], [ 37.5700916, 54.094653 ], [ 37.5692463, 54.0932867 ], [ 37.5708001, 54.093125 ], [ 37.5709247, 54.0931526 ], [ 37.5707765, 54.0921502 ], [ 37.5712037, 54.0921081 ], [ 37.5708221, 54.0916759 ], [ 37.5708604, 54.0906609 ], [ 37.5706029, 54.090686 ], [ 37.5703175, 54.0903123 ], [ 37.5703025, 54.0897673 ], [ 37.5695729, 54.0897799 ], [ 37.5693798, 54.0881186 ], [ 37.5681199, 54.0877322 ], [ 37.5678134, 54.0879047 ], [ 37.5678992, 54.0880934 ], [ 37.5682054, 54.0907392 ], [ 37.5680914, 54.093178 ], [ 37.5674915, 54.0933288 ], [ 37.5664637, 54.0945746 ], [ 37.5659637, 54.0946199 ], [ 37.5648393, 54.0942047 ], [ 37.5645105, 54.0943376 ], [ 37.5642929, 54.0944422 ], [ 37.5633534, 54.0948935 ], [ 37.5624098, 54.0949369 ], [ 37.5618768, 54.0951113 ], [ 37.5592835, 54.0977304 ], [ 37.5497753, 54.0976871 ], [ 37.5503868, 54.0995078 ], [ 37.5493598, 54.1007214 ], [ 37.5511768, 54.1055864 ], [ 37.551924, 54.1072257 ], [ 37.5512695, 54.1072383 ], [ 37.5513017, 54.1076472 ], [ 37.5482762, 54.1081252 ], [ 37.5466883, 54.1084774 ], [ 37.5450468, 54.1090498 ], [ 37.5443709, 54.1095089 ], [ 37.5430727, 54.1098045 ], [ 37.5410128, 54.1109807 ], [ 37.5401003, 54.1096487 ], [ 37.5384891, 54.1097668 ], [ 37.5402295, 54.1122197 ], [ 37.5401008, 54.1131316 ], [ 37.5407874, 54.1134335 ], [ 37.541914, 54.113358 ], [ 37.5436735, 54.1136725 ], [ 37.5431585, 54.1145278 ], [ 37.5432444, 54.1150749 ], [ 37.5424164, 54.1150794 ], [ 37.5412381, 54.1151441 ], [ 37.539736, 54.1148045 ], [ 37.5389743, 54.1150183 ], [ 37.538631, 54.1153893 ], [ 37.5377842, 54.1151266 ], [ 37.5362552, 54.1149496 ], [ 37.5360697, 54.1149357 ], [ 37.5324017, 54.1141473 ], [ 37.5317001, 54.1137165 ], [ 37.5315177, 54.1130624 ], [ 37.5310671, 54.1129807 ], [ 37.5301123, 54.1112197 ], [ 37.5275344, 54.1109832 ], [ 37.5274725, 54.1112494 ], [ 37.5273013, 54.1119681 ], [ 37.5264859, 54.1129681 ], [ 37.5256854, 54.1129176 ], [ 37.5254477, 54.1131756 ], [ 37.5292397, 54.1139789 ], [ 37.5281274, 54.1147101 ], [ 37.5286407, 54.1151857 ], [ 37.5276314, 54.1169683 ], [ 37.5282562, 54.1179551 ], [ 37.5284922, 54.1184707 ], [ 37.5280201, 54.1196781 ], [ 37.5291359, 54.1206904 ], [ 37.5291896, 54.1211369 ], [ 37.5285727, 54.1215393 ], [ 37.5289804, 54.122363 ], [ 37.5283688, 54.1226459 ], [ 37.5277144, 54.1230546 ], [ 37.5257456, 54.1221932 ], [ 37.5251126, 54.122539 ], [ 37.5198126, 54.1214701 ], [ 37.519083, 54.1210929 ], [ 37.5169372, 54.1222498 ], [ 37.5186753, 54.1230295 ], [ 37.5223446, 54.1259091 ], [ 37.5226235, 54.1262989 ], [ 37.5240826, 54.126915 ], [ 37.5279128, 54.1267201 ], [ 37.5293076, 54.1260631 ], [ 37.5285512, 54.1254501 ], [ 37.5277412, 54.1254124 ], [ 37.5268614, 54.1251106 ], [ 37.5266629, 54.1248214 ], [ 37.5273389, 54.1242995 ], [ 37.5284278, 54.1242555 ], [ 37.5292808, 54.1241204 ], [ 37.5300908, 54.1245919 ], [ 37.5309813, 54.1247963 ], [ 37.5318021, 54.1253024 ], [ 37.5323546, 54.1253684 ], [ 37.5330627, 54.1255822 ], [ 37.533803, 54.1259814 ], [ 37.534849, 54.1260003 ], [ 37.5359592, 54.1267235 ], [ 37.5367856, 54.1271665 ], [ 37.5375152, 54.1272922 ], [ 37.5341277, 54.1299388 ], [ 37.533524, 54.1303727 ], [ 37.5346827, 54.1314163 ], [ 37.5351333, 54.1326735 ], [ 37.5355232, 54.1332896 ], [ 37.5368714, 54.134333 ], [ 37.5355625, 54.1348862 ], [ 37.5341677, 54.1349113 ], [ 37.5321078, 54.1338427 ], [ 37.5311954, 54.132973 ], [ 37.5299191, 54.1305111 ], [ 37.5289964, 54.1299956 ], [ 37.5268292, 54.1290903 ], [ 37.5241899, 54.127506 ], [ 37.5207269, 54.1256882 ], [ 37.5197482, 54.1250163 ], [ 37.515564, 54.1240166 ], [ 37.514888, 54.1240732 ], [ 37.5141263, 54.1237085 ], [ 37.5126457, 54.1244064 ], [ 37.5116801, 54.1243813 ], [ 37.5115084, 54.1246139 ], [ 37.5140404, 54.1256953 ], [ 37.5129461, 54.126651 ], [ 37.5140404, 54.1273426 ], [ 37.5165295, 54.1289646 ], [ 37.5174308, 54.1308882 ], [ 37.5170874, 54.131454 ], [ 37.5177955, 54.1333524 ], [ 37.5191045, 54.1335662 ], [ 37.5202417, 54.1332393 ], [ 37.5206923, 54.1338553 ], [ 37.5212931, 54.1334027 ], [ 37.521894, 54.133981 ], [ 37.5206709, 54.1349616 ], [ 37.5206923, 54.1354016 ], [ 37.520113, 54.1358542 ], [ 37.520113, 54.1361811 ], [ 37.5210356, 54.1365456 ], [ 37.5276661, 54.1381044 ], [ 37.5284385, 54.1379033 ], [ 37.5321078, 54.1381547 ], [ 37.5352406, 54.1399522 ], [ 37.5392532, 54.1405682 ], [ 37.5410556, 54.1420514 ], [ 37.5432873, 54.1442887 ], [ 37.5486517, 54.1460734 ], [ 37.5513553, 54.1493913 ], [ 37.5567198, 54.1536136 ], [ 37.5573635, 54.1545812 ], [ 37.5574708, 54.1553728 ], [ 37.5569773, 54.1562775 ], [ 37.5563121, 54.1568807 ], [ 37.5559902, 54.1574775 ], [ 37.5542736, 54.1574963 ], [ 37.5539517, 54.1572199 ], [ 37.5539088, 54.1569937 ], [ 37.553072, 54.1563404 ], [ 37.5523853, 54.156554 ], [ 37.5519562, 54.1562775 ], [ 37.552557, 54.1560011 ], [ 37.5518918, 54.1560891 ], [ 37.5516128, 54.1560137 ], [ 37.5513339, 54.1557749 ], [ 37.5508404, 54.1559634 ], [ 37.5504541, 54.1558126 ], [ 37.550497, 54.1555613 ], [ 37.5509906, 54.1554734 ], [ 37.550776, 54.1550461 ], [ 37.5501752, 54.1554105 ], [ 37.5496816, 54.1552597 ], [ 37.5490808, 54.1549833 ], [ 37.5490594, 54.1542294 ], [ 37.5481796, 54.1531613 ], [ 37.5466347, 54.1529853 ], [ 37.5454545, 54.1524199 ], [ 37.5419247, 54.1523068 ], [ 37.5387919, 54.1525455 ], [ 37.5388026, 54.1528283 ], [ 37.5410771, 54.1537707 ], [ 37.541281, 54.1543613 ], [ 37.5455296, 54.1569686 ], [ 37.5468278, 54.1575466 ], [ 37.5529754, 54.1575403 ], [ 37.5533509, 54.1587402 ], [ 37.5534582, 54.1606751 ], [ 37.5528788, 54.1623083 ], [ 37.5544023, 54.1624968 ], [ 37.5545311, 54.1653925 ], [ 37.5548315, 54.1687214 ], [ 37.5546384, 54.1688093 ], [ 37.5543272, 54.1688093 ], [ 37.5540161, 54.1687277 ], [ 37.5536596, 54.169084 ], [ 37.5535118, 54.1691736 ], [ 37.5531256, 54.1691987 ], [ 37.5525784, 54.1690606 ], [ 37.5522673, 54.1692113 ], [ 37.5521064, 54.1691485 ], [ 37.5515592, 54.1691108 ], [ 37.5514131, 54.1691505 ], [ 37.5512588, 54.1691924 ], [ 37.5511833, 54.1692412 ], [ 37.5509477, 54.1693934 ], [ 37.5503898, 54.1693871 ], [ 37.5503977, 54.1693018 ], [ 37.5504219, 54.1690417 ], [ 37.5501537, 54.168533 ], [ 37.5496817, 54.1685581 ], [ 37.5493598, 54.168533 ], [ 37.5487804, 54.1686272 ], [ 37.5481796, 54.1690291 ], [ 37.5478899, 54.1690668 ], [ 37.5475681, 54.1692992 ], [ 37.5474393, 54.1696509 ], [ 37.5469887, 54.1696195 ], [ 37.5465274, 54.1698331 ], [ 37.5420427, 54.1681122 ], [ 37.5412273, 54.1669691 ], [ 37.5260138, 54.161542 ], [ 37.5235462, 54.1637782 ], [ 37.5175595, 54.1638913 ], [ 37.5055218, 54.1615671 ], [ 37.4966168, 54.1602354 ], [ 37.4962583, 54.1622023 ], [ 37.4956298, 54.16565 ], [ 37.5003934, 54.1664163 ], [ 37.500329, 54.1667681 ], [ 37.5010156, 54.1668937 ], [ 37.5028181, 54.1657505 ], [ 37.5089764, 54.1657882 ], [ 37.516787, 54.1684388 ], [ 37.5246835, 54.1697954 ], [ 37.5252199, 54.1700968 ], [ 37.5254559, 54.1703355 ], [ 37.5246191, 54.1713027 ], [ 37.5250268, 54.1715036 ], [ 37.5206279, 54.1754977 ], [ 37.5189006, 54.1778839 ], [ 37.5173557, 54.1780283 ], [ 37.5163793, 54.1784365 ], [ 37.5159931, 54.1790392 ], [ 37.5164222, 54.1811992 ], [ 37.5147486, 54.1809543 ], [ 37.513504, 54.1819778 ], [ 37.5133216, 54.1827689 ], [ 37.5151649, 54.1837782 ], [ 37.5156944, 54.1839533 ], [ 37.5191234, 54.1844682 ], [ 37.5219443, 54.1848658 ], [ 37.5232835, 54.1850588 ], [ 37.524571, 54.1852974 ], [ 37.5251113, 54.1854347 ], [ 37.5266675, 54.1859526 ], [ 37.5307875, 54.1874393 ], [ 37.5297434, 54.1878231 ], [ 37.5282999, 54.188746 ], [ 37.5279523, 54.1888711 ], [ 37.5265088, 54.1882924 ], [ 37.5255197, 54.1888242 ], [ 37.5242098, 54.1892778 ], [ 37.5220445, 54.189575 ], [ 37.5207614, 54.1905134 ], [ 37.5192377, 54.1899269 ], [ 37.5165243, 54.1893013 ], [ 37.5160833, 54.1891918 ], [ 37.5158199, 54.1891362 ], [ 37.5160565, 54.1887773 ], [ 37.5165511, 54.1879365 ], [ 37.5128353, 54.187041 ], [ 37.5124076, 54.1878701 ], [ 37.5118729, 54.188965 ], [ 37.5117927, 54.1892309 ], [ 37.5129155, 54.1896219 ], [ 37.5114318, 54.1909827 ], [ 37.5098584, 54.1911443 ], [ 37.507925, 54.1909086 ], [ 37.5076028, 54.1887404 ], [ 37.5059916, 54.1883161 ], [ 37.502154, 54.1863217 ], [ 37.5043775, 54.1986668 ], [ 37.5047572, 54.1987943 ], [ 37.5113085, 54.1925583 ], [ 37.511766, 54.1930628 ], [ 37.5126214, 54.1938761 ], [ 37.5130491, 54.1945329 ], [ 37.5131828, 54.1949552 ], [ 37.5129288, 54.1953462 ], [ 37.5129823, 54.1954869 ], [ 37.5135704, 54.1959795 ], [ 37.5139981, 54.1963549 ], [ 37.514212, 54.1965582 ], [ 37.5145461, 54.1966598 ], [ 37.5149979, 54.1972948 ], [ 37.5103026, 54.2006406 ], [ 37.5098133, 54.2005207 ], [ 37.509579, 54.2006959 ], [ 37.5067718, 54.1997108 ], [ 37.5055647, 54.1997111 ], [ 37.5056929, 54.2008506 ], [ 37.5063619, 54.2035405 ], [ 37.5065765, 54.2051263 ] ] ] ] } },
{ "type": "Feature", "properties": { "element": "relation", "id": 2538633, "addr:country": "RU", "addr:region": "Тульская область", "name": "Венёв", "name:ar": null, "name:az": null, "name:de": "Wenjow", "name:diq": null, "name:en": null, "name:eo": null, "name:es": null, "name:fa": null, "name:fi": null, "name:fr": null, "name:hr": null, "name:it": null, "name:ja": null, "name:ko": null, "name:nn": null, "name:no": null, "name:pl": null, "name:pt": null, "name:ru": null, "name:tl": null, "name:war": null, "name:zh": null, "official_status": null, "place": "town", "population": null, "population:date": null, "wikidata": "Q132974", "wikipedia": "ru:Венёв", "addr:district": "Венёвский район", "start_date": null, "addr:subdistrict": null, "name:ca": null, "name:et": null, "name:id": null, "name:lt": null, "name:ro": null, "source": null, "addr:postcode": null, "name:hsb": null, "name:nl": null, "name:pnb": null, "name:sr": null, "name:sv": null, "name:tt": null, "name:uk": null, "name:vi": null, "admin_level": null, "capital": null, "contact:website": null, "int_name": null, "is_in:country": null, "is_in:country_code": null, "name:be": null, "name:bn": null, "name:eu": null, "name:he": null, "name:hu": null, "name:ml": null, "name:ru:word_stress": null, "name:sk": null, "name:sr-Latn": null, "name:zh-Hant": null, "wikimedia_commons": null, "addr:city": null, "website": null, "name:be-tarask": null, "name:bg": null, "description": null, "name:io": null, "alt_name": null, "landuse": null, "is_in": null, "type": "multipolygon", "ele": null, "name:pa": null, "tourism": 0, "leisure": 0, "healthcare": 0 }, "geometry": { "type": "Polygon", "coordinates": [ [ [ 38.2344015, 54.3617041 ], [ 38.2352812, 54.3619416 ], [ 38.2382424, 54.3586408 ], [ 38.2390363, 54.3586408 ], [ 38.2388646, 54.3594785 ], [ 38.2395513, 54.361329 ], [ 38.239444, 54.3618791 ], [ 38.2405383, 54.3630543 ], [ 38.2428987, 54.3630043 ], [ 38.2426841, 54.3603663 ], [ 38.2455165, 54.3613915 ], [ 38.2468254, 54.3605538 ], [ 38.2465036, 54.3600537 ], [ 38.2497651, 54.361429 ], [ 38.2506449, 54.361504 ], [ 38.2517178, 54.3619041 ], [ 38.2522113, 54.3623542 ], [ 38.252898, 54.3629918 ], [ 38.2534129, 54.3632419 ], [ 38.255151, 54.3636794 ], [ 38.2558045, 54.3640066 ], [ 38.2567486, 54.3621312 ], [ 38.2653746, 54.3623813 ], [ 38.2683938, 54.3622808 ], [ 38.271769, 54.3622312 ], [ 38.271533, 54.360956 ], [ 38.2716188, 54.3577801 ], [ 38.2732281, 54.3576551 ], [ 38.2733998, 54.3578176 ], [ 38.2746872, 54.3578051 ], [ 38.2746872, 54.361081 ], [ 38.2752451, 54.361181 ], [ 38.2753471, 54.3644066 ], [ 38.273271, 54.3643941 ], [ 38.2731423, 54.3663069 ], [ 38.2756045, 54.3664131 ], [ 38.2773319, 54.3660818 ], [ 38.2769242, 54.3648129 ], [ 38.2764629, 54.3630064 ], [ 38.2762912, 54.3623563 ], [ 38.276259, 54.3614623 ], [ 38.2766479, 54.3609497 ], [ 38.2779676, 54.3596369 ], [ 38.2779998, 54.3591055 ], [ 38.2778281, 54.3581177 ], [ 38.2771736, 54.3577739 ], [ 38.2773775, 54.3575425 ], [ 38.2769912, 54.3569423 ], [ 38.2780212, 54.3565109 ], [ 38.2786113, 54.3564797 ], [ 38.2787293, 54.3555481 ], [ 38.2793194, 54.3543164 ], [ 38.2795554, 54.3541101 ], [ 38.2806069, 54.3537474 ], [ 38.2812077, 54.3537099 ], [ 38.2822055, 54.35386 ], [ 38.2846731, 54.3539537 ], [ 38.2856923, 54.3535161 ], [ 38.2861644, 54.3530846 ], [ 38.2864112, 54.3526845 ], [ 38.2864541, 54.3523093 ], [ 38.2862395, 54.3518341 ], [ 38.2852095, 54.3512901 ], [ 38.2835495, 54.3507996 ], [ 38.280285, 54.349658 ], [ 38.2785416, 54.3491797 ], [ 38.2776564, 54.3487731 ], [ 38.2770637, 54.3484684 ], [ 38.2763256, 54.3479333 ], [ 38.2755505, 54.3469111 ], [ 38.2762188, 54.3461436 ], [ 38.2746309, 54.3448303 ], [ 38.2761008, 54.343592 ], [ 38.2761008, 54.3433231 ], [ 38.2740033, 54.3433982 ], [ 38.2739174, 54.3427352 ], [ 38.2761061, 54.3425851 ], [ 38.2764494, 54.3411466 ], [ 38.274455, 54.3404117 ], [ 38.2678771, 54.3404461 ], [ 38.2660866, 54.3401207 ], [ 38.2591197, 54.3380912 ], [ 38.2573387, 54.3376659 ], [ 38.2442324, 54.3373651 ], [ 38.2419653, 54.3373291 ], [ 38.2410211, 54.3375293 ], [ 38.2377167, 54.3386302 ], [ 38.2312794, 54.3408318 ], [ 38.2271595, 54.3410069 ], [ 38.22334, 54.3408568 ], [ 38.2197351, 54.3486367 ], [ 38.2181043, 54.356065 ], [ 38.2239408, 54.3573154 ], [ 38.2258291, 54.3584407 ], [ 38.2273311, 54.3585658 ], [ 38.2274599, 54.359316 ], [ 38.2280178, 54.3598411 ], [ 38.2296915, 54.3602162 ], [ 38.2311077, 54.3617166 ], [ 38.2330282, 54.3615665 ], [ 38.2344015, 54.3617041 ] ] ] } },
{ "type": "Feature", "properties": { "element": "relation", "id": 2545078, "addr:country": "RU", "addr:region": "Тульская область", "name": "Ясногорск", "name:ar": "ياسنوغورسك", "name:az": "Yasnoqorsk", "name:de": "Jasnogorsk", "name:diq": null, "name:en": "Yasnogorsk", "name:eo": "Jasnogorsk", "name:es": "Yasnogorsk", "name:fa": "یاسنوگورسک، اوبلاست تولا", "name:fi": "Jasnogorsk", "name:fr": "Iasnogorsk", "name:hr": null, "name:it": "Jasnogorsk", "name:ja": "ヤスノゴルスク", "name:ko": "야스노고르스크", "name:nn": "Jasnogorsk", "name:no": "Jasnogorsk", "name:pl": "Jasnogorsk", "name:pt": null, "name:ru": "Ясногорск", "name:tl": "Yasnogorsk", "name:war": "Yasnogorsk", "name:zh": "亞斯諾戈爾斯克", "official_status": null, "place": "town", "population": null, "population:date": null, "wikidata": null, "wikipedia": null, "addr:district": "Ясногорский район", "start_date": null, "addr:subdistrict": null, "name:ca": null, "name:et": null, "name:id": null, "name:lt": null, "name:ro": null, "source": "bing", "addr:postcode": null, "name:hsb": null, "name:nl": null, "name:pnb": null, "name:sr": null, "name:sv": null, "name:tt": null, "name:uk": "Ясногорськ", "name:vi": null, "admin_level": null, "capital": null, "contact:website": null, "int_name": null, "is_in:country": null, "is_in:country_code": "RU", "name:be": null, "name:bn": null, "name:eu": null, "name:he": "יאסנוגורסק", "name:hu": null, "name:ml": null, "name:ru:word_stress": null, "name:sk": null, "name:sr-Latn": null, "name:zh-Hant": null, "wikimedia_commons": null, "addr:city": null, "website": null, "name:be-tarask": null, "name:bg": null, "description": null, "name:io": null, "alt_name": null, "landuse": null, "is_in": null, "type": "multipolygon", "ele": null, "name:pa": null, "tourism": 0, "leisure": 0, "healthcare": 0 }, "geometry": { "type": "Polygon", "coordinates": [ [ [ 37.6624786, 54.4704465 ], [ 37.6622163, 54.4707707 ], [ 37.6641105, 54.4732856 ], [ 37.6650088, 54.4761366 ], [ 37.6683308, 54.4780334 ], [ 37.6689062, 54.4796559 ], [ 37.6705746, 54.4801172 ], [ 37.6719655, 54.4787486 ], [ 37.6742791, 54.479649 ], [ 37.6726499, 54.4829054 ], [ 37.6691046, 54.4846903 ], [ 37.67005, 54.4860634 ], [ 37.6731226, 54.4869558 ], [ 37.6775245, 54.4851984 ], [ 37.6801325, 54.4850466 ], [ 37.6786688, 54.4891634 ], [ 37.6805717, 54.4894171 ], [ 37.6801497, 54.4904535 ], [ 37.6808172, 54.4906887 ], [ 37.6788832, 54.4938289 ], [ 37.6792681, 54.4942467 ], [ 37.6793782, 54.4943662 ], [ 37.6797083, 54.4947366 ], [ 37.6796736, 54.495107 ], [ 37.6791969, 54.49578 ], [ 37.6791273, 54.4958783 ], [ 37.6793585, 54.4959262 ], [ 37.6809538, 54.4962569 ], [ 37.6816395, 54.4963991 ], [ 37.6814112, 54.4968333 ], [ 37.6813507, 54.4969484 ], [ 37.6820703, 54.497373 ], [ 37.686857, 54.4986461 ], [ 37.6780766, 54.5051576 ], [ 37.6863629, 54.5086435 ], [ 37.6943282, 54.5017747 ], [ 37.6932794, 54.5013447 ], [ 37.6960454, 54.5001391 ], [ 37.6961748, 54.5002991 ], [ 37.69719, 54.5002697 ], [ 37.7002562, 54.5001837 ], [ 37.7044206, 54.5001384 ], [ 37.7099713, 54.4996597 ], [ 37.7101511, 54.5003356 ], [ 37.710675, 54.5023443 ], [ 37.7112241, 54.5028031 ], [ 37.7122884, 54.5031295 ], [ 37.7131057, 54.502598 ], [ 37.7127881, 54.5023512 ], [ 37.7136521, 54.5015621 ], [ 37.7149924, 54.5015676 ], [ 37.7156555, 54.5021126 ], [ 37.7155341, 54.5026522 ], [ 37.714432, 54.5035335 ], [ 37.7148476, 54.5037369 ], [ 37.7181846, 54.5049502 ], [ 37.7194547, 54.503751 ], [ 37.7179573, 54.5023932 ], [ 37.7175018, 54.501909 ], [ 37.7170378, 54.5014157 ], [ 37.717092, 54.5013857 ], [ 37.7176487, 54.5010937 ], [ 37.717817, 54.5010032 ], [ 37.7182119, 54.5007534 ], [ 37.7185968, 54.5005099 ], [ 37.7189712, 54.500264 ], [ 37.7194257, 54.4999627 ], [ 37.719879, 54.4996622 ], [ 37.7201901, 54.499456 ], [ 37.7204458, 54.4993022 ], [ 37.7205564, 54.4992356 ], [ 37.7207106, 54.4991428 ], [ 37.7212825, 54.4987988 ], [ 37.7218304, 54.4984691 ], [ 37.722079, 54.4983498 ], [ 37.7223153, 54.4982196 ], [ 37.7229098, 54.4978399 ], [ 37.724929, 54.4987792 ], [ 37.7251882, 54.4984498 ], [ 37.7250617, 54.4983546 ], [ 37.725626, 54.4978302 ], [ 37.7261862, 54.4972659 ], [ 37.7263453, 54.4969703 ], [ 37.7266208, 54.497008 ], [ 37.7264916, 54.4979675 ], [ 37.7298608, 54.4988679 ], [ 37.7306591, 54.4972072 ], [ 37.7317047, 54.4950321 ], [ 37.7257198, 54.4927963 ], [ 37.727559, 54.4899059 ], [ 37.7194822, 54.4881977 ], [ 37.7174769, 54.4881196 ], [ 37.715777, 54.4877604 ], [ 37.7154233, 54.4880815 ], [ 37.715067, 54.4884281 ], [ 37.7135776, 54.4879139 ], [ 37.7140137, 54.4871144 ], [ 37.7137755, 54.4868991 ], [ 37.7134942, 54.4860574 ], [ 37.7134614, 54.4856196 ], [ 37.7139015, 54.4853535 ], [ 37.7148191, 54.4847415 ], [ 37.7155795, 54.4842786 ], [ 37.715962, 54.4841093 ], [ 37.7172479, 54.4835247 ], [ 37.7186212, 54.4830229 ], [ 37.7198121, 54.4824682 ], [ 37.7202654, 54.482074 ], [ 37.7204551, 54.4819517 ], [ 37.7210459, 54.481566 ], [ 37.7210298, 54.4813089 ], [ 37.7206972, 54.4808102 ], [ 37.7206865, 54.4803863 ], [ 37.7200935, 54.4797242 ], [ 37.7210267, 54.4792006 ], [ 37.7219841, 54.4795126 ], [ 37.7229928, 54.4789699 ], [ 37.7230895, 54.4789061 ], [ 37.7234775, 54.4786503 ], [ 37.723824, 54.4784218 ], [ 37.7222783, 54.4776133 ], [ 37.7230818, 54.4767807 ], [ 37.7244307, 54.4762364 ], [ 37.7255789, 54.4770301 ], [ 37.727502, 54.4770064 ], [ 37.72769, 54.4764224 ], [ 37.7279268, 54.4762068 ], [ 37.7277733, 54.4760904 ], [ 37.7277825, 54.4753977 ], [ 37.7238114, 54.4751515 ], [ 37.7189109, 54.4717293 ], [ 37.7154631, 54.473457 ], [ 37.7105337, 54.469948 ], [ 37.7114953, 54.4693466 ], [ 37.7116266, 54.4669366 ], [ 37.7103044, 54.466555 ], [ 37.7087847, 54.464326 ], [ 37.7059224, 54.4636348 ], [ 37.7029691, 54.4651098 ], [ 37.7018727, 54.4647896 ], [ 37.7025077, 54.4641414 ], [ 37.7031366, 54.4634782 ], [ 37.7013253, 54.4630497 ], [ 37.6988966, 54.4640068 ], [ 37.6990029, 54.465707 ], [ 37.6972517, 54.4656923 ], [ 37.6973614, 54.4638752 ], [ 37.6960914, 54.463356 ], [ 37.6952885, 54.4646582 ], [ 37.6916567, 54.4672973 ], [ 37.6882805, 54.470004 ], [ 37.6857118, 54.4713012 ], [ 37.6818579, 54.4705903 ], [ 37.6750461, 54.4695714 ], [ 37.6663866, 54.4698591 ], [ 37.6627117, 54.4701616 ], [ 37.6624786, 54.4704465 ] ] ] } },
{ "type": "Feature", "properties": { "element": "relation", "id": 2545078, "addr:country": "RU", "addr:region": "Тульская область", "name": "Ясногорск", "name:ar": "ياسنوغورسك", "name:az": "Yasnoqorsk", "name:de": "Jasnogorsk", "name:diq": null, "name:en": "Yasnogorsk", "name:eo": "Jasnogorsk", "name:es": "Yasnogorsk", "name:fa": "یاسنوگورسک، اوبلاست تولا", "name:fi": "Jasnogorsk", "name:fr": "Iasnogorsk", "name:hr": null, "name:it": "Jasnogorsk", "name:ja": "ヤスノゴルスク", "name:ko": "야스노고르스크", "name:nn": "Jasnogorsk", "name:no": "Jasnogorsk", "name:pl": "Jasnogorsk", "name:pt": null, "name:ru": "Ясногорск", "name:tl": "Yasnogorsk", "name:war": "Yasnogorsk", "name:zh": "亞斯諾戈爾斯克", "official_status": null, "place": "town", "population": null, "population:date": null, "wikidata": null, "wikipedia": null, "addr:district": "Ясногорский район", "start_date": null, "addr:subdistrict": null, "name:ca": null, "name:et": null, "name:id": null, "name:lt": null, "name:ro": null, "source": "bing", "addr:postcode": null, "name:hsb": null, "name:nl": null, "name:pnb": null, "name:sr": null, "name:sv": null, "name:tt": null, "name:uk": "Ясногорськ", "name:vi": null, "admin_level": null, "capital": null, "contact:website": null, "int_name": null, "is_in:country": null, "is_in:country_code": "RU", "name:be": null, "name:bn": null, "name:eu": null, "name:he": "יאסנוגורסק", "name:hu": null, "name:ml": null, "name:ru:word_stress": null, "name:sk": null, "name:sr-Latn": null, "name:zh-Hant": null, "wikimedia_commons": null, "addr:city": null, "website": null, "name:be-tarask": null, "name:bg": null, "description": null, "name:io": null, "alt_name": null, "landuse": null, "is_in": null, "type": "multipolygon", "ele": null, "name:pa": null, "tourism": 0, "leisure": 0, "healthcare": 0 }, "geometry": { "type": "Polygon", "coordinates": [ [ [ 37.6624786, 54.4704465 ], [ 37.6622163, 54.4707707 ], [ 37.6641105, 54.4732856 ], [ 37.6650088, 54.4761366 ], [ 37.6683308, 54.4780334 ], [ 37.6689062, 54.4796559 ], [ 37.6705746, 54.4801172 ], [ 37.6719655, 54.4787486 ], [ 37.6742791, 54.479649 ], [ 37.6726499, 54.4829054 ], [ 37.6691046, 54.4846903 ], [ 37.67005, 54.4860634 ], [ 37.6731226, 54.4869558 ], [ 37.6775245, 54.4851984 ], [ 37.6801325, 54.4850466 ], [ 37.6786688, 54.4891634 ], [ 37.6805717, 54.4894171 ], [ 37.6801497, 54.4904535 ], [ 37.6808172, 54.4906887 ], [ 37.6788832, 54.4938289 ], [ 37.6792681, 54.4942467 ], [ 37.6793782, 54.4943662 ], [ 37.6797083, 54.4947366 ], [ 37.6796736, 54.495107 ], [ 37.6791969, 54.49578 ], [ 37.6791273, 54.4958783 ], [ 37.6793585, 54.4959262 ], [ 37.6809538, 54.4962569 ], [ 37.6816395, 54.4963991 ], [ 37.6814112, 54.4968333 ], [ 37.6813507, 54.4969484 ], [ 37.6820703, 54.497373 ], [ 37.686857, 54.4986461 ], [ 37.6780766, 54.5051576 ], [ 37.6863629, 54.5086435 ], [ 37.6943282, 54.5017747 ], [ 37.6932794, 54.5013447 ], [ 37.6960454, 54.5001391 ], [ 37.6961748, 54.5002991 ], [ 37.69719, 54.5002697 ], [ 37.7002562, 54.5001837 ], [ 37.7044206, 54.5001384 ], [ 37.7099713, 54.4996597 ], [ 37.7101511, 54.5003356 ], [ 37.710675, 54.5023443 ], [ 37.7112241, 54.5028031 ], [ 37.7122884, 54.5031295 ], [ 37.7131057, 54.502598 ], [ 37.7127881, 54.5023512 ], [ 37.7136521, 54.5015621 ], [ 37.7149924, 54.5015676 ], [ 37.7156555, 54.5021126 ], [ 37.7155341, 54.5026522 ], [ 37.714432, 54.5035335 ], [ 37.7148476, 54.5037369 ], [ 37.7181846, 54.5049502 ], [ 37.7194547, 54.503751 ], [ 37.7179573, 54.5023932 ], [ 37.7175018, 54.501909 ], [ 37.7170378, 54.5014157 ], [ 37.717092, 54.5013857 ], [ 37.7176487, 54.5010937 ], [ 37.717817, 54.5010032 ], [ 37.7182119, 54.5007534 ], [ 37.7185968, 54.5005099 ], [ 37.7189712, 54.500264 ], [ 37.7194257, 54.4999627 ], [ 37.719879, 54.4996622 ], [ 37.7201901, 54.499456 ], [ 37.7204458, 54.4993022 ], [ 37.7205564, 54.4992356 ], [ 37.7207106, 54.4991428 ], [ 37.7212825, 54.4987988 ], [ 37.7218304, 54.4984691 ], [ 37.722079, 54.4983498 ], [ 37.7223153, 54.4982196 ], [ 37.7229098, 54.4978399 ], [ 37.724929, 54.4987792 ], [ 37.7251882, 54.4984498 ], [ 37.7250617, 54.4983546 ], [ 37.725626, 54.4978302 ], [ 37.7261862, 54.4972659 ], [ 37.7263453, 54.4969703 ], [ 37.7266208, 54.497008 ], [ 37.7264916, 54.4979675 ], [ 37.7298608, 54.4988679 ], [ 37.7306591, 54.4972072 ], [ 37.7317047, 54.4950321 ], [ 37.7257198, 54.4927963 ], [ 37.727559, 54.4899059 ], [ 37.7194822, 54.4881977 ], [ 37.7174769, 54.4881196 ], [ 37.715777, 54.4877604 ], [ 37.7154233, 54.4880815 ], [ 37.715067, 54.4884281 ], [ 37.7135776, 54.4879139 ], [ 37.7140137, 54.4871144 ], [ 37.7137755, 54.4868991 ], [ 37.7134942, 54.4860574 ], [ 37.7134614, 54.4856196 ], [ 37.7139015, 54.4853535 ], [ 37.7148191, 54.4847415 ], [ 37.7155795, 54.4842786 ], [ 37.715962, 54.4841093 ], [ 37.7172479, 54.4835247 ], [ 37.7186212, 54.4830229 ], [ 37.7198121, 54.4824682 ], [ 37.7202654, 54.482074 ], [ 37.7204551, 54.4819517 ], [ 37.7210459, 54.481566 ], [ 37.7210298, 54.4813089 ], [ 37.7206972, 54.4808102 ], [ 37.7206865, 54.4803863 ], [ 37.7200935, 54.4797242 ], [ 37.7210267, 54.4792006 ], [ 37.7219841, 54.4795126 ], [ 37.7229928, 54.4789699 ], [ 37.7230895, 54.4789061 ], [ 37.7234775, 54.4786503 ], [ 37.723824, 54.4784218 ], [ 37.7222783, 54.4776133 ], [ 37.7230818, 54.4767807 ], [ 37.7244307, 54.4762364 ], [ 37.7255789, 54.4770301 ], [ 37.727502, 54.4770064 ], [ 37.72769, 54.4764224 ], [ 37.7279268, 54.4762068 ], [ 37.7277733, 54.4760904 ], [ 37.7277825, 54.4753977 ], [ 37.7238114, 54.4751515 ], [ 37.7189109, 54.4717293 ], [ 37.7154631, 54.473457 ], [ 37.7105337, 54.469948 ], [ 37.7114953, 54.4693466 ], [ 37.7116266, 54.4669366 ], [ 37.7103044, 54.466555 ], [ 37.7087847, 54.464326 ], [ 37.7059224, 54.4636348 ], [ 37.7029691, 54.4651098 ], [ 37.7018727, 54.4647896 ], [ 37.7025077, 54.4641414 ], [ 37.7031366, 54.4634782 ], [ 37.7013253, 54.4630497 ], [ 37.6988966, 54.4640068 ], [ 37.6990029, 54.465707 ], [ 37.6972517, 54.4656923 ], [ 37.6973614, 54.4638752 ], [ 37.6960914, 54.463356 ], [ 37.6952885, 54.4646582 ], [ 37.6916567, 54.4672973 ], [ 37.6882805, 54.470004 ], [ 37.6857118, 54.4713012 ], [ 37.6818579, 54.4705903 ], [ 37.6750461, 54.4695714 ], [ 37.6663866, 54.4698591 ], [ 37.6627117, 54.4701616 ], [ 37.6624786, 54.4704465 ] ] ] } },
{ "type": "Feature", "properties": { "element": "relation", "id": 2545078, "addr:country": "RU", "addr:region": "Тульская область", "name": "Ясногорск", "name:ar": "ياسنوغورسك", "name:az": "Yasnoqorsk", "name:de": "Jasnogorsk", "name:diq": null, "name:en": "Yasnogorsk", "name:eo": "Jasnogorsk", "name:es": "Yasnogorsk", "name:fa": "یاسنوگورسک، اوبلاست تولا", "name:fi": "Jasnogorsk", "name:fr": "Iasnogorsk", "name:hr": null, "name:it": "Jasnogorsk", "name:ja": "ヤスノゴルスク", "name:ko": "야스노고르스크", "name:nn": "Jasnogorsk", "name:no": "Jasnogorsk", "name:pl": "Jasnogorsk", "name:pt": null, "name:ru": "Ясногорск", "name:tl": "Yasnogorsk", "name:war": "Yasnogorsk", "name:zh": "亞斯諾戈爾斯克", "official_status": null, "place": "town", "population": null, "population:date": null, "wikidata": null, "wikipedia": null, "addr:district": "Ясногорский район", "start_date": null, "addr:subdistrict": null, "name:ca": null, "name:et": null, "name:id": null, "name:lt": null, "name:ro": null, "source": "bing", "addr:postcode": null, "name:hsb": null, "name:nl": null, "name:pnb": null, "name:sr": null, "name:sv": null, "name:tt": null, "name:uk": "Ясногорськ", "name:vi": null, "admin_level": null, "capital": null, "contact:website": null, "int_name": null, "is_in:country": null, "is_in:country_code": "RU", "name:be": null, "name:bn": null, "name:eu": null, "name:he": "יאסנוגורסק", "name:hu": null, "name:ml": null, "name:ru:word_stress": null, "name:sk": null, "name:sr-Latn": null, "name:zh-Hant": null, "wikimedia_commons": null, "addr:city": null, "website": null, "name:be-tarask": null, "name:bg": null, "description": null, "name:io": null, "alt_name": null, "landuse": null, "is_in": null, "type": "multipolygon", "ele": null, "name:pa": null, "tourism": 0, "leisure": 0, "healthcare": 0 }, "geometry": { "type": "Polygon", "coordinates": [ [ [ 37.6624786, 54.4704465 ], [ 37.6622163, 54.4707707 ], [ 37.6641105, 54.4732856 ], [ 37.6650088, 54.4761366 ], [ 37.6683308, 54.4780334 ], [ 37.6689062, 54.4796559 ], [ 37.6705746, 54.4801172 ], [ 37.6719655, 54.4787486 ], [ 37.6742791, 54.479649 ], [ 37.6726499, 54.4829054 ], [ 37.6691046, 54.4846903 ], [ 37.67005, 54.4860634 ], [ 37.6731226, 54.4869558 ], [ 37.6775245, 54.4851984 ], [ 37.6801325, 54.4850466 ], [ 37.6786688, 54.4891634 ], [ 37.6805717, 54.4894171 ], [ 37.6801497, 54.4904535 ], [ 37.6808172, 54.4906887 ], [ 37.6788832, 54.4938289 ], [ 37.6792681, 54.4942467 ], [ 37.6793782, 54.4943662 ], [ 37.6797083, 54.4947366 ], [ 37.6796736, 54.495107 ], [ 37.6791969, 54.49578 ], [ 37.6791273, 54.4958783 ], [ 37.6793585, 54.4959262 ], [ 37.6809538, 54.4962569 ], [ 37.6816395, 54.4963991 ], [ 37.6814112, 54.4968333 ], [ 37.6813507, 54.4969484 ], [ 37.6820703, 54.497373 ], [ 37.686857, 54.4986461 ], [ 37.6780766, 54.5051576 ], [ 37.6863629, 54.5086435 ], [ 37.6943282, 54.5017747 ], [ 37.6932794, 54.5013447 ], [ 37.6960454, 54.5001391 ], [ 37.6961748, 54.5002991 ], [ 37.69719, 54.5002697 ], [ 37.7002562, 54.5001837 ], [ 37.7044206, 54.5001384 ], [ 37.7099713, 54.4996597 ], [ 37.7101511, 54.5003356 ], [ 37.710675, 54.5023443 ], [ 37.7112241, 54.5028031 ], [ 37.7122884, 54.5031295 ], [ 37.7131057, 54.502598 ], [ 37.7127881, 54.5023512 ], [ 37.7136521, 54.5015621 ], [ 37.7149924, 54.5015676 ], [ 37.7156555, 54.5021126 ], [ 37.7155341, 54.5026522 ], [ 37.714432, 54.5035335 ], [ 37.7148476, 54.5037369 ], [ 37.7181846, 54.5049502 ], [ 37.7194547, 54.503751 ], [ 37.7179573, 54.5023932 ], [ 37.7175018, 54.501909 ], [ 37.7170378, 54.5014157 ], [ 37.717092, 54.5013857 ], [ 37.7176487, 54.5010937 ], [ 37.717817, 54.5010032 ], [ 37.7182119, 54.5007534 ], [ 37.7185968, 54.5005099 ], [ 37.7189712, 54.500264 ], [ 37.7194257, 54.4999627 ], [ 37.719879, 54.4996622 ], [ 37.7201901, 54.499456 ], [ 37.7204458, 54.4993022 ], [ 37.7205564, 54.4992356 ], [ 37.7207106, 54.4991428 ], [ 37.7212825, 54.4987988 ], [ 37.7218304, 54.4984691 ], [ 37.722079, 54.4983498 ], [ 37.7223153, 54.4982196 ], [ 37.7229098, 54.4978399 ], [ 37.724929, 54.4987792 ], [ 37.7251882, 54.4984498 ], [ 37.7250617, 54.4983546 ], [ 37.725626, 54.4978302 ], [ 37.7261862, 54.4972659 ], [ 37.7263453, 54.4969703 ], [ 37.7266208, 54.497008 ], [ 37.7264916, 54.4979675 ], [ 37.7298608, 54.4988679 ], [ 37.7306591, 54.4972072 ], [ 37.7317047, 54.4950321 ], [ 37.7257198, 54.4927963 ], [ 37.727559, 54.4899059 ], [ 37.7194822, 54.4881977 ], [ 37.7174769, 54.4881196 ], [ 37.715777, 54.4877604 ], [ 37.7154233, 54.4880815 ], [ 37.715067, 54.4884281 ], [ 37.7135776, 54.4879139 ], [ 37.7140137, 54.4871144 ], [ 37.7137755, 54.4868991 ], [ 37.7134942, 54.4860574 ], [ 37.7134614, 54.4856196 ], [ 37.7139015, 54.4853535 ], [ 37.7148191, 54.4847415 ], [ 37.7155795, 54.4842786 ], [ 37.715962, 54.4841093 ], [ 37.7172479, 54.4835247 ], [ 37.7186212, 54.4830229 ], [ 37.7198121, 54.4824682 ], [ 37.7202654, 54.482074 ], [ 37.7204551, 54.4819517 ], [ 37.7210459, 54.481566 ], [ 37.7210298, 54.4813089 ], [ 37.7206972, 54.4808102 ], [ 37.7206865, 54.4803863 ], [ 37.7200935, 54.4797242 ], [ 37.7210267, 54.4792006 ], [ 37.7219841, 54.4795126 ], [ 37.7229928, 54.4789699 ], [ 37.7230895, 54.4789061 ], [ 37.7234775, 54.4786503 ], [ 37.723824, 54.4784218 ], [ 37.7222783, 54.4776133 ], [ 37.7230818, 54.4767807 ], [ 37.7244307, 54.4762364 ], [ 37.7255789, 54.4770301 ], [ 37.727502, 54.4770064 ], [ 37.72769, 54.4764224 ], [ 37.7279268, 54.4762068 ], [ 37.7277733, 54.4760904 ], [ 37.7277825, 54.4753977 ], [ 37.7238114, 54.4751515 ], [ 37.7189109, 54.4717293 ], [ 37.7154631, 54.473457 ], [ 37.7105337, 54.469948 ], [ 37.7114953, 54.4693466 ], [ 37.7116266, 54.4669366 ], [ 37.7103044, 54.466555 ], [ 37.7087847, 54.464326 ], [ 37.7059224, 54.4636348 ], [ 37.7029691, 54.4651098 ], [ 37.7018727, 54.4647896 ], [ 37.7025077, 54.4641414 ], [ 37.7031366, 54.4634782 ], [ 37.7013253, 54.4630497 ], [ 37.6988966, 54.4640068 ], [ 37.6990029, 54.465707 ], [ 37.6972517, 54.4656923 ], [ 37.6973614, 54.4638752 ], [ 37.6960914, 54.463356 ], [ 37.6952885, 54.4646582 ], [ 37.6916567, 54.4672973 ], [ 37.6882805, 54.470004 ], [ 37.6857118, 54.4713012 ], [ 37.6818579, 54.4705903 ], [ 37.6750461, 54.4695714 ], [ 37.6663866, 54.4698591 ], [ 37.6627117, 54.4701616 ], [ 37.6624786, 54.4704465 ] ] ] } },
{ "type": "Feature", "properties": { "element": "relation", "id": 2545078, "addr:country": "RU", "addr:region": "Тульская область", "name": "Ясногорск", "name:ar": "ياسنوغورسك", "name:az": "Yasnoqorsk", "name:de": "Jasnogorsk", "name:diq": null, "name:en": "Yasnogorsk", "name:eo": "Jasnogorsk", "name:es": "Yasnogorsk", "name:fa": "یاسنوگورسک، اوبلاست تولا", "name:fi": "Jasnogorsk", "name:fr": "Iasnogorsk", "name:hr": null, "name:it": "Jasnogorsk", "name:ja": "ヤスノゴルスク", "name:ko": "야스노고르스크", "name:nn": "Jasnogorsk", "name:no": "Jasnogorsk", "name:pl": "Jasnogorsk", "name:pt": null, "name:ru": "Ясногорск", "name:tl": "Yasnogorsk", "name:war": "Yasnogorsk", "name:zh": "亞斯諾戈爾斯克", "official_status": null, "place": "town", "population": null, "population:date": null, "wikidata": null, "wikipedia": null, "addr:district": "Ясногорский район", "start_date": null, "addr:subdistrict": null, "name:ca": null, "name:et": null, "name:id": null, "name:lt": null, "name:ro": null, "source": "bing", "addr:postcode": null, "name:hsb": null, "name:nl": null, "name:pnb": null, "name:sr": null, "name:sv": null, "name:tt": null, "name:uk": "Ясногорськ", "name:vi": null, "admin_level": null, "capital": null, "contact:website": null, "int_name": null, "is_in:country": null, "is_in:country_code": "RU", "name:be": null, "name:bn": null, "name:eu": null, "name:he": "יאסנוגורסק", "name:hu": null, "name:ml": null, "name:ru:word_stress": null, "name:sk": null, "name:sr-Latn": null, "name:zh-Hant": null, "wikimedia_commons": null, "addr:city": null, "website": null, "name:be-tarask": null, "name:bg": null, "description": null, "name:io": null, "alt_name": null, "landuse": null, "is_in": null, "type": "multipolygon", "ele": null, "name:pa": null, "tourism": 0, "leisure": 0, "healthcare": 0 }, "geometry": { "type": "Polygon", "coordinates": [ [ [ 37.6624786, 54.4704465 ], [ 37.6622163, 54.4707707 ], [ 37.6641105, 54.4732856 ], [ 37.6650088, 54.4761366 ], [ 37.6683308, 54.4780334 ], [ 37.6689062, 54.4796559 ], [ 37.6705746, 54.4801172 ], [ 37.6719655, 54.4787486 ], [ 37.6742791, 54.479649 ], [ 37.6726499, 54.4829054 ], [ 37.6691046, 54.4846903 ], [ 37.67005, 54.4860634 ], [ 37.6731226, 54.4869558 ], [ 37.6775245, 54.4851984 ], [ 37.6801325, 54.4850466 ], [ 37.6786688, 54.4891634 ], [ 37.6805717, 54.4894171 ], [ 37.6801497, 54.4904535 ], [ 37.6808172, 54.4906887 ], [ 37.6788832, 54.4938289 ], [ 37.6792681, 54.4942467 ], [ 37.6793782, 54.4943662 ], [ 37.6797083, 54.4947366 ], [ 37.6796736, 54.495107 ], [ 37.6791969, 54.49578 ], [ 37.6791273, 54.4958783 ], [ 37.6793585, 54.4959262 ], [ 37.6809538, 54.4962569 ], [ 37.6816395, 54.4963991 ], [ 37.6814112, 54.4968333 ], [ 37.6813507, 54.4969484 ], [ 37.6820703, 54.497373 ], [ 37.686857, 54.4986461 ], [ 37.6780766, 54.5051576 ], [ 37.6863629, 54.5086435 ], [ 37.6943282, 54.5017747 ], [ 37.6932794, 54.5013447 ], [ 37.6960454, 54.5001391 ], [ 37.6961748, 54.5002991 ], [ 37.69719, 54.5002697 ], [ 37.7002562, 54.5001837 ], [ 37.7044206, 54.5001384 ], [ 37.7099713, 54.4996597 ], [ 37.7101511, 54.5003356 ], [ 37.710675, 54.5023443 ], [ 37.7112241, 54.5028031 ], [ 37.7122884, 54.5031295 ], [ 37.7131057, 54.502598 ], [ 37.7127881, 54.5023512 ], [ 37.7136521, 54.5015621 ], [ 37.7149924, 54.5015676 ], [ 37.7156555, 54.5021126 ], [ 37.7155341, 54.5026522 ], [ 37.714432, 54.5035335 ], [ 37.7148476, 54.5037369 ], [ 37.7181846, 54.5049502 ], [ 37.7194547, 54.503751 ], [ 37.7179573, 54.5023932 ], [ 37.7175018, 54.501909 ], [ 37.7170378, 54.5014157 ], [ 37.717092, 54.5013857 ], [ 37.7176487, 54.5010937 ], [ 37.717817, 54.5010032 ], [ 37.7182119, 54.5007534 ], [ 37.7185968, 54.5005099 ], [ 37.7189712, 54.500264 ], [ 37.7194257, 54.4999627 ], [ 37.719879, 54.4996622 ], [ 37.7201901, 54.499456 ], [ 37.7204458, 54.4993022 ], [ 37.7205564, 54.4992356 ], [ 37.7207106, 54.4991428 ], [ 37.7212825, 54.4987988 ], [ 37.7218304, 54.4984691 ], [ 37.722079, 54.4983498 ], [ 37.7223153, 54.4982196 ], [ 37.7229098, 54.4978399 ], [ 37.724929, 54.4987792 ], [ 37.7251882, 54.4984498 ], [ 37.7250617, 54.4983546 ], [ 37.725626, 54.4978302 ], [ 37.7261862, 54.4972659 ], [ 37.7263453, 54.4969703 ], [ 37.7266208, 54.497008 ], [ 37.7264916, 54.4979675 ], [ 37.7298608, 54.4988679 ], [ 37.7306591, 54.4972072 ], [ 37.7317047, 54.4950321 ], [ 37.7257198, 54.4927963 ], [ 37.727559, 54.4899059 ], [ 37.7194822, 54.4881977 ], [ 37.7174769, 54.4881196 ], [ 37.715777, 54.4877604 ], [ 37.7154233, 54.4880815 ], [ 37.715067, 54.4884281 ], [ 37.7135776, 54.4879139 ], [ 37.7140137, 54.4871144 ], [ 37.7137755, 54.4868991 ], [ 37.7134942, 54.4860574 ], [ 37.7134614, 54.4856196 ], [ 37.7139015, 54.4853535 ], [ 37.7148191, 54.4847415 ], [ 37.7155795, 54.4842786 ], [ 37.715962, 54.4841093 ], [ 37.7172479, 54.4835247 ], [ 37.7186212, 54.4830229 ], [ 37.7198121, 54.4824682 ], [ 37.7202654, 54.482074 ], [ 37.7204551, 54.4819517 ], [ 37.7210459, 54.481566 ], [ 37.7210298, 54.4813089 ], [ 37.7206972, 54.4808102 ], [ 37.7206865, 54.4803863 ], [ 37.7200935, 54.4797242 ], [ 37.7210267, 54.4792006 ], [ 37.7219841, 54.4795126 ], [ 37.7229928, 54.4789699 ], [ 37.7230895, 54.4789061 ], [ 37.7234775, 54.4786503 ], [ 37.723824, 54.4784218 ], [ 37.7222783, 54.4776133 ], [ 37.7230818, 54.4767807 ], [ 37.7244307, 54.4762364 ], [ 37.7255789, 54.4770301 ], [ 37.727502, 54.4770064 ], [ 37.72769, 54.4764224 ], [ 37.7279268, 54.4762068 ], [ 37.7277733, 54.4760904 ], [ 37.7277825, 54.4753977 ], [ 37.7238114, 54.4751515 ], [ 37.7189109, 54.4717293 ], [ 37.7154631, 54.473457 ], [ 37.7105337, 54.469948 ], [ 37.7114953, 54.4693466 ], [ 37.7116266, 54.4669366 ], [ 37.7103044, 54.466555 ], [ 37.7087847, 54.464326 ], [ 37.7059224, 54.4636348 ], [ 37.7029691, 54.4651098 ], [ 37.7018727, 54.4647896 ], [ 37.7025077, 54.4641414 ], [ 37.7031366, 54.4634782 ], [ 37.7013253, 54.4630497 ], [ 37.6988966, 54.4640068 ], [ 37.6990029, 54.465707 ], [ 37.6972517, 54.4656923 ], [ 37.6973614, 54.4638752 ], [ 37.6960914, 54.463356 ], [ 37.6952885, 54.4646582 ], [ 37.6916567, 54.4672973 ], [ 37.6882805, 54.470004 ], [ 37.6857118, 54.4713012 ], [ 37.6818579, 54.4705903 ], [ 37.6750461, 54.4695714 ], [ 37.6663866, 54.4698591 ], [ 37.6627117, 54.4701616 ], [ 37.6624786, 54.4704465 ] ] ] } },
{ "type": "Feature", "properties": { "element": "relation", "id": 2550430, "addr:country": "RU", "addr:region": "Тульская область", "name": "Тёплое", "name:ar": null, "name:az": null, "name:de": "Tjoploje", "name:diq": null, "name:en": "Teploye", "name:eo": null, "name:es": null, "name:fa": null, "name:fi": null, "name:fr": null, "name:hr": null, "name:it": null, "name:ja": null, "name:ko": null, "name:nn": null, "name:no": null, "name:pl": null, "name:pt": null, "name:ru": "Тёплое", "name:tl": null, "name:war": null, "name:zh": null, "official_status": null, "place": "town", "population": 4881.0, "population:date": "2018-01-01", "wikidata": "Q4001293", "wikipedia": "ru:Тёплое (Тульская область)", "addr:district": "Тёпло-Огарёвский район", "start_date": null, "addr:subdistrict": null, "name:ca": null, "name:et": null, "name:id": null, "name:lt": null, "name:ro": null, "source": null, "addr:postcode": "301103", "name:hsb": null, "name:nl": null, "name:pnb": null, "name:sr": null, "name:sv": null, "name:tt": null, "name:uk": null, "name:vi": null, "admin_level": null, "capital": null, "contact:website": null, "int_name": null, "is_in:country": null, "is_in:country_code": null, "name:be": null, "name:bn": null, "name:eu": null, "name:he": null, "name:hu": null, "name:ml": null, "name:ru:word_stress": null, "name:sk": null, "name:sr-Latn": null, "name:zh-Hant": null, "wikimedia_commons": null, "addr:city": null, "website": null, "name:be-tarask": null, "name:bg": null, "description": null, "name:io": null, "alt_name": null, "landuse": null, "is_in": null, "type": "multipolygon", "ele": null, "name:pa": null, "tourism": 1, "leisure": 14, "healthcare": 2 }, "geometry": { "type": "Polygon", "coordinates": [ [ [ 37.5677996, 53.61208 ], [ 37.5681915, 53.61378 ], [ 37.5686518, 53.6153427 ], [ 37.5689999, 53.616623 ], [ 37.5691965, 53.6214105 ], [ 37.5744537, 53.6211178 ], [ 37.5691279, 53.6279411 ], [ 37.5809163, 53.6335817 ], [ 37.5859844, 53.6335649 ], [ 37.5864516, 53.6327927 ], [ 37.5849226, 53.6326416 ], [ 37.5864657, 53.6302071 ], [ 37.5897859, 53.6274802 ], [ 37.600107, 53.630725 ], [ 37.6005147, 53.6299616 ], [ 37.5991844, 53.6290963 ], [ 37.6010083, 53.6264622 ], [ 37.6037334, 53.6265131 ], [ 37.6052354, 53.624197 ], [ 37.6010294, 53.623284 ], [ 37.6001477, 53.6219568 ], [ 37.5993448, 53.6207482 ], [ 37.5999535, 53.6203032 ], [ 37.6006472, 53.6204795 ], [ 37.6011568, 53.619875 ], [ 37.6025867, 53.6196902 ], [ 37.602162, 53.6191864 ], [ 37.6061683, 53.6153656 ], [ 37.6052906, 53.614996 ], [ 37.6075188, 53.6121388 ], [ 37.6080937, 53.6114016 ], [ 37.6124681, 53.6059505 ], [ 37.6108118, 53.6053625 ], [ 37.612567, 53.6037559 ], [ 37.6058267, 53.6045878 ], [ 37.5998453, 53.6058747 ], [ 37.5989868, 53.6042688 ], [ 37.5983608, 53.6020287 ], [ 37.5938075, 53.6026657 ], [ 37.5934961, 53.6002511 ], [ 37.5859486, 53.600752 ], [ 37.5866907, 53.6089403 ], [ 37.5677996, 53.61208 ] ] ] } },
{ "type": "Feature", "properties": { "element": "relation", "id": 3401333, "addr:country": "RU", "addr:region": "Калужская область", "name": "Таруса", "name:ar": null, "name:az": null, "name:de": "Tarussa", "name:diq": null, "name:en": "Tarusa", "name:eo": null, "name:es": null, "name:fa": null, "name:fi": null, "name:fr": null, "name:hr": null, "name:it": null, "name:ja": null, "name:ko": null, "name:nn": null, "name:no": null, "name:pl": null, "name:pt": null, "name:ru": "Таруса", "name:tl": null, "name:war": null, "name:zh": null, "official_status": null, "place": "town", "population": null, "population:date": null, "wikidata": "Q196616", "wikipedia": "ru:Таруса", "addr:district": "Тарусский район", "start_date": null, "addr:subdistrict": null, "name:ca": null, "name:et": null, "name:id": null, "name:lt": null, "name:ro": null, "source": null, "addr:postcode": null, "name:hsb": null, "name:nl": null, "name:pnb": null, "name:sr": null, "name:sv": null, "name:tt": null, "name:uk": null, "name:vi": null, "admin_level": null, "capital": null, "contact:website": null, "int_name": "Tarusa", "is_in:country": null, "is_in:country_code": null, "name:be": null, "name:bn": null, "name:eu": null, "name:he": null, "name:hu": null, "name:ml": null, "name:ru:word_stress": null, "name:sk": null, "name:sr-Latn": null, "name:zh-Hant": null, "wikimedia_commons": null, "addr:city": null, "website": null, "name:be-tarask": null, "name:bg": null, "description": null, "name:io": null, "alt_name": null, "landuse": null, "is_in": null, "type": "multipolygon", "ele": null, "name:pa": null, "tourism": 0, "leisure": 0, "healthcare": 0 }, "geometry": { "type": "Polygon", "coordinates": [ [ [ 37.1304764, 54.7156091 ], [ 37.1328859, 54.716771 ], [ 37.1335115, 54.7173998 ], [ 37.1329007, 54.7179914 ], [ 37.1290532, 54.7176383 ], [ 37.1288728, 54.7179906 ], [ 37.1280614, 54.7190635 ], [ 37.1258266, 54.7219287 ], [ 37.1252359, 54.7224713 ], [ 37.1273355, 54.722348 ], [ 37.135288, 54.7215482 ], [ 37.1357154, 54.7239527 ], [ 37.1359115, 54.7243572 ], [ 37.1386091, 54.7242351 ], [ 37.1386292, 54.7248164 ], [ 37.1417897, 54.7247816 ], [ 37.1423204, 54.72483 ], [ 37.1426833, 54.725064 ], [ 37.1435908, 54.7257999 ], [ 37.1438328, 54.7267738 ], [ 37.1436097, 54.7270664 ], [ 37.1436248, 54.7281341 ], [ 37.1435189, 54.7285205 ], [ 37.1432794, 54.72908 ], [ 37.1452586, 54.7296352 ], [ 37.1521808, 54.7315772 ], [ 37.153015, 54.7318304 ], [ 37.153539, 54.7320836 ], [ 37.1541593, 54.7324232 ], [ 37.1546834, 54.7327999 ], [ 37.1550577, 54.733158 ], [ 37.1554962, 54.7335779 ], [ 37.1555832, 54.7337337 ], [ 37.1557428, 54.7340195 ], [ 37.1560433, 54.7348328 ], [ 37.1563157, 54.7368986 ], [ 37.1567946, 54.7400594 ], [ 37.1577713, 54.7471174 ], [ 37.1581282, 54.7497462 ], [ 37.1583536, 54.7507706 ], [ 37.1588607, 54.751589 ], [ 37.1593396, 54.7522502 ], [ 37.1605135, 54.7531065 ], [ 37.161725, 54.7537839 ], [ 37.167153, 54.755762 ], [ 37.1720364, 54.7575016 ], [ 37.1732854, 54.757805 ], [ 37.1752937, 54.7579604 ], [ 37.1762381, 54.7576725 ], [ 37.1758926, 54.7573329 ], [ 37.1757288, 54.7562659 ], [ 37.1748592, 54.7553944 ], [ 37.1736048, 54.7542495 ], [ 37.1722986, 54.7531098 ], [ 37.1709266, 54.7518733 ], [ 37.1704785, 54.7512486 ], [ 37.1747707, 54.7512105 ], [ 37.1753323, 54.7503049 ], [ 37.175903, 54.7488383 ], [ 37.1761615, 54.7478709 ], [ 37.1773295, 54.7455912 ], [ 37.1784528, 54.7441399 ], [ 37.1787114, 54.7441554 ], [ 37.1792508, 54.7439714 ], [ 37.1796722, 54.744445 ], [ 37.180476, 54.7456321 ], [ 37.1848233, 54.7445958 ], [ 37.1835506, 54.7422991 ], [ 37.1833162, 54.7420052 ], [ 37.1848702, 54.7415953 ], [ 37.1853349, 54.7415621 ], [ 37.1867126, 54.7412902 ], [ 37.1879127, 54.7421544 ], [ 37.188799, 54.7425865 ], [ 37.1894192, 54.7427951 ], [ 37.1930818, 54.7396623 ], [ 37.1948542, 54.7403485 ], [ 37.1956313, 54.7407309 ], [ 37.1985547, 54.7416719 ], [ 37.2017114, 54.7428048 ], [ 37.2047341, 54.7438239 ], [ 37.2067402, 54.7444372 ], [ 37.2103518, 54.7412124 ], [ 37.2034042, 54.7391507 ], [ 37.1968275, 54.7355453 ], [ 37.1959102, 54.7341481 ], [ 37.1954048, 54.7328248 ], [ 37.1965523, 54.7307373 ], [ 37.1974407, 54.7292625 ], [ 37.1982427, 54.7284147 ], [ 37.2010428, 54.7265416 ], [ 37.2026456, 54.7256738 ], [ 37.2038547, 54.7251964 ], [ 37.2040398, 54.7249826 ], [ 37.206014, 54.7242772 ], [ 37.2078095, 54.7237746 ], [ 37.2069207, 54.7221404 ], [ 37.2099801, 54.7217836 ], [ 37.2147603, 54.7212258 ], [ 37.222786, 54.7203891 ], [ 37.2286527, 54.7193883 ], [ 37.2315788, 54.7184529 ], [ 37.2296268, 54.7177119 ], [ 37.2294326, 54.7175799 ], [ 37.2274054, 54.7162017 ], [ 37.2270231, 54.7162519 ], [ 37.2222504, 54.713652 ], [ 37.2227016, 54.7134058 ], [ 37.2225981, 54.7132638 ], [ 37.2222228, 54.7132264 ], [ 37.2220805, 54.7130171 ], [ 37.2215887, 54.7128676 ], [ 37.2213817, 54.7122097 ], [ 37.2205405, 54.7121125 ], [ 37.2196606, 54.7116416 ], [ 37.217616, 54.7111856 ], [ 37.2168007, 54.7106697 ], [ 37.2160502, 54.7100567 ], [ 37.2151573, 54.7096754 ], [ 37.214342, 54.7089652 ], [ 37.2142342, 54.7088675 ], [ 37.2135915, 54.7082849 ], [ 37.2130997, 54.7083522 ], [ 37.2125562, 54.7086512 ], [ 37.2116633, 54.7084045 ], [ 37.2111198, 54.7085017 ], [ 37.2104081, 54.7080232 ], [ 37.2096058, 54.708083 ], [ 37.2084153, 54.7088232 ], [ 37.207833, 54.7086138 ], [ 37.2075612, 54.7087484 ], [ 37.2078675, 54.7091078 ], [ 37.2079753, 54.7092343 ], [ 37.2073776, 54.7094625 ], [ 37.2067953, 54.7094856 ], [ 37.2062906, 54.7092015 ], [ 37.2055918, 54.7092688 ], [ 37.2052295, 54.7089399 ], [ 37.2048025, 54.7088501 ], [ 37.2040778, 54.7089997 ], [ 37.2033531, 54.7086931 ], [ 37.202499, 54.7085661 ], [ 37.2012309, 54.7080502 ], [ 37.2006227, 54.7080577 ], [ 37.2005062, 54.7077586 ], [ 37.1989533, 54.707168 ], [ 37.1985651, 54.7077362 ], [ 37.1970899, 54.707467 ], [ 37.1969993, 54.7069138 ], [ 37.1954982, 54.7065624 ], [ 37.19511, 54.7067119 ], [ 37.1947989, 54.7066881 ], [ 37.194442, 54.7064238 ], [ 37.194076, 54.7064634 ], [ 37.194163, 54.7067093 ], [ 37.1937786, 54.7067806 ], [ 37.1935224, 54.7065084 ], [ 37.1931244, 54.7065665 ], [ 37.1927904, 54.7067357 ], [ 37.1926303, 54.7064555 ], [ 37.1919166, 54.7065189 ], [ 37.1918251, 54.7061304 ], [ 37.1915551, 54.7060061 ], [ 37.1909603, 54.7060246 ], [ 37.1908688, 54.7061489 ], [ 37.1909146, 54.706326 ], [ 37.1908368, 54.706474 ], [ 37.1905211, 54.7066168 ], [ 37.1904251, 54.7064952 ], [ 37.1900499, 54.7063392 ], [ 37.1895375, 54.7063762 ], [ 37.1893636, 54.7062467 ], [ 37.1888695, 54.7062678 ], [ 37.1884806, 54.7064899 ], [ 37.1880322, 54.7063921 ], [ 37.1874237, 54.706667 ], [ 37.1865133, 54.7067595 ], [ 37.1863669, 54.7069604 ], [ 37.1851316, 54.7072538 ], [ 37.1847473, 54.7073437 ], [ 37.18461, 54.7073067 ], [ 37.1841891, 54.7073014 ], [ 37.1840381, 54.707415 ], [ 37.183576, 54.7074071 ], [ 37.1830041, 54.7071348 ], [ 37.1825421, 54.7071322 ], [ 37.1816865, 54.7072855 ], [ 37.1809041, 54.7075446 ], [ 37.1801693, 54.7075201 ], [ 37.1798908, 54.7071769 ], [ 37.1794123, 54.7073442 ], [ 37.1791336, 54.7073502 ], [ 37.177034, 54.707381 ], [ 37.1769206, 54.7067005 ], [ 37.1767287, 54.7063628 ], [ 37.1761267, 54.7059494 ], [ 37.1779649, 54.7051715 ], [ 37.1763884, 54.7040288 ], [ 37.1763186, 54.7038524 ], [ 37.1767723, 54.7036305 ], [ 37.1768334, 54.7034541 ], [ 37.1756817, 54.702582 ], [ 37.1735277, 54.7032214 ], [ 37.1725184, 54.7035504 ], [ 37.1738094, 54.7047291 ], [ 37.1759167, 54.7065519 ], [ 37.1762166, 54.7076937 ], [ 37.1767249, 54.7092693 ], [ 37.1771056, 54.710193 ], [ 37.1773414, 54.7109623 ], [ 37.1773535, 54.7127293 ], [ 37.1773657, 54.713549 ], [ 37.1767993, 54.7136967 ], [ 37.1768663, 54.7151847 ], [ 37.1766045, 54.7154203 ], [ 37.175892, 54.7156877 ], [ 37.1754779, 54.7159233 ], [ 37.1741718, 54.7163466 ], [ 37.1725848, 54.7166023 ], [ 37.1717452, 54.7165862 ], [ 37.1704465, 54.7161814 ], [ 37.1663293, 54.7156339 ], [ 37.1645715, 54.7152364 ], [ 37.1625066, 54.7154984 ], [ 37.1612263, 54.7155188 ], [ 37.1596108, 54.7160262 ], [ 37.1591029, 54.7163169 ], [ 37.1582477, 54.7165242 ], [ 37.1567362, 54.7175995 ], [ 37.1567263, 54.7191183 ], [ 37.1561004, 54.7207685 ], [ 37.1535762, 54.7206396 ], [ 37.1479615, 54.7206141 ], [ 37.1423026, 54.720763 ], [ 37.1405858, 54.7200566 ], [ 37.1408352, 54.7199942 ], [ 37.1412469, 54.7200551 ], [ 37.1417639, 54.7199832 ], [ 37.141965, 54.719867 ], [ 37.1417831, 54.7197122 ], [ 37.1416873, 54.7194689 ], [ 37.1420595, 54.7192054 ], [ 37.1381837, 54.7168349 ], [ 37.1370121, 54.7163497 ], [ 37.1366585, 54.7164731 ], [ 37.1356048, 54.7161241 ], [ 37.1342932, 54.7158262 ], [ 37.1348385, 54.7154729 ], [ 37.1351774, 54.7151452 ], [ 37.1351332, 54.7149877 ], [ 37.1342637, 54.7147238 ], [ 37.1333059, 54.7147408 ], [ 37.1324511, 54.7149153 ], [ 37.131449, 54.715209 ], [ 37.1306533, 54.7154984 ], [ 37.1304764, 54.7156091 ] ] ] } },
{ "type": "Feature", "properties": { "element": "relation", "id": 3575752, "addr:country": "RU", "addr:region": "Тульская область", "name": "Волово", "name:ar": "فولوفو", "name:az": null, "name:de": "Wolowo", "name:diq": null, "name:en": null, "name:eo": null, "name:es": null, "name:fa": null, "name:fi": null, "name:fr": null, "name:hr": null, "name:it": "Volovo", "name:ja": null, "name:ko": null, "name:nn": null, "name:no": null, "name:pl": null, "name:pt": null, "name:ru": "Волово", "name:tl": null, "name:war": null, "name:zh": null, "official_status": "ru:рабочий посёлок", "place": "town", "population": null, "population:date": null, "wikidata": "Q4016283", "wikipedia": "ru:Волово (Тульская область)", "addr:district": "Воловский район", "start_date": null, "addr:subdistrict": null, "name:ca": null, "name:et": null, "name:id": null, "name:lt": null, "name:ro": null, "source": null, "addr:postcode": "301570", "name:hsb": null, "name:nl": null, "name:pnb": null, "name:sr": null, "name:sv": null, "name:tt": null, "name:uk": null, "name:vi": null, "admin_level": null, "capital": null, "contact:website": null, "int_name": null, "is_in:country": null, "is_in:country_code": null, "name:be": null, "name:bn": null, "name:eu": null, "name:he": null, "name:hu": null, "name:ml": null, "name:ru:word_stress": null, "name:sk": null, "name:sr-Latn": null, "name:zh-Hant": null, "wikimedia_commons": null, "addr:city": "Волово", "website": null, "name:be-tarask": null, "name:bg": null, "description": null, "name:io": null, "alt_name": null, "landuse": null, "is_in": null, "type": "multipolygon", "ele": "240", "name:pa": null, "tourism": 0, "leisure": 0, "healthcare": 0 }, "geometry": { "type": "Polygon", "coordinates": [ [ [ 37.9541091, 53.563583 ], [ 37.9543918, 53.5686782 ], [ 37.9548923, 53.5699972 ], [ 37.9571445, 53.5722634 ], [ 37.9605542, 53.5744737 ], [ 37.9625875, 53.5751053 ], [ 37.9635572, 53.5758482 ], [ 37.9692191, 53.5787456 ], [ 37.9742241, 53.5776313 ], [ 37.9842654, 53.5731179 ], [ 37.9923673, 53.5694585 ], [ 37.9928367, 53.5691804 ], [ 37.9948244, 53.5716666 ], [ 37.9983733, 53.5738051 ], [ 38.0069553, 53.5791366 ], [ 38.0086693, 53.5799163 ], [ 38.0148273, 53.58129 ], [ 38.0309684, 53.5836855 ], [ 38.036165, 53.5844446 ], [ 38.0391061, 53.582545 ], [ 38.0332666, 53.5769245 ], [ 38.0292409, 53.5746917 ], [ 38.0268521, 53.5739826 ], [ 38.0252595, 53.5740088 ], [ 38.0207472, 53.572275 ], [ 38.0195527, 53.5709615 ], [ 38.0185352, 53.5680455 ], [ 38.0187122, 53.5666269 ], [ 38.0175923, 53.5660052 ], [ 38.0126582, 53.5658842 ], [ 38.0124635, 53.5648062 ], [ 38.0150319, 53.5613853 ], [ 38.0194746, 53.55762 ], [ 38.0197694, 53.5547102 ], [ 38.0196463, 53.5534432 ], [ 38.0195099, 53.5523892 ], [ 38.0193267, 53.5517428 ], [ 38.0190247, 53.5511565 ], [ 38.0186862, 53.5508297 ], [ 38.0181134, 53.550393 ], [ 38.019948, 53.5496345 ], [ 38.0292409, 53.5461817 ], [ 38.0312317, 53.5449726 ], [ 38.03278, 53.5468126 ], [ 38.0342841, 53.5463658 ], [ 38.0418672, 53.5529583 ], [ 38.0470932, 53.5502837 ], [ 38.0503603, 53.5486715 ], [ 38.053135, 53.5461639 ], [ 38.0576492, 53.5437098 ], [ 38.0497588, 53.5425763 ], [ 38.0480865, 53.5422388 ], [ 38.0459439, 53.5417806 ], [ 38.0419696, 53.5381929 ], [ 38.0286849, 53.5427437 ], [ 38.0232353, 53.5445023 ], [ 38.0194845, 53.5452005 ], [ 38.0128374, 53.5461311 ], [ 37.9968142, 53.5482845 ], [ 37.9956197, 53.5486788 ], [ 37.9941598, 53.5501244 ], [ 37.9867187, 53.5518372 ], [ 37.9839618, 53.5534015 ], [ 37.9835907, 53.5573594 ], [ 37.9867239, 53.5578627 ], [ 37.9884084, 53.5628971 ], [ 37.9897593, 53.5627771 ], [ 37.9904031, 53.5636756 ], [ 37.991712, 53.5641535 ], [ 37.9919037, 53.5649453 ], [ 37.9863296, 53.5659175 ], [ 37.9838523, 53.5661014 ], [ 37.9783667, 53.5662853 ], [ 37.9719964, 53.5669946 ], [ 37.9712886, 53.5646038 ], [ 37.9695633, 53.5651292 ], [ 37.9686343, 53.5651818 ], [ 37.9674841, 53.5648402 ], [ 37.9660684, 53.5651818 ], [ 37.9642234, 53.5650581 ], [ 37.9628962, 53.5641385 ], [ 37.9601977, 53.5637969 ], [ 37.9573222, 53.5632452 ], [ 37.9551987, 53.563324 ], [ 37.9541091, 53.563583 ] ] ] } },
{ "type": "Feature", "properties": { "element": "relation", "id": 3575757, "addr:country": "RU", "addr:region": "Тульская область", "name": "Алексин", "name:ar": "أليكسين", "name:az": "Aleksin", "name:de": "Alexin", "name:diq": null, "name:en": "Aleksin", "name:eo": "Aleksin", "name:es": null, "name:fa": "آلکسین", "name:fi": "Aleksin", "name:fr": "Aleksine", "name:hr": "Aleksin", "name:it": "Aleksin", "name:ja": "アレクシン", "name:ko": "알렉신", "name:nn": "Aleksin", "name:no": "Aleksin", "name:pl": "Aleksin", "name:pt": null, "name:ru": "Алексин", "name:tl": "Aleksin", "name:war": "Aleksin", "name:zh": "阿列克辛", "official_status": null, "place": "town", "population": null, "population:date": null, "wikidata": null, "wikipedia": null, "addr:district": null, "start_date": null, "addr:subdistrict": null, "name:ca": null, "name:et": "Aleksin", "name:id": "Aleksin", "name:lt": "Aleksinas", "name:ro": "Alexin", "source": "Генеральный план муниципального образвания", "addr:postcode": "301360", "name:hsb": null, "name:nl": "Aleksin", "name:pnb": "الیکسن", "name:sr": null, "name:sv": null, "name:tt": null, "name:uk": null, "name:vi": "Aleksin", "admin_level": null, "capital": null, "contact:website": null, "int_name": null, "is_in:country": null, "is_in:country_code": null, "name:be": "Алексін", "name:bn": null, "name:eu": null, "name:he": null, "name:hu": null, "name:ml": null, "name:ru:word_stress": null, "name:sk": null, "name:sr-Latn": null, "name:zh-Hant": null, "wikimedia_commons": null, "addr:city": null, "website": null, "name:be-tarask": null, "name:bg": null, "description": null, "name:io": "Alexin", "alt_name": null, "landuse": null, "is_in": null, "type": "multipolygon", "ele": null, "name:pa": "ਅਲੇਕਸਿਨ", "tourism": 0, "leisure": 0, "healthcare": 0 }, "geometry": { "type": "Polygon", "coordinates": [ [ [ 36.9471251, 54.5218898 ], [ 36.9484619, 54.5219161 ], [ 36.9494118, 54.521268 ], [ 36.9508708, 54.5213826 ], [ 36.9516967, 54.5222204 ], [ 36.9528554, 54.5225942 ], [ 36.9537354, 54.5235024 ], [ 36.9543223, 54.5237809 ], [ 36.954883, 54.5241447 ], [ 36.9561917, 54.5240878 ], [ 36.9570728, 54.5241653 ], [ 36.9574297, 54.5242809 ], [ 36.9575927, 54.5244632 ], [ 36.957813, 54.524861 ], [ 36.9592312, 54.5239849 ], [ 36.9598714, 54.5232875 ], [ 36.9618758, 54.5220839 ], [ 36.9628926, 54.5244186 ], [ 36.9629256, 54.5249221 ], [ 36.9629645, 54.5254697 ], [ 36.9673933, 54.5255127 ], [ 36.9726071, 54.5276961 ], [ 36.9746231, 54.5257389 ], [ 36.9756705, 54.5260428 ], [ 36.9769064, 54.5253134 ], [ 36.9788754, 54.5257268 ], [ 36.979839, 54.5249974 ], [ 36.9803208, 54.5237938 ], [ 36.9795039, 54.5235142 ], [ 36.9801323, 54.5206693 ], [ 36.9787707, 54.5192833 ], [ 36.9821432, 54.5168272 ], [ 36.9949644, 54.5232487 ], [ 36.9958442, 54.5235405 ], [ 36.9966402, 54.5236134 ], [ 36.9990491, 54.5241362 ], [ 37.0011858, 54.5246224 ], [ 37.0044117, 54.5268592 ], [ 37.0068835, 54.5275765 ], [ 37.008266, 54.527856 ], [ 37.0100256, 54.5278074 ], [ 37.0100256, 54.5281842 ], [ 37.0106959, 54.5281842 ], [ 37.0128116, 54.5285854 ], [ 37.0143826, 54.5285368 ], [ 37.0160375, 54.5283787 ], [ 37.0177971, 54.528318 ], [ 37.0182579, 54.5276008 ], [ 37.0227826, 54.5272482 ], [ 37.0258199, 54.5277102 ], [ 37.0272791, 54.5278676 ], [ 37.0298209, 54.5284517 ], [ 37.0293182, 54.5290351 ], [ 37.0281242, 54.5304573 ], [ 37.0281876, 54.5353994 ], [ 37.0358899, 54.5353306 ], [ 37.0365712, 54.5344368 ], [ 37.0388671, 54.5344712 ], [ 37.0387906, 54.5356085 ], [ 37.0386597, 54.5375564 ], [ 37.0371933, 54.5395071 ], [ 37.0385561, 54.5400141 ], [ 37.0405853, 54.5384157 ], [ 37.041719, 54.5385843 ], [ 37.0446254, 54.5388862 ], [ 37.0463857, 54.538262 ], [ 37.0480493, 54.5348964 ], [ 37.0480082, 54.5324136 ], [ 37.0481967, 54.5308577 ], [ 37.0491812, 54.5295571 ], [ 37.0489089, 54.5275636 ], [ 37.0484062, 54.5262021 ], [ 37.0482596, 54.5256915 ], [ 37.0499144, 54.5257037 ], [ 37.0499144, 54.5266154 ], [ 37.0503962, 54.5273083 ], [ 37.0499982, 54.5284996 ], [ 37.0517578, 54.5287184 ], [ 37.0529727, 54.5269679 ], [ 37.0546695, 54.5247798 ], [ 37.0556959, 54.524719 ], [ 37.0584191, 54.5254119 ], [ 37.0583243, 54.5255319 ], [ 37.0597424, 54.5258593 ], [ 37.0590759, 54.526822 ], [ 37.0627835, 54.5277078 ], [ 37.0636198, 54.5266741 ], [ 37.0663666, 54.5242324 ], [ 37.0667621, 54.5244486 ], [ 37.0686163, 54.5238427 ], [ 37.0693454, 54.5240222 ], [ 37.0704267, 54.5236354 ], [ 37.07293, 54.5260595 ], [ 37.0791348, 54.5265465 ], [ 37.0836197, 54.5299664 ], [ 37.0825078, 54.5303757 ], [ 37.0824392, 54.5307854 ], [ 37.0826485, 54.5314517 ], [ 37.0831213, 54.5317966 ], [ 37.0843615, 54.5319995 ], [ 37.0847243, 54.5323108 ], [ 37.0867052, 54.5319387 ], [ 37.0864238, 54.5286812 ], [ 37.089325, 54.5281447 ], [ 37.0882986, 54.5260052 ], [ 37.0928232, 54.5250327 ], [ 37.0929008, 54.5221098 ], [ 37.0996186, 54.5220734 ], [ 37.0998058, 54.5203021 ], [ 37.1016008, 54.520306 ], [ 37.1049935, 54.5206235 ], [ 37.1049032, 54.5199733 ], [ 37.1052329, 54.519829 ], [ 37.1050831, 54.5192046 ], [ 37.1049899, 54.5169151 ], [ 37.1067073, 54.5164861 ], [ 37.1078331, 54.5165377 ], [ 37.1084552, 54.5162625 ], [ 37.1116249, 54.5163829 ], [ 37.1120657, 54.5162284 ], [ 37.1147651, 54.5152823 ], [ 37.1169869, 54.5153167 ], [ 37.118557, 54.5152308 ], [ 37.1286687, 54.5109983 ], [ 37.131646, 54.5117561 ], [ 37.1339764, 54.505926 ], [ 37.1370599, 54.5048313 ], [ 37.1347713, 54.5031896 ], [ 37.1308358, 54.4993627 ], [ 37.1293387, 54.499286 ], [ 37.1269095, 54.4976689 ], [ 37.1251706, 54.4930664 ], [ 37.124258, 54.4927785 ], [ 37.1252724, 54.4905761 ], [ 37.123556, 54.4908235 ], [ 37.1226385, 54.4909523 ], [ 37.1213926, 54.4896061 ], [ 37.1207432, 54.4896305 ], [ 37.1196749, 54.4888031 ], [ 37.1170355, 54.4889491 ], [ 37.1158922, 54.4900336 ], [ 37.1097668, 54.4894844 ], [ 37.108489, 54.4896791 ], [ 37.1069389, 54.4894966 ], [ 37.1060172, 54.4889247 ], [ 37.1034642, 54.4887428 ], [ 37.1031893, 54.4882799 ], [ 37.1027913, 54.4873429 ], [ 37.1027284, 54.4863817 ], [ 37.1024527, 54.4853154 ], [ 37.1011485, 54.4853757 ], [ 37.0994897, 54.4853996 ], [ 37.0992188, 54.4856029 ], [ 37.0988782, 54.4858351 ], [ 37.0984262, 54.4860922 ], [ 37.0978992, 54.4863797 ], [ 37.0976081, 54.4865246 ], [ 37.0971133, 54.4867287 ], [ 37.0967123, 54.4868689 ], [ 37.0961057, 54.4870523 ], [ 37.0951744, 54.4872985 ], [ 37.0943113, 54.4874969 ], [ 37.0934887, 54.4876118 ], [ 37.0928818, 54.4876588 ], [ 37.0919737, 54.4877215 ], [ 37.091187, 54.4878129 ], [ 37.0905037, 54.4879513 ], [ 37.0896934, 54.4881446 ], [ 37.0889708, 54.4883429 ], [ 37.0880964, 54.4886195 ], [ 37.0874244, 54.4888182 ], [ 37.0867456, 54.4890401 ], [ 37.0860219, 54.4892647 ], [ 37.0852769, 54.489536 ], [ 37.0846328, 54.4897869 ], [ 37.0839981, 54.4900998 ], [ 37.0836349, 54.4903147 ], [ 37.0833355, 54.4905 ], [ 37.083024, 54.4907017 ], [ 37.0823767, 54.491148 ], [ 37.0822448, 54.4912454 ], [ 37.0802827, 54.4926919 ], [ 37.0797824, 54.4924279 ], [ 37.0792146, 54.4921063 ], [ 37.0786233, 54.4917136 ], [ 37.0779463, 54.4913112 ], [ 37.0767895, 54.4908 ], [ 37.0748949, 54.4901009 ], [ 37.0738659, 54.4897678 ], [ 37.0731388, 54.4895444 ], [ 37.0714614, 54.4891458 ], [ 37.0685306, 54.4882949 ], [ 37.065874, 54.4875125 ], [ 37.0634934, 54.4868488 ], [ 37.0606415, 54.48628 ], [ 37.0576726, 54.4857802 ], [ 37.0521093, 54.485001 ], [ 37.0483582, 54.484558 ], [ 37.0422031, 54.4840506 ], [ 37.0327042, 54.4832171 ], [ 37.0300087, 54.4830694 ], [ 37.0277067, 54.4829353 ], [ 37.0260926, 54.4827148 ], [ 37.0238814, 54.4822913 ], [ 37.021884, 54.4820574 ], [ 37.0196843, 54.4819171 ], [ 37.0155454, 54.4817022 ], [ 37.0088568, 54.4812867 ], [ 37.0056165, 54.4810794 ], [ 37.0039122, 54.4808805 ], [ 37.0020882, 54.4805933 ], [ 36.9997291, 54.4801123 ], [ 36.9972552, 54.4795855 ], [ 36.9949788, 54.4791389 ], [ 36.9940919, 54.4789805 ], [ 36.9932737, 54.4787706 ], [ 36.992219, 54.4785441 ], [ 36.9911761, 54.4781836 ], [ 36.990295, 54.4777919 ], [ 36.9895308, 54.4773269 ], [ 36.9888592, 54.4768058 ], [ 36.9854866, 54.4777973 ], [ 36.9847481, 54.4774483 ], [ 36.9840539, 54.4779805 ], [ 36.9848709, 54.4808405 ], [ 36.9848709, 54.4819358 ], [ 36.9827133, 54.4832866 ], [ 36.9825248, 54.4842844 ], [ 36.9802489, 54.4862938 ], [ 36.980183, 54.4871334 ], [ 36.9794498, 54.4879973 ], [ 36.9794289, 54.4885692 ], [ 36.9788738, 54.4895791 ], [ 36.978687, 54.4903771 ], [ 36.9781634, 54.4911071 ], [ 36.9771369, 54.4916911 ], [ 36.9765504, 54.4917276 ], [ 36.9734502, 54.4931998 ], [ 36.9712298, 54.4942704 ], [ 36.9695749, 54.4952072 ], [ 36.9705385, 54.4976037 ], [ 36.9726722, 54.4997239 ], [ 36.9727455, 54.5003686 ], [ 36.9702461, 54.5021122 ], [ 36.9699025, 54.5029914 ], [ 36.9701409, 54.504317 ], [ 36.9703554, 54.5052167 ], [ 36.9702917, 54.5061516 ], [ 36.9666769, 54.5065314 ], [ 36.9641107, 54.5064457 ], [ 36.9619629, 54.5094212 ], [ 36.9648216, 54.5111325 ], [ 36.9624604, 54.5144938 ], [ 36.961378, 54.5159826 ], [ 36.9600374, 54.5157638 ], [ 36.95877, 54.5168642 ], [ 36.9565872, 54.5167 ], [ 36.9539448, 54.5186514 ], [ 36.9516197, 54.5199037 ], [ 36.9500486, 54.5205967 ], [ 36.9489175, 54.5199767 ], [ 36.9466132, 54.521618 ], [ 36.9471251, 54.5218898 ] ] ] } },
{ "type": "Feature", "properties": { "element": "relation", "id": 3575757, "addr:country": "RU", "addr:region": "Тульская область", "name": "Алексин", "name:ar": "أليكسين", "name:az": "Aleksin", "name:de": "Alexin", "name:diq": null, "name:en": "Aleksin", "name:eo": "Aleksin", "name:es": null, "name:fa": "آلکسین", "name:fi": "Aleksin", "name:fr": "Aleksine", "name:hr": "Aleksin", "name:it": "Aleksin", "name:ja": "アレクシン", "name:ko": "알렉신", "name:nn": "Aleksin", "name:no": "Aleksin", "name:pl": "Aleksin", "name:pt": null, "name:ru": "Алексин", "name:tl": "Aleksin", "name:war": "Aleksin", "name:zh": "阿列克辛", "official_status": null, "place": "town", "population": null, "population:date": null, "wikidata": null, "wikipedia": null, "addr:district": null, "start_date": null, "addr:subdistrict": null, "name:ca": null, "name:et": "Aleksin", "name:id": "Aleksin", "name:lt": "Aleksinas", "name:ro": "Alexin", "source": "Генеральный план муниципального образвания", "addr:postcode": "301360", "name:hsb": null, "name:nl": "Aleksin", "name:pnb": "الیکسن", "name:sr": null, "name:sv": null, "name:tt": null, "name:uk": null, "name:vi": "Aleksin", "admin_level": null, "capital": null, "contact:website": null, "int_name": null, "is_in:country": null, "is_in:country_code": null, "name:be": "Алексін", "name:bn": null, "name:eu": null, "name:he": null, "name:hu": null, "name:ml": null, "name:ru:word_stress": null, "name:sk": null, "name:sr-Latn": null, "name:zh-Hant": null, "wikimedia_commons": null, "addr:city": null, "website": null, "name:be-tarask": null, "name:bg": null, "description": null, "name:io": "Alexin", "alt_name": null, "landuse": null, "is_in": null, "type": "multipolygon", "ele": null, "name:pa": "ਅਲੇਕਸਿਨ", "tourism": 0, "leisure": 0, "healthcare": 0 }, "geometry": { "type": "Polygon", "coordinates": [ [ [ 36.9471251, 54.5218898 ], [ 36.9484619, 54.5219161 ], [ 36.9494118, 54.521268 ], [ 36.9508708, 54.5213826 ], [ 36.9516967, 54.5222204 ], [ 36.9528554, 54.5225942 ], [ 36.9537354, 54.5235024 ], [ 36.9543223, 54.5237809 ], [ 36.954883, 54.5241447 ], [ 36.9561917, 54.5240878 ], [ 36.9570728, 54.5241653 ], [ 36.9574297, 54.5242809 ], [ 36.9575927, 54.5244632 ], [ 36.957813, 54.524861 ], [ 36.9592312, 54.5239849 ], [ 36.9598714, 54.5232875 ], [ 36.9618758, 54.5220839 ], [ 36.9628926, 54.5244186 ], [ 36.9629256, 54.5249221 ], [ 36.9629645, 54.5254697 ], [ 36.9673933, 54.5255127 ], [ 36.9726071, 54.5276961 ], [ 36.9746231, 54.5257389 ], [ 36.9756705, 54.5260428 ], [ 36.9769064, 54.5253134 ], [ 36.9788754, 54.5257268 ], [ 36.979839, 54.5249974 ], [ 36.9803208, 54.5237938 ], [ 36.9795039, 54.5235142 ], [ 36.9801323, 54.5206693 ], [ 36.9787707, 54.5192833 ], [ 36.9821432, 54.5168272 ], [ 36.9949644, 54.5232487 ], [ 36.9958442, 54.5235405 ], [ 36.9966402, 54.5236134 ], [ 36.9990491, 54.5241362 ], [ 37.0011858, 54.5246224 ], [ 37.0044117, 54.5268592 ], [ 37.0068835, 54.5275765 ], [ 37.008266, 54.527856 ], [ 37.0100256, 54.5278074 ], [ 37.0100256, 54.5281842 ], [ 37.0106959, 54.5281842 ], [ 37.0128116, 54.5285854 ], [ 37.0143826, 54.5285368 ], [ 37.0160375, 54.5283787 ], [ 37.0177971, 54.528318 ], [ 37.0182579, 54.5276008 ], [ 37.0227826, 54.5272482 ], [ 37.0258199, 54.5277102 ], [ 37.0272791, 54.5278676 ], [ 37.0298209, 54.5284517 ], [ 37.0293182, 54.5290351 ], [ 37.0281242, 54.5304573 ], [ 37.0281876, 54.5353994 ], [ 37.0358899, 54.5353306 ], [ 37.0365712, 54.5344368 ], [ 37.0388671, 54.5344712 ], [ 37.0387906, 54.5356085 ], [ 37.0386597, 54.5375564 ], [ 37.0371933, 54.5395071 ], [ 37.0385561, 54.5400141 ], [ 37.0405853, 54.5384157 ], [ 37.041719, 54.5385843 ], [ 37.0446254, 54.5388862 ], [ 37.0463857, 54.538262 ], [ 37.0480493, 54.5348964 ], [ 37.0480082, 54.5324136 ], [ 37.0481967, 54.5308577 ], [ 37.0491812, 54.5295571 ], [ 37.0489089, 54.5275636 ], [ 37.0484062, 54.5262021 ], [ 37.0482596, 54.5256915 ], [ 37.0499144, 54.5257037 ], [ 37.0499144, 54.5266154 ], [ 37.0503962, 54.5273083 ], [ 37.0499982, 54.5284996 ], [ 37.0517578, 54.5287184 ], [ 37.0529727, 54.5269679 ], [ 37.0546695, 54.5247798 ], [ 37.0556959, 54.524719 ], [ 37.0584191, 54.5254119 ], [ 37.0583243, 54.5255319 ], [ 37.0597424, 54.5258593 ], [ 37.0590759, 54.526822 ], [ 37.0627835, 54.5277078 ], [ 37.0636198, 54.5266741 ], [ 37.0663666, 54.5242324 ], [ 37.0667621, 54.5244486 ], [ 37.0686163, 54.5238427 ], [ 37.0693454, 54.5240222 ], [ 37.0704267, 54.5236354 ], [ 37.07293, 54.5260595 ], [ 37.0791348, 54.5265465 ], [ 37.0836197, 54.5299664 ], [ 37.0825078, 54.5303757 ], [ 37.0824392, 54.5307854 ], [ 37.0826485, 54.5314517 ], [ 37.0831213, 54.5317966 ], [ 37.0843615, 54.5319995 ], [ 37.0847243, 54.5323108 ], [ 37.0867052, 54.5319387 ], [ 37.0864238, 54.5286812 ], [ 37.089325, 54.5281447 ], [ 37.0882986, 54.5260052 ], [ 37.0928232, 54.5250327 ], [ 37.0929008, 54.5221098 ], [ 37.0996186, 54.5220734 ], [ 37.0998058, 54.5203021 ], [ 37.1016008, 54.520306 ], [ 37.1049935, 54.5206235 ], [ 37.1049032, 54.5199733 ], [ 37.1052329, 54.519829 ], [ 37.1050831, 54.5192046 ], [ 37.1049899, 54.5169151 ], [ 37.1067073, 54.5164861 ], [ 37.1078331, 54.5165377 ], [ 37.1084552, 54.5162625 ], [ 37.1116249, 54.5163829 ], [ 37.1120657, 54.5162284 ], [ 37.1147651, 54.5152823 ], [ 37.1169869, 54.5153167 ], [ 37.118557, 54.5152308 ], [ 37.1286687, 54.5109983 ], [ 37.131646, 54.5117561 ], [ 37.1339764, 54.505926 ], [ 37.1370599, 54.5048313 ], [ 37.1347713, 54.5031896 ], [ 37.1308358, 54.4993627 ], [ 37.1293387, 54.499286 ], [ 37.1269095, 54.4976689 ], [ 37.1251706, 54.4930664 ], [ 37.124258, 54.4927785 ], [ 37.1252724, 54.4905761 ], [ 37.123556, 54.4908235 ], [ 37.1226385, 54.4909523 ], [ 37.1213926, 54.4896061 ], [ 37.1207432, 54.4896305 ], [ 37.1196749, 54.4888031 ], [ 37.1170355, 54.4889491 ], [ 37.1158922, 54.4900336 ], [ 37.1097668, 54.4894844 ], [ 37.108489, 54.4896791 ], [ 37.1069389, 54.4894966 ], [ 37.1060172, 54.4889247 ], [ 37.1034642, 54.4887428 ], [ 37.1031893, 54.4882799 ], [ 37.1027913, 54.4873429 ], [ 37.1027284, 54.4863817 ], [ 37.1024527, 54.4853154 ], [ 37.1011485, 54.4853757 ], [ 37.0994897, 54.4853996 ], [ 37.0992188, 54.4856029 ], [ 37.0988782, 54.4858351 ], [ 37.0984262, 54.4860922 ], [ 37.0978992, 54.4863797 ], [ 37.0976081, 54.4865246 ], [ 37.0971133, 54.4867287 ], [ 37.0967123, 54.4868689 ], [ 37.0961057, 54.4870523 ], [ 37.0951744, 54.4872985 ], [ 37.0943113, 54.4874969 ], [ 37.0934887, 54.4876118 ], [ 37.0928818, 54.4876588 ], [ 37.0919737, 54.4877215 ], [ 37.091187, 54.4878129 ], [ 37.0905037, 54.4879513 ], [ 37.0896934, 54.4881446 ], [ 37.0889708, 54.4883429 ], [ 37.0880964, 54.4886195 ], [ 37.0874244, 54.4888182 ], [ 37.0867456, 54.4890401 ], [ 37.0860219, 54.4892647 ], [ 37.0852769, 54.489536 ], [ 37.0846328, 54.4897869 ], [ 37.0839981, 54.4900998 ], [ 37.0836349, 54.4903147 ], [ 37.0833355, 54.4905 ], [ 37.083024, 54.4907017 ], [ 37.0823767, 54.491148 ], [ 37.0822448, 54.4912454 ], [ 37.0802827, 54.4926919 ], [ 37.0797824, 54.4924279 ], [ 37.0792146, 54.4921063 ], [ 37.0786233, 54.4917136 ], [ 37.0779463, 54.4913112 ], [ 37.0767895, 54.4908 ], [ 37.0748949, 54.4901009 ], [ 37.0738659, 54.4897678 ], [ 37.0731388, 54.4895444 ], [ 37.0714614, 54.4891458 ], [ 37.0685306, 54.4882949 ], [ 37.065874, 54.4875125 ], [ 37.0634934, 54.4868488 ], [ 37.0606415, 54.48628 ], [ 37.0576726, 54.4857802 ], [ 37.0521093, 54.485001 ], [ 37.0483582, 54.484558 ], [ 37.0422031, 54.4840506 ], [ 37.0327042, 54.4832171 ], [ 37.0300087, 54.4830694 ], [ 37.0277067, 54.4829353 ], [ 37.0260926, 54.4827148 ], [ 37.0238814, 54.4822913 ], [ 37.021884, 54.4820574 ], [ 37.0196843, 54.4819171 ], [ 37.0155454, 54.4817022 ], [ 37.0088568, 54.4812867 ], [ 37.0056165, 54.4810794 ], [ 37.0039122, 54.4808805 ], [ 37.0020882, 54.4805933 ], [ 36.9997291, 54.4801123 ], [ 36.9972552, 54.4795855 ], [ 36.9949788, 54.4791389 ], [ 36.9940919, 54.4789805 ], [ 36.9932737, 54.4787706 ], [ 36.992219, 54.4785441 ], [ 36.9911761, 54.4781836 ], [ 36.990295, 54.4777919 ], [ 36.9895308, 54.4773269 ], [ 36.9888592, 54.4768058 ], [ 36.9854866, 54.4777973 ], [ 36.9847481, 54.4774483 ], [ 36.9840539, 54.4779805 ], [ 36.9848709, 54.4808405 ], [ 36.9848709, 54.4819358 ], [ 36.9827133, 54.4832866 ], [ 36.9825248, 54.4842844 ], [ 36.9802489, 54.4862938 ], [ 36.980183, 54.4871334 ], [ 36.9794498, 54.4879973 ], [ 36.9794289, 54.4885692 ], [ 36.9788738, 54.4895791 ], [ 36.978687, 54.4903771 ], [ 36.9781634, 54.4911071 ], [ 36.9771369, 54.4916911 ], [ 36.9765504, 54.4917276 ], [ 36.9734502, 54.4931998 ], [ 36.9712298, 54.4942704 ], [ 36.9695749, 54.4952072 ], [ 36.9705385, 54.4976037 ], [ 36.9726722, 54.4997239 ], [ 36.9727455, 54.5003686 ], [ 36.9702461, 54.5021122 ], [ 36.9699025, 54.5029914 ], [ 36.9701409, 54.504317 ], [ 36.9703554, 54.5052167 ], [ 36.9702917, 54.5061516 ], [ 36.9666769, 54.5065314 ], [ 36.9641107, 54.5064457 ], [ 36.9619629, 54.5094212 ], [ 36.9648216, 54.5111325 ], [ 36.9624604, 54.5144938 ], [ 36.961378, 54.5159826 ], [ 36.9600374, 54.5157638 ], [ 36.95877, 54.5168642 ], [ 36.9565872, 54.5167 ], [ 36.9539448, 54.5186514 ], [ 36.9516197, 54.5199037 ], [ 36.9500486, 54.5205967 ], [ 36.9489175, 54.5199767 ], [ 36.9466132, 54.521618 ], [ 36.9471251, 54.5218898 ] ] ] } },
{ "type": "Feature", "properties": { "element": "relation", "id": 3575772, "addr:country": "RU", "addr:region": "Тульская область", "name": "Советск", "name:ar": null, "name:az": null, "name:de": "Sowetsk", "name:diq": null, "name:en": null, "name:eo": null, "name:es": null, "name:fa": null, "name:fi": null, "name:fr": null, "name:hr": null, "name:it": null, "name:ja": null, "name:ko": null, "name:nn": null, "name:no": null, "name:pl": null, "name:pt": null, "name:ru": null, "name:tl": null, "name:war": null, "name:zh": null, "official_status": "ru:город", "place": "town", "population": null, "population:date": null, "wikidata": "Q196373", "wikipedia": "ru:Советск (Тульская область)", "addr:district": "Щёкинский район", "start_date": null, "addr:subdistrict": null, "name:ca": null, "name:et": null, "name:id": null, "name:lt": null, "name:ro": null, "source": null, "addr:postcode": "301205", "name:hsb": null, "name:nl": null, "name:pnb": null, "name:sr": null, "name:sv": null, "name:tt": null, "name:uk": null, "name:vi": null, "admin_level": null, "capital": null, "contact:website": null, "int_name": null, "is_in:country": null, "is_in:country_code": null, "name:be": null, "name:bn": null, "name:eu": null, "name:he": null, "name:hu": null, "name:ml": null, "name:ru:word_stress": null, "name:sk": null, "name:sr-Latn": null, "name:zh-Hant": null, "wikimedia_commons": null, "addr:city": null, "website": null, "name:be-tarask": null, "name:bg": null, "description": null, "name:io": null, "alt_name": null, "landuse": null, "is_in": null, "type": "multipolygon", "ele": null, "name:pa": null, "tourism": 0, "leisure": 0, "healthcare": 0 }, "geometry": { "type": "Polygon", "coordinates": [ [ [ 37.6368659, 53.9207189 ], [ 37.6326765, 53.9205872 ], [ 37.6329645, 53.9239632 ], [ 37.6314462, 53.9260441 ], [ 37.6258442, 53.9247647 ], [ 37.6232265, 53.9266144 ], [ 37.6203732, 53.9268765 ], [ 37.6189858, 53.9263678 ], [ 37.6179649, 53.9262599 ], [ 37.6156089, 53.9265836 ], [ 37.6165251, 53.927755 ], [ 37.615923, 53.9290497 ], [ 37.6174675, 53.9335963 ], [ 37.6174937, 53.9348754 ], [ 37.6184099, 53.9350911 ], [ 37.6170487, 53.9370944 ], [ 37.6201638, 53.938358 ], [ 37.6256872, 53.9402996 ], [ 37.6264201, 53.9407927 ], [ 37.626839, 53.9426108 ], [ 37.6280693, 53.9437818 ], [ 37.6286452, 53.9448295 ], [ 37.6304514, 53.9470018 ], [ 37.63053, 53.9480186 ], [ 37.6311059, 53.9498673 ], [ 37.6364199, 53.9498211 ], [ 37.6400585, 53.9532101 ], [ 37.6415506, 53.9527325 ], [ 37.6413674, 53.9511305 ], [ 37.6422574, 53.950884 ], [ 37.6440113, 53.9520856 ], [ 37.6450845, 53.9534411 ], [ 37.6511775, 53.9544318 ], [ 37.6536335, 53.9527657 ], [ 37.6551051, 53.953184 ], [ 37.6585, 53.9485 ], [ 37.6595065, 53.9467547 ], [ 37.6599244, 53.9462228 ], [ 37.66, 53.94475 ], [ 37.66025, 53.94425 ], [ 37.662095, 53.94375 ], [ 37.6631618, 53.943329 ], [ 37.6620139, 53.9434305 ], [ 37.6611021, 53.9434495 ], [ 37.6607279, 53.94275 ], [ 37.6605, 53.94175 ], [ 37.66, 53.94125 ], [ 37.6595, 53.94025 ], [ 37.65975, 53.9395 ], [ 37.65925, 53.938 ], [ 37.6597711, 53.936445 ], [ 37.6607327, 53.9357098 ], [ 37.6614866, 53.935527 ], [ 37.662114, 53.934905 ], [ 37.6609121, 53.9349015 ], [ 37.660402, 53.934193 ], [ 37.66025, 53.93275 ], [ 37.6596994, 53.9315824 ], [ 37.6593706, 53.9308849 ], [ 37.6600165, 53.9308849 ], [ 37.6590142, 53.9303079 ], [ 37.6584171, 53.9287377 ], [ 37.6613492, 53.9277823 ], [ 37.6624945, 53.92779 ], [ 37.6632741, 53.928085 ], [ 37.6642208, 53.9281146 ], [ 37.6671099, 53.9278069 ], [ 37.6701412, 53.9268405 ], [ 37.6705189, 53.9264881 ], [ 37.6706959, 53.9261042 ], [ 37.6719264, 53.9252314 ], [ 37.6725817, 53.9240372 ], [ 37.6735423, 53.9224964 ], [ 37.6735, 53.9215 ], [ 37.673, 53.92 ], [ 37.67275, 53.91975 ], [ 37.67225, 53.9195 ], [ 37.6722773, 53.9191844 ], [ 37.67125, 53.9185 ], [ 37.671, 53.91825 ], [ 37.671, 53.91775 ], [ 37.67225, 53.917 ], [ 37.6726782, 53.9166319 ], [ 37.6718664, 53.9166173 ], [ 37.6722554, 53.915864 ], [ 37.67225, 53.91475 ], [ 37.6707945, 53.9140918 ], [ 37.6691609, 53.9139344 ], [ 37.6688252, 53.9136338 ], [ 37.6689847, 53.9127604 ], [ 37.6698713, 53.9123805 ], [ 37.6710223, 53.9113681 ], [ 37.6736832, 53.9115124 ], [ 37.6756659, 53.9117894 ], [ 37.67625, 53.912 ], [ 37.6789837, 53.9123359 ], [ 37.6850467, 53.9123707 ], [ 37.687, 53.9115 ], [ 37.6880841, 53.9107894 ], [ 37.6896491, 53.9107038 ], [ 37.6912408, 53.9102182 ], [ 37.692, 53.90975 ], [ 37.69225, 53.909 ], [ 37.69175, 53.9085 ], [ 37.6936475, 53.907661 ], [ 37.69475, 53.90725 ], [ 37.6980472, 53.9083287 ], [ 37.7006126, 53.9085578 ], [ 37.7018531, 53.9082792 ], [ 37.7019814, 53.9078876 ], [ 37.7020574, 53.9075329 ], [ 37.7007327, 53.9070131 ], [ 37.70081, 53.9066275 ], [ 37.7015133, 53.9064267 ], [ 37.7020648, 53.9063762 ], [ 37.702259, 53.9055981 ], [ 37.7015673, 53.9054728 ], [ 37.70125, 53.905 ], [ 37.6999939, 53.9039234 ], [ 37.6995, 53.9035 ], [ 37.6962662, 53.9033602 ], [ 37.6943507, 53.9034651 ], [ 37.693883, 53.9037407 ], [ 37.69275, 53.9035 ], [ 37.6915, 53.90425 ], [ 37.6917227, 53.906355 ], [ 37.6910367, 53.9068117 ], [ 37.68775, 53.909 ], [ 37.6871436, 53.9095649 ], [ 37.6852408, 53.9092911 ], [ 37.6846172, 53.9089106 ], [ 37.6835903, 53.9088019 ], [ 37.6827565, 53.9089333 ], [ 37.68212, 53.9092148 ], [ 37.6813118, 53.9098819 ], [ 37.6806336, 53.9100394 ], [ 37.6801402, 53.9102489 ], [ 37.6792823, 53.9102369 ], [ 37.6788433, 53.9099948 ], [ 37.6781801, 53.9098684 ], [ 37.677601, 53.9100521 ], [ 37.6763091, 53.9095929 ], [ 37.6744432, 53.9092762 ], [ 37.6746609, 53.9090418 ], [ 37.6762151, 53.9088025 ], [ 37.6749059, 53.9086219 ], [ 37.6740818, 53.9089631 ], [ 37.67325, 53.909 ], [ 37.6726786, 53.909278 ], [ 37.6716559, 53.9093287 ], [ 37.6690897, 53.910591 ], [ 37.66775, 53.91125 ], [ 37.6665, 53.9125 ], [ 37.666, 53.9155 ], [ 37.66575, 53.916 ], [ 37.6665, 53.918 ], [ 37.66825, 53.92025 ], [ 37.6684282, 53.9211697 ], [ 37.66475, 53.919 ], [ 37.6620095, 53.9189992 ], [ 37.6615195, 53.9191435 ], [ 37.6600768, 53.9189606 ], [ 37.6594035, 53.9184351 ], [ 37.6555718, 53.9173812 ], [ 37.6544505, 53.9175517 ], [ 37.653, 53.91575 ], [ 37.653, 53.91325 ], [ 37.652894, 53.9124585 ], [ 37.6523487, 53.9120272 ], [ 37.6501552, 53.9114724 ], [ 37.6444251, 53.9121149 ], [ 37.6442692, 53.9124822 ], [ 37.64325, 53.9125 ], [ 37.6415, 53.913 ], [ 37.64025, 53.91425 ], [ 37.6402376, 53.9147387 ], [ 37.6404827, 53.9151323 ], [ 37.640104, 53.9155915 ], [ 37.6405718, 53.9161705 ], [ 37.6405, 53.91775 ], [ 37.6403218, 53.9191907 ], [ 37.6375, 53.92 ], [ 37.6368659, 53.9207189 ] ] ] } },
{ "type": "Feature", "properties": { "element": "relation", "id": 6332136, "addr:country": "RU", "addr:region": "Тульская область", "name": "Заокский", "name:ar": null, "name:az": null, "name:de": null, "name:diq": null, "name:en": null, "name:eo": null, "name:es": null, "name:fa": null, "name:fi": null, "name:fr": null, "name:hr": null, "name:it": null, "name:ja": null, "name:ko": null, "name:nn": null, "name:no": null, "name:pl": null, "name:pt": null, "name:ru": "Заокский", "name:tl": null, "name:war": null, "name:zh": null, "official_status": "ru:рабочий посёлок", "place": "town", "population": 6548.0, "population:date": null, "wikidata": "Q2474296", "wikipedia": "ru:Заокский", "addr:district": "Заокский район", "start_date": null, "addr:subdistrict": null, "name:ca": null, "name:et": null, "name:id": null, "name:lt": null, "name:ro": null, "source": null, "addr:postcode": null, "name:hsb": null, "name:nl": null, "name:pnb": null, "name:sr": null, "name:sv": null, "name:tt": null, "name:uk": null, "name:vi": null, "admin_level": null, "capital": null, "contact:website": null, "int_name": null, "is_in:country": null, "is_in:country_code": null, "name:be": null, "name:bn": null, "name:eu": null, "name:he": null, "name:hu": null, "name:ml": null, "name:ru:word_stress": null, "name:sk": null, "name:sr-Latn": null, "name:zh-Hant": null, "wikimedia_commons": null, "addr:city": null, "website": null, "name:be-tarask": null, "name:bg": null, "description": null, "name:io": null, "alt_name": null, "landuse": null, "is_in": null, "type": "multipolygon", "ele": null, "name:pa": null, "tourism": 5, "leisure": 8, "healthcare": 7 }, "geometry": { "type": "Polygon", "coordinates": [ [ [ 37.3722043, 54.7400767 ], [ 37.3728695, 54.7414641 ], [ 37.3735132, 54.7419348 ], [ 37.3741248, 54.7425107 ], [ 37.3744788, 54.7428266 ], [ 37.3756697, 54.7422878 ], [ 37.3772469, 54.7426718 ], [ 37.3773649, 54.7427399 ], [ 37.3775473, 54.7427708 ], [ 37.3786845, 54.743031 ], [ 37.3793336, 54.7430681 ], [ 37.379811, 54.7434893 ], [ 37.3819783, 54.7449044 ], [ 37.3860445, 54.7439785 ], [ 37.3871818, 54.7431177 ], [ 37.3926856, 54.7451118 ], [ 37.3929861, 54.7453595 ], [ 37.3972347, 54.7469201 ], [ 37.3992946, 54.7476322 ], [ 37.4011185, 54.7480223 ], [ 37.4019124, 54.748044 ], [ 37.4145466, 54.7449448 ], [ 37.4158823, 54.7443512 ], [ 37.4166853, 54.7438322 ], [ 37.4158707, 54.7435016 ], [ 37.4149158, 54.7412225 ], [ 37.415522, 54.7412039 ], [ 37.415978, 54.7412225 ], [ 37.4164929, 54.7411482 ], [ 37.4167021, 54.7412721 ], [ 37.4170616, 54.7410615 ], [ 37.4168416, 54.7409314 ], [ 37.4171259, 54.740789 ], [ 37.4172386, 54.740693 ], [ 37.4163535, 54.7393025 ], [ 37.417716, 54.7383301 ], [ 37.4181935, 54.7382372 ], [ 37.4185002, 54.7381162 ], [ 37.4163052, 54.7365459 ], [ 37.4168833, 54.7363532 ], [ 37.4173512, 54.7366701 ], [ 37.4177911, 54.7367382 ], [ 37.418231, 54.7366763 ], [ 37.4200549, 54.7369179 ], [ 37.421514, 54.7372988 ], [ 37.4234774, 54.7369488 ], [ 37.4235954, 54.7369984 ], [ 37.4242177, 54.7369364 ], [ 37.4244966, 54.7369117 ], [ 37.4249794, 54.7367816 ], [ 37.4255803, 54.7368869 ], [ 37.4278655, 54.7372957 ], [ 37.4278663, 54.7367583 ], [ 37.4227161, 54.7339211 ], [ 37.4265982, 54.731949 ], [ 37.4303516, 54.7301285 ], [ 37.4317215, 54.7294025 ], [ 37.4340486, 54.730757 ], [ 37.4355875, 54.7316889 ], [ 37.4363194, 54.731223 ], [ 37.4387403, 54.7299985 ], [ 37.4386652, 54.7297601 ], [ 37.4381773, 54.7298251 ], [ 37.4366572, 54.7291099 ], [ 37.4359628, 54.7286547 ], [ 37.435885, 54.7283142 ], [ 37.4352497, 54.7281345 ], [ 37.434818, 54.7278853 ], [ 37.4344615, 54.7276144 ], [ 37.4346867, 54.7271159 ], [ 37.4348931, 54.7267907 ], [ 37.4327537, 54.726173 ], [ 37.4311398, 54.7255336 ], [ 37.4310835, 54.7256962 ], [ 37.4307081, 54.7257829 ], [ 37.4305205, 54.7255878 ], [ 37.4302765, 54.725642 ], [ 37.4297886, 54.7257287 ], [ 37.4295071, 54.7256745 ], [ 37.4290942, 54.7255228 ], [ 37.4280808, 54.7254361 ], [ 37.4271612, 54.7250784 ], [ 37.4253748, 54.7250135 ], [ 37.4223241, 54.7251418 ], [ 37.4185797, 54.7244415 ], [ 37.417894, 54.7242213 ], [ 37.4178334, 54.7194371 ], [ 37.4138686, 54.7192597 ], [ 37.4129471, 54.7193631 ], [ 37.4127754, 54.7197566 ], [ 37.4119761, 54.7195087 ], [ 37.41034, 54.7197287 ], [ 37.4099108, 54.7176496 ], [ 37.4053671, 54.7180834 ], [ 37.3994234, 54.7186783 ], [ 37.393383, 54.7192267 ], [ 37.3888876, 54.7197194 ], [ 37.3866775, 54.7192236 ], [ 37.3871925, 54.717377 ], [ 37.3877718, 54.7162987 ], [ 37.3877289, 54.7158896 ], [ 37.3882654, 54.7154434 ], [ 37.3883727, 54.714898 ], [ 37.3862054, 54.7149352 ], [ 37.3863127, 54.7151707 ], [ 37.3860338, 54.7154558 ], [ 37.3854544, 54.7161499 ], [ 37.3834803, 54.7177364 ], [ 37.3829439, 54.7184181 ], [ 37.382386, 54.71848 ], [ 37.3821714, 54.7183313 ], [ 37.3826649, 54.7174265 ], [ 37.3837593, 54.7164474 ], [ 37.383888, 54.7159888 ], [ 37.3837593, 54.7152699 ], [ 37.3838022, 54.7146502 ], [ 37.383652, 54.7142225 ], [ 37.3748436, 54.7142349 ], [ 37.3744144, 54.7141234 ], [ 37.3737385, 54.7145758 ], [ 37.3665931, 54.7175381 ], [ 37.3673871, 54.7182569 ], [ 37.3671939, 54.7189882 ], [ 37.3673763, 54.7190068 ], [ 37.3673119, 54.7193476 ], [ 37.3709276, 54.7202833 ], [ 37.3724725, 54.7206179 ], [ 37.3752298, 54.7205373 ], [ 37.3761525, 54.7206055 ], [ 37.3761203, 54.7208224 ], [ 37.3749402, 54.7220555 ], [ 37.3727515, 54.7215598 ], [ 37.372494, 54.7220617 ], [ 37.3719683, 54.7222104 ], [ 37.3715391, 54.7226194 ], [ 37.3710778, 54.7228114 ], [ 37.3714426, 54.7230779 ], [ 37.3717859, 54.7229849 ], [ 37.3727944, 54.7238834 ], [ 37.3739531, 54.7245835 ], [ 37.3749187, 54.7252899 ], [ 37.3749402, 54.7254448 ], [ 37.3748436, 54.7257979 ], [ 37.3741677, 54.725643 ], [ 37.3727139, 54.7279726 ], [ 37.3725691, 54.7284992 ], [ 37.3727461, 54.7287315 ], [ 37.3741248, 54.7288895 ], [ 37.3745378, 54.7288771 ], [ 37.3749187, 54.7288647 ], [ 37.3751118, 54.7287098 ], [ 37.3761525, 54.728462 ], [ 37.3765495, 54.728555 ], [ 37.3774078, 54.7287191 ], [ 37.3774131, 54.7292953 ], [ 37.377322, 54.7295679 ], [ 37.3763885, 54.7305684 ], [ 37.3743715, 54.7330649 ], [ 37.3736044, 54.7351494 ], [ 37.3717751, 54.7352454 ], [ 37.3717751, 54.7369798 ], [ 37.3718932, 54.7381752 ], [ 37.3722365, 54.739637 ], [ 37.3722236, 54.7398134 ], [ 37.3722043, 54.7400767 ] ], [ [ 37.4046452, 54.7210426 ], [ 37.402199, 54.7207328 ], [ 37.4007291, 54.7201317 ], [ 37.4007828, 54.7198157 ], [ 37.408765, 54.7201689 ], [ 37.4081642, 54.721433 ], [ 37.407499, 54.7214082 ], [ 37.4046452, 54.7210426 ] ], [ [ 37.4014002, 54.7213256 ], [ 37.401445, 54.7206755 ], [ 37.4020975, 54.720756 ], [ 37.4022668, 54.7213573 ], [ 37.4028047, 54.722528 ], [ 37.4019879, 54.722669 ], [ 37.4016442, 54.7223382 ], [ 37.4014002, 54.7213256 ] ], [ [ 37.4044073, 54.7211038 ], [ 37.4051277, 54.7232033 ], [ 37.4034744, 54.723422 ], [ 37.4024298, 54.7209328 ], [ 37.4031976, 54.7209206 ], [ 37.4044073, 54.7211038 ] ], [ [ 37.4066657, 54.7244412 ], [ 37.4057293, 54.7245332 ], [ 37.4047033, 54.7213259 ], [ 37.4058479, 54.7213261 ], [ 37.4066657, 54.7244412 ] ], [ [ 37.4027166, 54.7236711 ], [ 37.4019397, 54.7227621 ], [ 37.4028611, 54.7225809 ], [ 37.4035833, 54.7240278 ], [ 37.4032446, 54.7240249 ], [ 37.4027166, 54.7236711 ] ], [ [ 37.4074495, 54.727037 ], [ 37.4073897, 54.7264411 ], [ 37.4072664, 54.7259083 ], [ 37.4095873, 54.7257313 ], [ 37.4097881, 54.7260771 ], [ 37.4092105, 54.7262032 ], [ 37.4090978, 54.7266791 ], [ 37.4092598, 54.7269943 ], [ 37.4080976, 54.7270554 ], [ 37.4074495, 54.727037 ] ], [ [ 37.4037959, 54.7272603 ], [ 37.4037677, 54.7262922 ], [ 37.4036127, 54.7255478 ], [ 37.4039508, 54.725499 ], [ 37.4045003, 54.7261824 ], [ 37.4048172, 54.72724 ], [ 37.4048384, 54.7280331 ], [ 37.4053385, 54.7280942 ], [ 37.4055216, 54.7275572 ], [ 37.4053385, 54.7271627 ], [ 37.4049158, 54.7260238 ], [ 37.4042608, 54.7248767 ], [ 37.4035705, 54.7235587 ], [ 37.405099, 54.7233146 ], [ 37.4054582, 54.7244861 ], [ 37.4060147, 54.7263044 ], [ 37.4060569, 54.7270325 ], [ 37.4059442, 54.7274312 ], [ 37.4058174, 54.7293388 ], [ 37.4049651, 54.7297943 ], [ 37.4038381, 54.7307583 ], [ 37.4036127, 54.7307664 ], [ 37.403714, 54.7279303 ], [ 37.4037959, 54.7272603 ] ], [ [ 37.4016259, 54.7273248 ], [ 37.4014781, 54.7304894 ], [ 37.400323, 54.7304765 ], [ 37.4003006, 54.7288244 ], [ 37.4003856, 54.7271542 ], [ 37.4013259, 54.7271852 ], [ 37.4016259, 54.7273248 ] ] ] } },
{ "type": "Feature", "properties": { "element": "relation", "id": 6646217, "addr:country": "RU", "addr:region": "Тульская область", "name": "Киреевск", "name:ar": null, "name:az": null, "name:de": "Kirejewsk", "name:diq": null, "name:en": null, "name:eo": null, "name:es": null, "name:fa": null, "name:fi": null, "name:fr": null, "name:hr": null, "name:it": null, "name:ja": null, "name:ko": null, "name:nn": null, "name:no": null, "name:pl": null, "name:pt": null, "name:ru": "Киреевск", "name:tl": null, "name:war": null, "name:zh": null, "official_status": null, "place": "town", "population": null, "population:date": null, "wikidata": null, "wikipedia": null, "addr:district": "Киреевский район", "start_date": null, "addr:subdistrict": null, "name:ca": null, "name:et": null, "name:id": null, "name:lt": null, "name:ro": null, "source": null, "addr:postcode": null, "name:hsb": null, "name:nl": null, "name:pnb": null, "name:sr": null, "name:sv": null, "name:tt": null, "name:uk": null, "name:vi": null, "admin_level": null, "capital": null, "contact:website": null, "int_name": null, "is_in:country": null, "is_in:country_code": null, "name:be": null, "name:bn": null, "name:eu": null, "name:he": null, "name:hu": null, "name:ml": null, "name:ru:word_stress": null, "name:sk": null, "name:sr-Latn": null, "name:zh-Hant": null, "wikimedia_commons": null, "addr:city": "Киреевск", "website": null, "name:be-tarask": null, "name:bg": null, "description": null, "name:io": null, "alt_name": null, "landuse": null, "is_in": null, "type": "multipolygon", "ele": null, "name:pa": null, "tourism": 0, "leisure": 0, "healthcare": 0 }, "geometry": { "type": "Polygon", "coordinates": [ [ [ 37.8973305, 53.9480554 ], [ 37.89909, 53.9488321 ], [ 37.8996265, 53.9489836 ], [ 37.9008281, 53.949514 ], [ 37.9013216, 53.9496276 ], [ 37.902416, 53.9500949 ], [ 37.9032528, 53.9501706 ], [ 37.9039609, 53.9504611 ], [ 37.9039716, 53.9506252 ], [ 37.904154, 53.950802 ], [ 37.9053127, 53.9506947 ], [ 37.9057955, 53.9510103 ], [ 37.9061389, 53.9512945 ], [ 37.9069221, 53.951427 ], [ 37.907437, 53.9511556 ], [ 37.9085958, 53.9506 ], [ 37.909218, 53.9505242 ], [ 37.9101622, 53.9505747 ], [ 37.9123509, 53.950057 ], [ 37.913059, 53.949716 ], [ 37.9149687, 53.9493751 ], [ 37.9150331, 53.9498044 ], [ 37.9156124, 53.949956 ], [ 37.9157412, 53.9501075 ], [ 37.9100763, 53.9525572 ], [ 37.9111921, 53.9533527 ], [ 37.9121792, 53.9536052 ], [ 37.9132092, 53.9532769 ], [ 37.9154622, 53.9548804 ], [ 37.9220487, 53.9524364 ], [ 37.9220605, 53.9511366 ], [ 37.9212129, 53.9496529 ], [ 37.9202663, 53.9489173 ], [ 37.9194212, 53.948327 ], [ 37.9212397, 53.9470073 ], [ 37.9213206, 53.9469424 ], [ 37.92307, 53.9455381 ], [ 37.9232299, 53.9454097 ], [ 37.9228437, 53.9448667 ], [ 37.9242599, 53.9439448 ], [ 37.9256332, 53.9451066 ], [ 37.9291093, 53.9446394 ], [ 37.9331433, 53.9458265 ], [ 37.9363083, 53.9451572 ], [ 37.9369413, 53.9448477 ], [ 37.9381537, 53.9444499 ], [ 37.9385185, 53.9444057 ], [ 37.9393982, 53.9442984 ], [ 37.9408359, 53.9440584 ], [ 37.9420268, 53.9436164 ], [ 37.9427778, 53.942966 ], [ 37.9430675, 53.9424292 ], [ 37.9437434, 53.9411409 ], [ 37.9438775, 53.9405031 ], [ 37.9437756, 53.9398526 ], [ 37.9433572, 53.9391579 ], [ 37.9445374, 53.9384569 ], [ 37.9443764, 53.9382485 ], [ 37.9449665, 53.9380148 ], [ 37.9447198, 53.9377053 ], [ 37.9444301, 53.9374401 ], [ 37.9439902, 53.9374085 ], [ 37.9435503, 53.9373516 ], [ 37.9432284, 53.9371811 ], [ 37.9431641, 53.9364106 ], [ 37.9435932, 53.9355832 ], [ 37.9434537, 53.9350274 ], [ 37.9433143, 53.9344652 ], [ 37.9430461, 53.9338463 ], [ 37.9419303, 53.9334799 ], [ 37.9411685, 53.9332525 ], [ 37.9406535, 53.9328262 ], [ 37.9424774, 53.9326462 ], [ 37.9426813, 53.9327219 ], [ 37.9436254, 53.9326714 ], [ 37.9441833, 53.9327219 ], [ 37.9449451, 53.9329936 ], [ 37.9457497, 53.9333031 ], [ 37.9475522, 53.9326525 ], [ 37.9492688, 53.9319134 ], [ 37.9496872, 53.9316229 ], [ 37.9501915, 53.9311744 ], [ 37.9506313, 53.9305364 ], [ 37.9507601, 53.9299679 ], [ 37.9505455, 53.9290203 ], [ 37.9495799, 53.9280475 ], [ 37.9485499, 53.9272326 ], [ 37.9478633, 53.9267335 ], [ 37.9466188, 53.9271252 ], [ 37.9450845, 53.9259565 ], [ 37.9443872, 53.9248509 ], [ 37.9444086, 53.9243708 ], [ 37.9445159, 53.923758 ], [ 37.9444515, 53.9232083 ], [ 37.9442584, 53.9227281 ], [ 37.9449129, 53.9225197 ], [ 37.9455244, 53.9225512 ], [ 37.9462969, 53.9225765 ], [ 37.9472518, 53.9226776 ], [ 37.9493546, 53.9221343 ], [ 37.9487323, 53.9211297 ], [ 37.9472303, 53.9188614 ], [ 37.9541343, 53.9169247 ], [ 37.9519188, 53.912694 ], [ 37.9521119, 53.9122137 ], [ 37.9509532, 53.9119483 ], [ 37.9488074, 53.9112911 ], [ 37.9445803, 53.9098123 ], [ 37.9432928, 53.9094583 ], [ 37.9417264, 53.9093951 ], [ 37.9397094, 53.9096353 ], [ 37.9397738, 53.910103 ], [ 37.9371345, 53.9143497 ], [ 37.9338579, 53.9184663 ], [ 37.9330575, 53.9193353 ], [ 37.932446, 53.9192658 ], [ 37.9309761, 53.9186213 ], [ 37.9306113, 53.9182927 ], [ 37.9306757, 53.9179009 ], [ 37.9315018, 53.9167573 ], [ 37.9313302, 53.916296 ], [ 37.9305148, 53.9165677 ], [ 37.9298281, 53.9168647 ], [ 37.9293668, 53.9176735 ], [ 37.9290878, 53.9177493 ], [ 37.9283368, 53.9174081 ], [ 37.9266846, 53.9162075 ], [ 37.9262018, 53.9157589 ], [ 37.9255902, 53.9154871 ], [ 37.9252469, 53.9156135 ], [ 37.9235947, 53.9158789 ], [ 37.922039, 53.9160748 ], [ 37.9204619, 53.916435 ], [ 37.918992, 53.9168836 ], [ 37.9176831, 53.9176988 ], [ 37.9159021, 53.9180779 ], [ 37.9149687, 53.9179515 ], [ 37.9135739, 53.9177493 ], [ 37.9113638, 53.9164097 ], [ 37.9108917, 53.9163844 ], [ 37.9065358, 53.9129215 ], [ 37.9065358, 53.9126308 ], [ 37.903639, 53.9103684 ], [ 37.9031026, 53.9106212 ], [ 37.9034459, 53.9116323 ], [ 37.9031241, 53.9120621 ], [ 37.9028666, 53.9127635 ], [ 37.902534, 53.9134018 ], [ 37.9021692, 53.9135787 ], [ 37.9018053, 53.9137837 ], [ 37.9018044, 53.9140211 ], [ 37.9017078, 53.9145203 ], [ 37.9003024, 53.9167067 ], [ 37.9049265, 53.9202514 ], [ 37.9035639, 53.9198534 ], [ 37.9022872, 53.9196449 ], [ 37.8980922, 53.9196322 ], [ 37.8962576, 53.9201503 ], [ 37.8969764, 53.920561 ], [ 37.8961181, 53.920997 ], [ 37.8927815, 53.9244213 ], [ 37.8909576, 53.9261839 ], [ 37.891891, 53.9258112 ], [ 37.8929317, 53.9257354 ], [ 37.8947556, 53.925369 ], [ 37.8972017, 53.9251415 ], [ 37.8986501, 53.9251289 ], [ 37.9010748, 53.9252552 ], [ 37.9029739, 53.9255143 ], [ 37.9034459, 53.9268093 ], [ 37.903167, 53.9271631 ], [ 37.903682, 53.9282497 ], [ 37.903682, 53.9291341 ], [ 37.9041755, 53.9298163 ], [ 37.9063427, 53.9298795 ], [ 37.9072868, 53.930309 ], [ 37.9082524, 53.9304227 ], [ 37.9090249, 53.9306754 ], [ 37.9094755, 53.9313576 ], [ 37.9095828, 53.9322293 ], [ 37.9091322, 53.9332778 ], [ 37.9090893, 53.9337199 ], [ 37.9094112, 53.93396 ], [ 37.9094004, 53.9343452 ], [ 37.9106986, 53.9354632 ], [ 37.9109346, 53.9357664 ], [ 37.9117071, 53.9362085 ], [ 37.9106557, 53.9370169 ], [ 37.9125225, 53.9407431 ], [ 37.912029, 53.9413872 ], [ 37.9106772, 53.9423092 ], [ 37.910484, 53.9424481 ], [ 37.9097974, 53.9428523 ], [ 37.908467, 53.9434459 ], [ 37.9073512, 53.9439511 ], [ 37.9064285, 53.9440395 ], [ 37.9059136, 53.9438627 ], [ 37.9049909, 53.9434838 ], [ 37.9038322, 53.9435974 ], [ 37.9029309, 53.9439637 ], [ 37.9014718, 53.9443426 ], [ 37.8998839, 53.944772 ], [ 37.8995192, 53.9457697 ], [ 37.8974163, 53.9468179 ], [ 37.8964078, 53.9471336 ], [ 37.8962147, 53.9474114 ], [ 37.8961718, 53.9477903 ], [ 37.8971803, 53.9479292 ], [ 37.8973305, 53.9480554 ] ] ] } },
{ "type": "Feature", "properties": { "element": "relation", "id": 17632300, "addr:country": "RU", "addr:region": "Тульская область", "name": "Дубна", "name:ar": null, "name:az": null, "name:de": "Dubna", "name:diq": null, "name:en": "Dubna", "name:eo": null, "name:es": null, "name:fa": null, "name:fi": null, "name:fr": null, "name:hr": null, "name:it": null, "name:ja": null, "name:ko": null, "name:nn": null, "name:no": null, "name:pl": null, "name:pt": null, "name:ru": "Дубна", "name:tl": null, "name:war": null, "name:zh": null, "official_status": null, "place": "town", "population": null, "population:date": null, "wikidata": "Q1263125", "wikipedia": "ru:Дубна (Тульская область)", "addr:district": "Дубенский район", "start_date": null, "addr:subdistrict": null, "name:ca": null, "name:et": null, "name:id": null, "name:lt": null, "name:ro": null, "source": null, "addr:postcode": "301160", "name:hsb": null, "name:nl": null, "name:pnb": null, "name:sr": null, "name:sv": null, "name:tt": null, "name:uk": null, "name:vi": null, "admin_level": null, "capital": null, "contact:website": null, "int_name": null, "is_in:country": null, "is_in:country_code": null, "name:be": null, "name:bn": null, "name:eu": null, "name:he": null, "name:hu": null, "name:ml": null, "name:ru:word_stress": null, "name:sk": null, "name:sr-Latn": null, "name:zh-Hant": null, "wikimedia_commons": null, "addr:city": null, "website": null, "name:be-tarask": null, "name:bg": null, "description": null, "name:io": null, "alt_name": null, "landuse": null, "is_in": null, "type": "multipolygon", "ele": null, "name:pa": null, "tourism": 0, "leisure": 0, "healthcare": 0 }, "geometry": { "type": "Polygon", "coordinates": [ [ [ 36.93321, 54.1667605 ], [ 36.9335299, 54.1670864 ], [ 36.9347791, 54.1664369 ], [ 36.9365246, 54.1657669 ], [ 36.9393693, 54.1649694 ], [ 36.9446378, 54.1649179 ], [ 36.9457119, 54.1679222 ], [ 36.9494116, 54.1680121 ], [ 36.9517506, 54.1665688 ], [ 36.9590478, 54.1679662 ], [ 36.9677088, 54.1660298 ], [ 36.9672315, 54.1604199 ], [ 36.9687559, 54.1593767 ], [ 36.9697946, 54.1586659 ], [ 36.970187, 54.1583973 ], [ 36.9730065, 54.1566448 ], [ 36.9734346, 54.1551492 ], [ 36.9738538, 54.1542484 ], [ 36.9803846, 54.1541044 ], [ 36.9885703, 54.1580463 ], [ 36.9910982, 54.1565 ], [ 36.9944776, 54.1577316 ], [ 36.9978756, 54.1576929 ], [ 36.9987268, 54.1576569 ], [ 36.9959521, 54.1506286 ], [ 36.9896523, 54.1511122 ], [ 36.988485, 54.1482074 ], [ 36.985448, 54.1455115 ], [ 36.9793822, 54.1464101 ], [ 36.9744868, 54.1472995 ], [ 36.9714752, 54.1467869 ], [ 36.9695499, 54.147618 ], [ 36.9685715, 54.147864 ], [ 36.9664278, 54.1479008 ], [ 36.9656158, 54.1483089 ], [ 36.9648126, 54.149712 ], [ 36.9637613, 54.1498539 ], [ 36.9628172, 54.1500235 ], [ 36.9625892, 54.1500143 ], [ 36.9624202, 54.1499513 ], [ 36.9617148, 54.1495381 ], [ 36.9612128, 54.1490548 ], [ 36.9609687, 54.1488451 ], [ 36.9607103, 54.148716 ], [ 36.96048, 54.1485065 ], [ 36.9603224, 54.1484782 ], [ 36.9600733, 54.1485521 ], [ 36.9598509, 54.1487715 ], [ 36.9595258, 54.1494411 ], [ 36.9591538, 54.1497665 ], [ 36.959023, 54.1498185 ], [ 36.9587529, 54.1499259 ], [ 36.9569295, 54.1501944 ], [ 36.955039, 54.1501873 ], [ 36.9521114, 54.1506033 ], [ 36.9509453, 54.1507154 ], [ 36.9496908, 54.1508792 ], [ 36.9495084, 54.15174 ], [ 36.9484785, 54.1519914 ], [ 36.9469121, 54.1515075 ], [ 36.9440779, 54.1508104 ], [ 36.9407015, 54.1502425 ], [ 36.9399526, 54.1494682 ], [ 36.9302859, 54.1524153 ], [ 36.9296168, 54.1531111 ], [ 36.9388884, 54.1630288 ], [ 36.9377839, 54.1631878 ], [ 36.9369471, 54.1630307 ], [ 36.9366038, 54.1631689 ], [ 36.9364858, 54.1633197 ], [ 36.9364858, 54.1636337 ], [ 36.9359386, 54.1637154 ], [ 36.9351017, 54.1630684 ], [ 36.9348442, 54.1631375 ], [ 36.9343078, 54.1639918 ], [ 36.9338786, 54.1641237 ], [ 36.9335246, 54.1640483 ], [ 36.9325697, 54.1635521 ], [ 36.9311857, 54.1639415 ], [ 36.9317007, 54.1642116 ], [ 36.9309622, 54.1652978 ], [ 36.93321, 54.1667605 ] ] ] } },
{ "type": "Feature", "properties": { "element": "way", "id": 49293309, "addr:country": "RU", "addr:region": "Тульская область", "name": "Плавск", "name:ar": null, "name:az": null, "name:de": "Plawsk", "name:diq": null, "name:en": "Plavsk", "name:eo": null, "name:es": null, "name:fa": null, "name:fi": null, "name:fr": null, "name:hr": null, "name:it": null, "name:ja": null, "name:ko": null, "name:nn": null, "name:no": null, "name:pl": null, "name:pt": null, "name:ru": "Плавск", "name:tl": null, "name:war": null, "name:zh": null, "official_status": "ru:город", "place": "town", "population": null, "population:date": null, "wikidata": "Q179464", "wikipedia": "ru:Плавск", "addr:district": "Плавский район", "start_date": null, "addr:subdistrict": null, "name:ca": null, "name:et": null, "name:id": null, "name:lt": null, "name:ro": null, "source": null, "addr:postcode": "301470", "name:hsb": null, "name:nl": null, "name:pnb": null, "name:sr": null, "name:sv": null, "name:tt": null, "name:uk": null, "name:vi": null, "admin_level": null, "capital": null, "contact:website": null, "int_name": null, "is_in:country": null, "is_in:country_code": null, "name:be": null, "name:bn": null, "name:eu": null, "name:he": null, "name:hu": null, "name:ml": null, "name:ru:word_stress": null, "name:sk": null, "name:sr-Latn": null, "name:zh-Hant": null, "wikimedia_commons": null, "addr:city": null, "website": null, "name:be-tarask": null, "name:bg": null, "description": null, "name:io": null, "alt_name": null, "landuse": null, "is_in": null, "type": null, "ele": null, "name:pa": null, "tourism": 0, "leisure": 0, "healthcare": 0 }, "geometry": { "type": "Polygon", "coordinates": [ [ [ 37.2875707, 53.6927208 ], [ 37.2901531, 53.692565 ], [ 37.2902834, 53.6912907 ], [ 37.2942072, 53.6913169 ], [ 37.2954165, 53.6949813 ], [ 37.2966386, 53.6968989 ], [ 37.2976674, 53.697293 ], [ 37.2978545, 53.6973647 ], [ 37.300794, 53.6984908 ], [ 37.3063309, 53.6983132 ], [ 37.3146603, 53.6994007 ], [ 37.3204361, 53.6972545 ], [ 37.3282671, 53.7018781 ], [ 37.3271046, 53.7044696 ], [ 37.3257874, 53.7085472 ], [ 37.3253031, 53.7105979 ], [ 37.3212583, 53.7105633 ], [ 37.3188344, 53.7103401 ], [ 37.3169133, 53.7095671 ], [ 37.3156434, 53.7082578 ], [ 37.306966, 53.7094876 ], [ 37.3044951, 53.7136999 ], [ 37.301344, 53.7190712 ], [ 37.300227, 53.7226873 ], [ 37.2920555, 53.7222894 ], [ 37.2819971, 53.7212814 ], [ 37.2789776, 53.7179263 ], [ 37.2815448, 53.7158166 ], [ 37.2770839, 53.7145147 ], [ 37.2757507, 53.7141827 ], [ 37.2739128, 53.7125825 ], [ 37.2724676, 53.7107466 ], [ 37.2722381, 53.7088931 ], [ 37.2727452, 53.7071365 ], [ 37.2695065, 53.7061599 ], [ 37.2720053, 53.7036225 ], [ 37.2760146, 53.6988284 ], [ 37.2841685, 53.700175 ], [ 37.2825336, 53.6981992 ], [ 37.2829521, 53.6980277 ], [ 37.2832739, 53.6979959 ], [ 37.2835529, 53.6979832 ], [ 37.2839498, 53.6980404 ], [ 37.2849047, 53.6959696 ], [ 37.2860634, 53.6952074 ], [ 37.2855055, 53.6935049 ], [ 37.2873294, 53.6932063 ], [ 37.2875707, 53.6927208 ] ] ] } },
{ "type": "Feature", "properties": { "element": "way", "id": 49293309, "addr:country": "RU", "addr:region": "Тульская область", "name": "Плавск", "name:ar": null, "name:az": null, "name:de": "Plawsk", "name:diq": null, "name:en": "Plavsk", "name:eo": null, "name:es": null, "name:fa": null, "name:fi": null, "name:fr": null, "name:hr": null, "name:it": null, "name:ja": null, "name:ko": null, "name:nn": null, "name:no": null, "name:pl": null, "name:pt": null, "name:ru": "Плавск", "name:tl": null, "name:war": null, "name:zh": null, "official_status": "ru:город", "place": "town", "population": null, "population:date": null, "wikidata": "Q179464", "wikipedia": "ru:Плавск", "addr:district": "Плавский район", "start_date": null, "addr:subdistrict": null, "name:ca": null, "name:et": null, "name:id": null, "name:lt": null, "name:ro": null, "source": null, "addr:postcode": "301470", "name:hsb": null, "name:nl": null, "name:pnb": null, "name:sr": null, "name:sv": null, "name:tt": null, "name:uk": null, "name:vi": null, "admin_level": null, "capital": null, "contact:website": null, "int_name": null, "is_in:country": null, "is_in:country_code": null, "name:be": null, "name:bn": null, "name:eu": null, "name:he": null, "name:hu": null, "name:ml": null, "name:ru:word_stress": null, "name:sk": null, "name:sr-Latn": null, "name:zh-Hant": null, "wikimedia_commons": null, "addr:city": null, "website": null, "name:be-tarask": null, "name:bg": null, "description": null, "name:io": null, "alt_name": null, "landuse": null, "is_in": null, "type": null, "ele": null, "name:pa": null, "tourism": 0, "leisure": 0, "healthcare": 0 }, "geometry": { "type": "Polygon", "coordinates": [ [ [ 37.2875707, 53.6927208 ], [ 37.2901531, 53.692565 ], [ 37.2902834, 53.6912907 ], [ 37.2942072, 53.6913169 ], [ 37.2954165, 53.6949813 ], [ 37.2966386, 53.6968989 ], [ 37.2976674, 53.697293 ], [ 37.2978545, 53.6973647 ], [ 37.300794, 53.6984908 ], [ 37.3063309, 53.6983132 ], [ 37.3146603, 53.6994007 ], [ 37.3204361, 53.6972545 ], [ 37.3282671, 53.7018781 ], [ 37.3271046, 53.7044696 ], [ 37.3257874, 53.7085472 ], [ 37.3253031, 53.7105979 ], [ 37.3212583, 53.7105633 ], [ 37.3188344, 53.7103401 ], [ 37.3169133, 53.7095671 ], [ 37.3156434, 53.7082578 ], [ 37.306966, 53.7094876 ], [ 37.3044951, 53.7136999 ], [ 37.301344, 53.7190712 ], [ 37.300227, 53.7226873 ], [ 37.2920555, 53.7222894 ], [ 37.2819971, 53.7212814 ], [ 37.2789776, 53.7179263 ], [ 37.2815448, 53.7158166 ], [ 37.2770839, 53.7145147 ], [ 37.2757507, 53.7141827 ], [ 37.2739128, 53.7125825 ], [ 37.2724676, 53.7107466 ], [ 37.2722381, 53.7088931 ], [ 37.2727452, 53.7071365 ], [ 37.2695065, 53.7061599 ], [ 37.2720053, 53.7036225 ], [ 37.2760146, 53.6988284 ], [ 37.2841685, 53.700175 ], [ 37.2825336, 53.6981992 ], [ 37.2829521, 53.6980277 ], [ 37.2832739, 53.6979959 ], [ 37.2835529, 53.6979832 ], [ 37.2839498, 53.6980404 ], [ 37.2849047, 53.6959696 ], [ 37.2860634, 53.6952074 ], [ 37.2855055, 53.6935049 ], [ 37.2873294, 53.6932063 ], [ 37.2875707, 53.6927208 ] ] ] } },
{ "type": "Feature", "properties": { "element": "way", "id": 49293649, "addr:country": "RU", "addr:region": "Тульская область", "name": "Белёв", "name:ar": "بيليف", "name:az": "Belyov", "name:de": "Beljow", "name:diq": null, "name:en": "Belyov", "name:eo": "Belov", "name:es": "Beliov", "name:fa": "بلیوف", "name:fi": "Beljov", "name:fr": "Beliov", "name:hr": "Bjelev", "name:it": "Belëv", "name:ja": "ベリョーフ", "name:ko": "벨료프", "name:nn": "Beljov", "name:no": "Beljov", "name:pl": "Bielow", "name:pt": "Beliov", "name:ru": "Белёв", "name:tl": "Belev", "name:war": "Belyov", "name:zh": "別廖夫", "official_status": null, "place": "town", "population": null, "population:date": null, "wikidata": null, "wikipedia": null, "addr:district": "Белёвский район", "start_date": null, "addr:subdistrict": null, "name:ca": null, "name:et": null, "name:id": "Belyov", "name:lt": "Beliovas", "name:ro": "Beliov", "source": null, "addr:postcode": "301532", "name:hsb": null, "name:nl": null, "name:pnb": null, "name:sr": null, "name:sv": null, "name:tt": "Биләү", "name:uk": "Бєльов", "name:vi": null, "admin_level": null, "capital": null, "contact:website": null, "int_name": null, "is_in:country": null, "is_in:country_code": "RU", "name:be": null, "name:bn": null, "name:eu": null, "name:he": null, "name:hu": null, "name:ml": null, "name:ru:word_stress": null, "name:sk": null, "name:sr-Latn": null, "name:zh-Hant": null, "wikimedia_commons": null, "addr:city": null, "website": null, "name:be-tarask": null, "name:bg": null, "description": null, "name:io": "Belyov", "alt_name": null, "landuse": null, "is_in": "Тульская область", "type": null, "ele": null, "name:pa": null, "tourism": 0, "leisure": 0, "healthcare": 0 }, "geometry": { "type": "Polygon", "coordinates": [ [ [ 36.1455453, 53.7888422 ], [ 36.1517966, 53.7904107 ], [ 36.1503888, 53.7942547 ], [ 36.1490285, 53.7955962 ], [ 36.1495414, 53.7960423 ], [ 36.1491747, 53.7971093 ], [ 36.1459306, 53.8008145 ], [ 36.1445039, 53.804368 ], [ 36.1441317, 53.8052949 ], [ 36.1449654, 53.8075462 ], [ 36.1455297, 53.80907 ], [ 36.1500318, 53.8138121 ], [ 36.1502323, 53.8140233 ], [ 36.1523712, 53.8151805 ], [ 36.1530555, 53.8155507 ], [ 36.162195, 53.820495 ], [ 36.1667087, 53.8229366 ], [ 36.1596695, 53.8261682 ], [ 36.155585, 53.8255142 ], [ 36.151897, 53.8268336 ], [ 36.1496213, 53.8270145 ], [ 36.1465192, 53.8268827 ], [ 36.1436003, 53.8263854 ], [ 36.142917, 53.8270426 ], [ 36.1421285, 53.8269084 ], [ 36.1324301, 53.8228089 ], [ 36.1296144, 53.8243601 ], [ 36.1188523, 53.8206666 ], [ 36.1109059, 53.8177116 ], [ 36.1027717, 53.8194477 ], [ 36.1010823, 53.816899 ], [ 36.1053224, 53.8139172 ], [ 36.1088266, 53.8118938 ], [ 36.1099905, 53.8092518 ], [ 36.1144867, 53.8060272 ], [ 36.1162878, 53.7993521 ], [ 36.1177481, 53.7995142 ], [ 36.1243414, 53.8004531 ], [ 36.1277927, 53.8009445 ], [ 36.1288813, 53.7988547 ], [ 36.1318492, 53.7992204 ], [ 36.132952, 53.7970382 ], [ 36.1351832, 53.7926227 ], [ 36.1410013, 53.793631 ], [ 36.1421376, 53.7924336 ], [ 36.1455453, 53.7888422 ] ] ] } },
{ "type": "Feature", "properties": { "element": "way", "id": 53160548, "addr:country": "RU", "addr:region": "Тульская область", "name": "Богородицк", "name:ar": "بوغوروديتسك", "name:az": "Boqorodiçk", "name:de": "Bogorodizk", "name:diq": null, "name:en": "Bogoroditsk", "name:eo": "Bogorodick", "name:es": null, "name:fa": "بوگورودیتسک", "name:fi": null, "name:fr": "Bogoroditsk", "name:hr": null, "name:it": "Bogorodick", "name:ja": "ボゴロジツク", "name:ko": "보고로디츠크", "name:nn": "Bogoroditsk", "name:no": "Bogoroditsk", "name:pl": "Bogorodick", "name:pt": null, "name:ru": "Богородицк", "name:tl": "Bogoroditsk", "name:war": "Bogoroditsk", "name:zh": "博戈羅季茨克", "official_status": null, "place": "town", "population": null, "population:date": null, "wikidata": null, "wikipedia": null, "addr:district": "Богородицкий район", "start_date": null, "addr:subdistrict": "городское поселение Богородицк", "name:ca": null, "name:et": "Bogoroditsk", "name:id": "Bogoroditsk", "name:lt": null, "name:ro": "Bogorodițk", "source": null, "addr:postcode": null, "name:hsb": null, "name:nl": null, "name:pnb": null, "name:sr": null, "name:sv": null, "name:tt": null, "name:uk": null, "name:vi": null, "admin_level": null, "capital": null, "contact:website": null, "int_name": null, "is_in:country": null, "is_in:country_code": null, "name:be": null, "name:bn": null, "name:eu": null, "name:he": null, "name:hu": null, "name:ml": null, "name:ru:word_stress": null, "name:sk": null, "name:sr-Latn": null, "name:zh-Hant": null, "wikimedia_commons": null, "addr:city": null, "website": null, "name:be-tarask": null, "name:bg": null, "description": null, "name:io": null, "alt_name": null, "landuse": null, "is_in": null, "type": null, "ele": null, "name:pa": null, "tourism": 0, "leisure": 0, "healthcare": 0 }, "geometry": { "type": "Polygon", "coordinates": [ [ [ 38.129212, 53.7890359 ], [ 38.1287161, 53.7927345 ], [ 38.1158624, 53.7909689 ], [ 38.113208, 53.786963 ], [ 38.0941958, 53.7865775 ], [ 38.0957594, 53.7786668 ], [ 38.0979724, 53.7729855 ], [ 38.0976291, 53.7681156 ], [ 38.0966177, 53.7642605 ], [ 38.0954161, 53.7570554 ], [ 38.0967707, 53.7416259 ], [ 38.0992172, 53.7415302 ], [ 38.100333, 53.7400581 ], [ 38.100848, 53.7380274 ], [ 38.1022642, 53.7374436 ], [ 38.1043239, 53.7382246 ], [ 38.1187446, 53.7295496 ], [ 38.1206319, 53.7328743 ], [ 38.1227348, 53.7326204 ], [ 38.1234643, 53.7346767 ], [ 38.1217477, 53.735489 ], [ 38.1227515, 53.7369646 ], [ 38.1250522, 53.7463016 ], [ 38.1263112, 53.7517253 ], [ 38.1325195, 53.754219 ], [ 38.135781, 53.7532548 ], [ 38.1420038, 53.7537876 ], [ 38.1411884, 53.7559951 ], [ 38.1416604, 53.7562234 ], [ 38.1462953, 53.7559443 ], [ 38.1468532, 53.757213 ], [ 38.1497285, 53.7568831 ], [ 38.1552217, 53.755716 ], [ 38.15505, 53.7551832 ], [ 38.1583116, 53.7548787 ], [ 38.1594274, 53.755107 ], [ 38.1595991, 53.7541175 ], [ 38.1617448, 53.7540667 ], [ 38.1620452, 53.7545235 ], [ 38.167238, 53.7546503 ], [ 38.1688369, 53.7549933 ], [ 38.1739937, 53.747475 ], [ 38.178011, 53.7463566 ], [ 38.187079, 53.7485017 ], [ 38.1834724, 53.7525836 ], [ 38.1891986, 53.7551711 ], [ 38.1871769, 53.7570855 ], [ 38.1879296, 53.7575116 ], [ 38.1874569, 53.7583832 ], [ 38.1861087, 53.757962 ], [ 38.1788889, 53.7562247 ], [ 38.1710575, 53.7568831 ], [ 38.1681392, 53.7597247 ], [ 38.1678817, 53.7603843 ], [ 38.1711004, 53.7602828 ], [ 38.1708497, 53.761949 ], [ 38.1695622, 53.7627862 ], [ 38.1671505, 53.7630324 ], [ 38.1633327, 53.7630227 ], [ 38.1594547, 53.7638806 ], [ 38.1569383, 53.7659907 ], [ 38.1554698, 53.7660088 ], [ 38.153515, 53.7687524 ], [ 38.154299, 53.7701253 ], [ 38.1610367, 53.7697955 ], [ 38.1577537, 53.7741833 ], [ 38.1549857, 53.7756543 ], [ 38.1535695, 53.7754514 ], [ 38.153312, 53.7745384 ], [ 38.1512949, 53.773917 ], [ 38.1504795, 53.7749188 ], [ 38.15078, 53.7760854 ], [ 38.1491044, 53.7769517 ], [ 38.1496741, 53.7815429 ], [ 38.1487482, 53.7855358 ], [ 38.1486002, 53.7856601 ], [ 38.1454781, 53.7847428 ], [ 38.1396566, 53.7855505 ], [ 38.1350502, 53.7905844 ], [ 38.129212, 53.7890359 ] ] ] } },
{ "type": "Feature", "properties": { "element": "way", "id": 53471568, "addr:country": "RU", "addr:region": "Тульская область", "name": "Кимовск", "name:ar": "كيموفسك", "name:az": "Kimovsk", "name:de": "Kimowsk", "name:diq": null, "name:en": "Kimovsk", "name:eo": "Kimovsk", "name:es": "Kímovsk", "name:fa": "کیموفسک", "name:fi": null, "name:fr": "Kimovsk", "name:hr": null, "name:it": "Kimovsk", "name:ja": "キモフスク", "name:ko": "키몹스크", "name:nn": "Kimovsk", "name:no": "Kimovsk", "name:pl": "Kimowsk", "name:pt": null, "name:ru": "Кимовск", "name:tl": "Kimovsk", "name:war": "Kimovsk", "name:zh": "基莫夫斯克", "official_status": null, "place": "town", "population": null, "population:date": null, "wikidata": "Q146419", "wikipedia": "ru:Кимовск", "addr:district": "Кимовский район", "start_date": null, "addr:subdistrict": null, "name:ca": "Kimovsk", "name:et": null, "name:id": "Kimovsk", "name:lt": null, "name:ro": null, "source": "vmap0", "addr:postcode": "301720", "name:hsb": null, "name:nl": null, "name:pnb": null, "name:sr": null, "name:sv": null, "name:tt": null, "name:uk": null, "name:vi": null, "admin_level": null, "capital": null, "contact:website": null, "int_name": null, "is_in:country": null, "is_in:country_code": null, "name:be": null, "name:bn": null, "name:eu": null, "name:he": null, "name:hu": null, "name:ml": null, "name:ru:word_stress": null, "name:sk": null, "name:sr-Latn": null, "name:zh-Hant": null, "wikimedia_commons": null, "addr:city": null, "website": null, "name:be-tarask": null, "name:bg": null, "description": null, "name:io": null, "alt_name": null, "landuse": null, "is_in": null, "type": null, "ele": null, "name:pa": null, "tourism": 0, "leisure": 0, "healthcare": 0 }, "geometry": { "type": "Polygon", "coordinates": [ [ [ 38.5277207, 53.9559884 ], [ 38.5314968, 53.956576 ], [ 38.5341661, 53.9570922 ], [ 38.5361418, 53.957476 ], [ 38.5388602, 53.9580021 ], [ 38.5397146, 53.9581795 ], [ 38.5403795, 53.9584446 ], [ 38.5407791, 53.9587664 ], [ 38.5454479, 53.9598784 ], [ 38.5455403, 53.9598841 ], [ 38.5456529, 53.9598589 ], [ 38.5457897, 53.9598116 ], [ 38.545897, 53.9597405 ], [ 38.5470477, 53.9582808 ], [ 38.5474688, 53.9576148 ], [ 38.5472542, 53.957569 ], [ 38.5475895, 53.9572076 ], [ 38.5482848, 53.9569092 ], [ 38.5493952, 53.9551567 ], [ 38.549349, 53.9550991 ], [ 38.549043, 53.9547369 ], [ 38.5505551, 53.9540615 ], [ 38.5526737, 53.9544026 ], [ 38.5523278, 53.9557885 ], [ 38.5549828, 53.956715 ], [ 38.5565977, 53.9581122 ], [ 38.5566747, 53.9663263 ], [ 38.5575043, 53.9663096 ], [ 38.557519, 53.9664713 ], [ 38.5598928, 53.96645 ], [ 38.5612661, 53.9664405 ], [ 38.5613358, 53.9672957 ], [ 38.561571, 53.9684394 ], [ 38.5582627, 53.968477 ], [ 38.5583075, 53.9731998 ], [ 38.5500434, 53.9745406 ], [ 38.5482386, 53.9849307 ], [ 38.5270807, 53.9836607 ], [ 38.5243961, 53.9826407 ], [ 38.5185067, 53.9815794 ], [ 38.5182217, 53.977725 ], [ 38.5124741, 53.9767525 ], [ 38.5110337, 53.97629 ], [ 38.5085311, 53.9725482 ], [ 38.5060282, 53.9716925 ], [ 38.4925314, 53.9710666 ], [ 38.4932699, 53.9678092 ], [ 38.4919693, 53.9671027 ], [ 38.4906689, 53.9665735 ], [ 38.4914559, 53.9661124 ], [ 38.4929826, 53.9662047 ], [ 38.4935029, 53.9661964 ], [ 38.5018805, 53.9671172 ], [ 38.5156544, 53.9671717 ], [ 38.515562, 53.9657684 ], [ 38.5236362, 53.9640361 ], [ 38.524201, 53.9629233 ], [ 38.5239959, 53.9620018 ], [ 38.5277207, 53.9559884 ] ] ] } },
{ "type": "Feature", "properties": { "element": "way", "id": 60748138, "addr:country": "RU", "addr:region": "Тульская область", "name": "Чекалин", "name:ar": null, "name:az": null, "name:de": "Tschekalin", "name:diq": null, "name:en": null, "name:eo": null, "name:es": null, "name:fa": null, "name:fi": null, "name:fr": null, "name:hr": null, "name:it": null, "name:ja": null, "name:ko": null, "name:nn": null, "name:no": null, "name:pl": null, "name:pt": null, "name:ru": null, "name:tl": null, "name:war": null, "name:zh": null, "official_status": null, "place": "town", "population": null, "population:date": null, "wikidata": "Q197902", "wikipedia": "ru:Чекалин (город)", "addr:district": "Суворовский район", "start_date": null, "addr:subdistrict": null, "name:ca": null, "name:et": null, "name:id": null, "name:lt": null, "name:ro": null, "source": null, "addr:postcode": "301414", "name:hsb": null, "name:nl": null, "name:pnb": null, "name:sr": null, "name:sv": null, "name:tt": null, "name:uk": null, "name:vi": null, "admin_level": null, "capital": null, "contact:website": null, "int_name": null, "is_in:country": null, "is_in:country_code": null, "name:be": null, "name:bn": null, "name:eu": null, "name:he": null, "name:hu": null, "name:ml": null, "name:ru:word_stress": null, "name:sk": null, "name:sr-Latn": null, "name:zh-Hant": null, "wikimedia_commons": null, "addr:city": null, "website": null, "name:be-tarask": null, "name:bg": null, "description": null, "name:io": null, "alt_name": null, "landuse": null, "is_in": null, "type": null, "ele": null, "name:pa": null, "tourism": 0, "leisure": 0, "healthcare": 0 }, "geometry": { "type": "Polygon", "coordinates": [ [ [ 36.2411202, 54.0874639 ], [ 36.2443873, 54.0873294 ], [ 36.2448732, 54.0884458 ], [ 36.2450751, 54.0889095 ], [ 36.2471385, 54.088775 ], [ 36.247769, 54.0914308 ], [ 36.2458775, 54.0919351 ], [ 36.2447885, 54.0929771 ], [ 36.2453043, 54.0936158 ], [ 36.2497751, 54.0932461 ], [ 36.2541313, 54.0934814 ], [ 36.2555642, 54.102926 ], [ 36.2398019, 54.101649 ], [ 36.236936, 54.0999349 ], [ 36.2363055, 54.0974141 ], [ 36.2327518, 54.0968427 ], [ 36.2313481, 54.0958948 ], [ 36.2308603, 54.0955654 ], [ 36.2320067, 54.0922712 ], [ 36.2374518, 54.0929771 ], [ 36.2411202, 54.0874639 ] ] ] } },
{ "type": "Feature", "properties": { "element": "way", "id": 75615158, "addr:country": "RU", "addr:region": "Тульская область", "name": "Куркино", "name:ar": null, "name:az": null, "name:de": "Kurkino", "name:diq": null, "name:en": null, "name:eo": null, "name:es": null, "name:fa": null, "name:fi": null, "name:fr": null, "name:hr": null, "name:it": "Kurkino", "name:ja": null, "name:ko": null, "name:nn": null, "name:no": null, "name:pl": null, "name:pt": null, "name:ru": null, "name:tl": null, "name:war": null, "name:zh": null, "official_status": null, "place": "town", "population": null, "population:date": null, "wikidata": "Q3817449", "wikipedia": "ru:Куркино (Тульская область)", "addr:district": "Куркинский район", "start_date": null, "addr:subdistrict": null, "name:ca": null, "name:et": null, "name:id": null, "name:lt": null, "name:ro": null, "source": null, "addr:postcode": "301940", "name:hsb": null, "name:nl": null, "name:pnb": null, "name:sr": null, "name:sv": null, "name:tt": null, "name:uk": null, "name:vi": null, "admin_level": null, "capital": null, "contact:website": null, "int_name": null, "is_in:country": null, "is_in:country_code": null, "name:be": null, "name:bn": null, "name:eu": null, "name:he": null, "name:hu": null, "name:ml": null, "name:ru:word_stress": null, "name:sk": null, "name:sr-Latn": null, "name:zh-Hant": null, "wikimedia_commons": null, "addr:city": "Куркино", "website": null, "name:be-tarask": null, "name:bg": null, "description": null, "name:io": null, "alt_name": null, "landuse": null, "is_in": null, "type": null, "ele": null, "name:pa": null, "tourism": 0, "leisure": 0, "healthcare": 0 }, "geometry": { "type": "Polygon", "coordinates": [ [ [ 38.6448107, 53.4303451 ], [ 38.6441468, 53.4246075 ], [ 38.6358666, 53.4245904 ], [ 38.6357578, 53.4226649 ], [ 38.6456808, 53.4225167 ], [ 38.6461562, 53.4196182 ], [ 38.6464138, 53.4177767 ], [ 38.6472721, 53.4149121 ], [ 38.6513919, 53.4129681 ], [ 38.6578903, 53.4155676 ], [ 38.6597605, 53.4185568 ], [ 38.6629658, 53.4180217 ], [ 38.664003, 53.4181484 ], [ 38.6672691, 53.4187586 ], [ 38.671534, 53.4200472 ], [ 38.677227, 53.4203855 ], [ 38.6756431, 53.4245332 ], [ 38.6735709, 53.4251516 ], [ 38.6719547, 53.4258582 ], [ 38.6712959, 53.4266601 ], [ 38.6707022, 53.4277442 ], [ 38.6720622, 53.4295705 ], [ 38.6732249, 53.4315869 ], [ 38.6786564, 53.4335209 ], [ 38.6787719, 53.4348073 ], [ 38.6780853, 53.4380285 ], [ 38.6802373, 53.439955 ], [ 38.6780215, 53.445716 ], [ 38.6753653, 53.4482866 ], [ 38.6704557, 53.4489011 ], [ 38.6686593, 53.449126 ], [ 38.6641315, 53.4479378 ], [ 38.6612716, 53.451116 ], [ 38.6568447, 53.4498045 ], [ 38.659835, 53.4466028 ], [ 38.6535409, 53.4428628 ], [ 38.6527751, 53.442418 ], [ 38.6441178, 53.4373894 ], [ 38.6422509, 53.4350757 ], [ 38.6448107, 53.4303451 ] ] ] } },
{ "type": "Feature", "properties": { "element": "way", "id": 76355248, "addr:country": "RU", "addr:region": "Тульская область", "name": "Липки", "name:ar": null, "name:az": null, "name:de": null, "name:diq": null, "name:en": null, "name:eo": null, "name:es": null, "name:fa": null, "name:fi": null, "name:fr": null, "name:hr": null, "name:it": null, "name:ja": null, "name:ko": null, "name:nn": null, "name:no": null, "name:pl": null, "name:pt": null, "name:ru": null, "name:tl": null, "name:war": null, "name:zh": null, "official_status": "ru:город", "place": "town", "population": null, "population:date": null, "wikidata": "Q157613", "wikipedia": "ru:Липки (город)", "addr:district": "Киреевский район", "start_date": null, "addr:subdistrict": null, "name:ca": null, "name:et": null, "name:id": null, "name:lt": null, "name:ro": null, "source": null, "addr:postcode": "301264", "name:hsb": null, "name:nl": null, "name:pnb": null, "name:sr": null, "name:sv": null, "name:tt": null, "name:uk": null, "name:vi": null, "admin_level": null, "capital": null, "contact:website": null, "int_name": null, "is_in:country": null, "is_in:country_code": null, "name:be": null, "name:bn": null, "name:eu": null, "name:he": null, "name:hu": null, "name:ml": null, "name:ru:word_stress": null, "name:sk": null, "name:sr-Latn": null, "name:zh-Hant": null, "wikimedia_commons": null, "addr:city": null, "website": null, "name:be-tarask": null, "name:bg": null, "description": null, "name:io": null, "alt_name": null, "landuse": null, "is_in": null, "type": null, "ele": null, "name:pa": null, "tourism": 0, "leisure": 0, "healthcare": 0 }, "geometry": { "type": "Polygon", "coordinates": [ [ [ 37.6883222, 53.9383854 ], [ 37.6877357, 53.9362774 ], [ 37.6881311, 53.9358119 ], [ 37.6880946, 53.9337916 ], [ 37.6955794, 53.9330744 ], [ 37.6939486, 53.9288727 ], [ 37.6944892, 53.9287235 ], [ 37.6958862, 53.9290931 ], [ 37.6963622, 53.9299931 ], [ 37.6963227, 53.9302538 ], [ 37.695754, 53.9304274 ], [ 37.6960934, 53.93125 ], [ 37.6966627, 53.9326698 ], [ 37.6964492, 53.933019 ], [ 37.6962989, 53.9334705 ], [ 37.6969315, 53.9334612 ], [ 37.6975799, 53.934206 ], [ 37.6991138, 53.9345691 ], [ 37.7011696, 53.9340757 ], [ 37.7054128, 53.9336413 ], [ 37.7060719, 53.9339732 ], [ 37.7061535, 53.9349996 ], [ 37.7108957, 53.9352018 ], [ 37.7131702, 53.9372986 ], [ 37.7129747, 53.939391 ], [ 37.7131487, 53.9401871 ], [ 37.7137812, 53.9410714 ], [ 37.7146376, 53.9422076 ], [ 37.7138919, 53.9435381 ], [ 37.7138761, 53.9449063 ], [ 37.7145699, 53.9462321 ], [ 37.7121524, 53.9459953 ], [ 37.7085152, 53.9466468 ], [ 37.7056845, 53.9478288 ], [ 37.7056529, 53.9476612 ], [ 37.703931, 53.9481177 ], [ 37.7001024, 53.9486654 ], [ 37.6961542, 53.9488927 ], [ 37.6961724, 53.9479311 ], [ 37.6959182, 53.9467964 ], [ 37.6954032, 53.9453189 ], [ 37.6964334, 53.9441338 ], [ 37.695532, 53.9437242 ], [ 37.6948725, 53.9410247 ], [ 37.6923427, 53.9406716 ], [ 37.6923868, 53.9388196 ], [ 37.6897915, 53.9389212 ], [ 37.6890957, 53.9384371 ], [ 37.6883222, 53.9383854 ] ] ] } },
{ "type": "Feature", "properties": { "element": "way", "id": 153761693, "addr:country": "RU", "addr:region": "Тульская область", "name": "Шварцевский", "name:ar": null, "name:az": null, "name:de": null, "name:diq": null, "name:en": null, "name:eo": null, "name:es": null, "name:fa": null, "name:fi": null, "name:fr": null, "name:hr": null, "name:it": null, "name:ja": null, "name:ko": null, "name:nn": null, "name:no": null, "name:pl": null, "name:pt": null, "name:ru": "Шварцевский", "name:tl": null, "name:war": null, "name:zh": null, "official_status": null, "place": "town", "population": null, "population:date": null, "wikidata": null, "wikipedia": null, "addr:district": "Киреевский район", "start_date": null, "addr:subdistrict": null, "name:ca": null, "name:et": null, "name:id": null, "name:lt": null, "name:ro": null, "source": null, "addr:postcode": "301288", "name:hsb": null, "name:nl": null, "name:pnb": null, "name:sr": null, "name:sv": null, "name:tt": null, "name:uk": null, "name:vi": null, "admin_level": null, "capital": null, "contact:website": null, "int_name": null, "is_in:country": null, "is_in:country_code": null, "name:be": null, "name:bn": null, "name:eu": null, "name:he": null, "name:hu": null, "name:ml": null, "name:ru:word_stress": null, "name:sk": null, "name:sr-Latn": null, "name:zh-Hant": null, "wikimedia_commons": null, "addr:city": null, "website": null, "name:be-tarask": null, "name:bg": null, "description": null, "name:io": null, "alt_name": "Шварц", "landuse": null, "is_in": null, "type": null, "ele": null, "name:pa": null, "tourism": 0, "leisure": 0, "healthcare": 0 }, "geometry": { "type": "Polygon", "coordinates": [ [ [ 37.987391, 54.0866685 ], [ 37.9873748, 54.0881564 ], [ 37.9869017, 54.0894451 ], [ 37.9858981, 54.0907793 ], [ 37.9918113, 54.0946361 ], [ 37.9929282, 54.0940739 ], [ 37.9918344, 54.0933182 ], [ 37.9958935, 54.0913707 ], [ 37.9979479, 54.0927318 ], [ 37.9974353, 54.0948211 ], [ 37.9984846, 54.0952753 ], [ 37.9994953, 54.0960152 ], [ 38.0002463, 54.0966538 ], [ 38.0013868, 54.0972346 ], [ 38.0028137, 54.0977819 ], [ 38.004953, 54.0985677 ], [ 38.0063145, 54.0990169 ], [ 38.0068542, 54.0993308 ], [ 38.0076342, 54.099356 ], [ 38.0080075, 54.09882 ], [ 38.0085611, 54.0982821 ], [ 38.0100954, 54.0978121 ], [ 38.0034775, 54.0935056 ], [ 38.0026023, 54.0927811 ], [ 38.0009608, 54.0916517 ], [ 38.0020788, 54.0910955 ], [ 38.0029671, 54.09057 ], [ 38.0032461, 54.0882368 ], [ 38.0059998, 54.0883278 ], [ 38.0060699, 54.0884144 ], [ 38.006194, 54.0885081 ], [ 38.006327, 54.088608 ], [ 38.006527, 54.0886967 ], [ 38.0076582, 54.0891711 ], [ 38.0093255, 54.0897417 ], [ 38.0108084, 54.0897802 ], [ 38.0107724, 54.0889906 ], [ 38.0094214, 54.0884814 ], [ 38.0095525, 54.0878484 ], [ 38.0071511, 54.0871 ], [ 38.007337, 54.0862909 ], [ 38.0017716, 54.0843178 ], [ 38.0004673, 54.0838554 ], [ 37.9930837, 54.0825157 ], [ 37.987968, 54.0851658 ], [ 37.986081, 54.0830429 ], [ 37.9846487, 54.0810301 ], [ 37.9842754, 54.0793024 ], [ 37.9782629, 54.0796838 ], [ 37.9793637, 54.083445 ], [ 37.9808582, 54.0844979 ], [ 37.9818753, 54.0870593 ], [ 37.9863471, 54.0865219 ], [ 37.9866883, 54.0867163 ], [ 37.987391, 54.0866685 ] ] ] } },
{ "type": "Feature", "properties": { "element": "way", "id": 153761693, "addr:country": "RU", "addr:region": "Тульская область", "name": "Шварцевский", "name:ar": null, "name:az": null, "name:de": null, "name:diq": null, "name:en": null, "name:eo": null, "name:es": null, "name:fa": null, "name:fi": null, "name:fr": null, "name:hr": null, "name:it": null, "name:ja": null, "name:ko": null, "name:nn": null, "name:no": null, "name:pl": null, "name:pt": null, "name:ru": "Шварцевский", "name:tl": null, "name:war": null, "name:zh": null, "official_status": null, "place": "town", "population": null, "population:date": null, "wikidata": null, "wikipedia": null, "addr:district": "Киреевский район", "start_date": null, "addr:subdistrict": null, "name:ca": null, "name:et": null, "name:id": null, "name:lt": null, "name:ro": null, "source": null, "addr:postcode": "301288", "name:hsb": null, "name:nl": null, "name:pnb": null, "name:sr": null, "name:sv": null, "name:tt": null, "name:uk": null, "name:vi": null, "admin_level": null, "capital": null, "contact:website": null, "int_name": null, "is_in:country": null, "is_in:country_code": null, "name:be": null, "name:bn": null, "name:eu": null, "name:he": null, "name:hu": null, "name:ml": null, "name:ru:word_stress": null, "name:sk": null, "name:sr-Latn": null, "name:zh-Hant": null, "wikimedia_commons": null, "addr:city": null, "website": null, "name:be-tarask": null, "name:bg": null, "description": null, "name:io": null, "alt_name": "Шварц", "landuse": null, "is_in": null, "type": null, "ele": null, "name:pa": null, "tourism": 0, "leisure": 0, "healthcare": 0 }, "geometry": { "type": "Polygon", "coordinates": [ [ [ 37.987391, 54.0866685 ], [ 37.9873748, 54.0881564 ], [ 37.9869017, 54.0894451 ], [ 37.9858981, 54.0907793 ], [ 37.9918113, 54.0946361 ], [ 37.9929282, 54.0940739 ], [ 37.9918344, 54.0933182 ], [ 37.9958935, 54.0913707 ], [ 37.9979479, 54.0927318 ], [ 37.9974353, 54.0948211 ], [ 37.9984846, 54.0952753 ], [ 37.9994953, 54.0960152 ], [ 38.0002463, 54.0966538 ], [ 38.0013868, 54.0972346 ], [ 38.0028137, 54.0977819 ], [ 38.004953, 54.0985677 ], [ 38.0063145, 54.0990169 ], [ 38.0068542, 54.0993308 ], [ 38.0076342, 54.099356 ], [ 38.0080075, 54.09882 ], [ 38.0085611, 54.0982821 ], [ 38.0100954, 54.0978121 ], [ 38.0034775, 54.0935056 ], [ 38.0026023, 54.0927811 ], [ 38.0009608, 54.0916517 ], [ 38.0020788, 54.0910955 ], [ 38.0029671, 54.09057 ], [ 38.0032461, 54.0882368 ], [ 38.0059998, 54.0883278 ], [ 38.0060699, 54.0884144 ], [ 38.006194, 54.0885081 ], [ 38.006327, 54.088608 ], [ 38.006527, 54.0886967 ], [ 38.0076582, 54.0891711 ], [ 38.0093255, 54.0897417 ], [ 38.0108084, 54.0897802 ], [ 38.0107724, 54.0889906 ], [ 38.0094214, 54.0884814 ], [ 38.0095525, 54.0878484 ], [ 38.0071511, 54.0871 ], [ 38.007337, 54.0862909 ], [ 38.0017716, 54.0843178 ], [ 38.0004673, 54.0838554 ], [ 37.9930837, 54.0825157 ], [ 37.987968, 54.0851658 ], [ 37.986081, 54.0830429 ], [ 37.9846487, 54.0810301 ], [ 37.9842754, 54.0793024 ], [ 37.9782629, 54.0796838 ], [ 37.9793637, 54.083445 ], [ 37.9808582, 54.0844979 ], [ 37.9818753, 54.0870593 ], [ 37.9863471, 54.0865219 ], [ 37.9866883, 54.0867163 ], [ 37.987391, 54.0866685 ] ] ] } },
{ "type": "Feature", "properties": { "element": "way", "id": 153776840, "addr:country": "RU", "addr:region": "Тульская область", "name": "Болохово", "name:ar": null, "name:az": null, "name:de": null, "name:diq": null, "name:en": "Bolokhovo", "name:eo": null, "name:es": null, "name:fa": null, "name:fi": null, "name:fr": null, "name:hr": null, "name:it": null, "name:ja": null, "name:ko": null, "name:nn": null, "name:no": null, "name:pl": null, "name:pt": null, "name:ru": "Болохово", "name:tl": null, "name:war": null, "name:zh": null, "official_status": null, "place": "town", "population": null, "population:date": null, "wikidata": null, "wikipedia": null, "addr:district": "Киреевский район", "start_date": null, "addr:subdistrict": null, "name:ca": null, "name:et": null, "name:id": null, "name:lt": null, "name:ro": null, "source": null, "addr:postcode": null, "name:hsb": null, "name:nl": null, "name:pnb": null, "name:sr": null, "name:sv": null, "name:tt": null, "name:uk": null, "name:vi": null, "admin_level": null, "capital": null, "contact:website": null, "int_name": null, "is_in:country": null, "is_in:country_code": null, "name:be": null, "name:bn": null, "name:eu": null, "name:he": null, "name:hu": null, "name:ml": null, "name:ru:word_stress": null, "name:sk": null, "name:sr-Latn": null, "name:zh-Hant": null, "wikimedia_commons": null, "addr:city": null, "website": null, "name:be-tarask": null, "name:bg": null, "description": null, "name:io": null, "alt_name": null, "landuse": "residential", "is_in": null, "type": null, "ele": null, "name:pa": null, "tourism": 0, "leisure": 0, "healthcare": 0 }, "geometry": { "type": "Polygon", "coordinates": [ [ [ 37.8078029, 54.097902 ], [ 37.8105003, 54.0992637 ], [ 37.8138528, 54.0992694 ], [ 37.8186959, 54.0967836 ], [ 37.8210133, 54.0980126 ], [ 37.8261645, 54.0959697 ], [ 37.8276854, 54.0942039 ], [ 37.82858, 54.0942222 ], [ 37.8325241, 54.0921004 ], [ 37.8365936, 54.0916169 ], [ 37.8368987, 54.0904313 ], [ 37.8376576, 54.0889657 ], [ 37.8379699, 54.0883504 ], [ 37.8369549, 54.0868205 ], [ 37.837114, 54.0860505 ], [ 37.8376028, 54.0849994 ], [ 37.8387709, 54.0829419 ], [ 37.8397632, 54.0812396 ], [ 37.8397354, 54.0811557 ], [ 37.8389769, 54.0788617 ], [ 37.8360564, 54.0758589 ], [ 37.834254, 54.0745244 ], [ 37.833379, 54.073776 ], [ 37.8294045, 54.075028 ], [ 37.8260775, 54.075215 ], [ 37.8238041, 54.0764833 ], [ 37.8219441, 54.0777265 ], [ 37.8184611, 54.0761862 ], [ 37.8168733, 54.0767905 ], [ 37.8147704, 54.0778228 ], [ 37.8138709, 54.0785518 ], [ 37.8184047, 54.0808701 ], [ 37.8154879, 54.0827862 ], [ 37.8149095, 54.0849704 ], [ 37.8106023, 54.0881641 ], [ 37.8082431, 54.0914474 ], [ 37.8078029, 54.097902 ] ] ] } },
{ "type": "Feature", "properties": { "element": "way", "id": 153776840, "addr:country": "RU", "addr:region": "Тульская область", "name": "Болохово", "name:ar": null, "name:az": null, "name:de": null, "name:diq": null, "name:en": "Bolokhovo", "name:eo": null, "name:es": null, "name:fa": null, "name:fi": null, "name:fr": null, "name:hr": null, "name:it": null, "name:ja": null, "name:ko": null, "name:nn": null, "name:no": null, "name:pl": null, "name:pt": null, "name:ru": "Болохово", "name:tl": null, "name:war": null, "name:zh": null, "official_status": null, "place": "town", "population": null, "population:date": null, "wikidata": null, "wikipedia": null, "addr:district": "Киреевский район", "start_date": null, "addr:subdistrict": null, "name:ca": null, "name:et": null, "name:id": null, "name:lt": null, "name:ro": null, "source": null, "addr:postcode": null, "name:hsb": null, "name:nl": null, "name:pnb": null, "name:sr": null, "name:sv": null, "name:tt": null, "name:uk": null, "name:vi": null, "admin_level": null, "capital": null, "contact:website": null, "int_name": null, "is_in:country": null, "is_in:country_code": null, "name:be": null, "name:bn": null, "name:eu": null, "name:he": null, "name:hu": null, "name:ml": null, "name:ru:word_stress": null, "name:sk": null, "name:sr-Latn": null, "name:zh-Hant": null, "wikimedia_commons": null, "addr:city": null, "website": null, "name:be-tarask": null, "name:bg": null, "description": null, "name:io": null, "alt_name": null, "landuse": "residential", "is_in": null, "type": null, "ele": null, "name:pa": null, "tourism": 0, "leisure": 0, "healthcare": 0 }, "geometry": { "type": "Polygon", "coordinates": [ [ [ 37.8078029, 54.097902 ], [ 37.8105003, 54.0992637 ], [ 37.8138528, 54.0992694 ], [ 37.8186959, 54.0967836 ], [ 37.8210133, 54.0980126 ], [ 37.8261645, 54.0959697 ], [ 37.8276854, 54.0942039 ], [ 37.82858, 54.0942222 ], [ 37.8325241, 54.0921004 ], [ 37.8365936, 54.0916169 ], [ 37.8368987, 54.0904313 ], [ 37.8376576, 54.0889657 ], [ 37.8379699, 54.0883504 ], [ 37.8369549, 54.0868205 ], [ 37.837114, 54.0860505 ], [ 37.8376028, 54.0849994 ], [ 37.8387709, 54.0829419 ], [ 37.8397632, 54.0812396 ], [ 37.8397354, 54.0811557 ], [ 37.8389769, 54.0788617 ], [ 37.8360564, 54.0758589 ], [ 37.834254, 54.0745244 ], [ 37.833379, 54.073776 ], [ 37.8294045, 54.075028 ], [ 37.8260775, 54.075215 ], [ 37.8238041, 54.0764833 ], [ 37.8219441, 54.0777265 ], [ 37.8184611, 54.0761862 ], [ 37.8168733, 54.0767905 ], [ 37.8147704, 54.0778228 ], [ 37.8138709, 54.0785518 ], [ 37.8184047, 54.0808701 ], [ 37.8154879, 54.0827862 ], [ 37.8149095, 54.0849704 ], [ 37.8106023, 54.0881641 ], [ 37.8082431, 54.0914474 ], [ 37.8078029, 54.097902 ] ] ] } },
{ "type": "Feature", "properties": { "element": "way", "id": 158468462, "addr:country": "RU", "addr:region": "Тульская область", "name": "Бородинский", "name:ar": null, "name:az": null, "name:de": null, "name:diq": null, "name:en": "Borodinskiy", "name:eo": null, "name:es": null, "name:fa": null, "name:fi": null, "name:fr": null, "name:hr": null, "name:it": null, "name:ja": null, "name:ko": null, "name:nn": null, "name:no": null, "name:pl": null, "name:pt": null, "name:ru": "Бородинский", "name:tl": null, "name:war": null, "name:zh": null, "official_status": null, "place": "town", "population": null, "population:date": null, "wikidata": null, "wikipedia": null, "addr:district": "Киреевский район", "start_date": null, "addr:subdistrict": null, "name:ca": null, "name:et": null, "name:id": null, "name:lt": null, "name:ro": null, "source": null, "addr:postcode": null, "name:hsb": null, "name:nl": null, "name:pnb": null, "name:sr": null, "name:sv": null, "name:tt": null, "name:uk": null, "name:vi": null, "admin_level": null, "capital": null, "contact:website": null, "int_name": null, "is_in:country": null, "is_in:country_code": null, "name:be": null, "name:bn": null, "name:eu": null, "name:he": null, "name:hu": null, "name:ml": null, "name:ru:word_stress": null, "name:sk": null, "name:sr-Latn": null, "name:zh-Hant": null, "wikimedia_commons": null, "addr:city": null, "website": null, "name:be-tarask": null, "name:bg": null, "description": null, "name:io": null, "alt_name": null, "landuse": "residential", "is_in": null, "type": null, "ele": null, "name:pa": null, "tourism": 0, "leisure": 0, "healthcare": 0 }, "geometry": { "type": "Polygon", "coordinates": [ [ [ 37.8047707, 54.0011846 ], [ 37.8062078, 54.0018074 ], [ 37.8090193, 54.0030259 ], [ 37.8097059, 54.004388 ], [ 37.8107788, 54.0050438 ], [ 37.8109076, 54.0062796 ], [ 37.8232243, 54.0081459 ], [ 37.8230526, 54.0054473 ], [ 37.8236105, 54.0006549 ], [ 37.8270437, 54.0002765 ], [ 37.8331506, 54.0013233 ], [ 37.8360559, 54.0006549 ], [ 37.8343951, 53.9985234 ], [ 37.8303941, 53.9966342 ], [ 37.828643, 53.9956221 ], [ 37.8277421, 53.995894 ], [ 37.8272134, 53.9955296 ], [ 37.8232385, 53.9944899 ], [ 37.8229068, 53.9931201 ], [ 37.821623, 53.9926057 ], [ 37.8220224, 53.992069 ], [ 37.8195783, 53.9916609 ], [ 37.8186178, 53.9912751 ], [ 37.8188461, 53.9900954 ], [ 37.8186942, 53.9900231 ], [ 37.8177362, 53.9900734 ], [ 37.8174363, 53.9900891 ], [ 37.8169469, 53.9901148 ], [ 37.8115212, 53.9903998 ], [ 37.8101461, 53.9917579 ], [ 37.8082897, 53.9935914 ], [ 37.8058006, 53.9963413 ], [ 37.8062856, 53.9976405 ], [ 37.8062535, 53.9985038 ], [ 37.8062298, 53.9991414 ], [ 37.8047707, 54.0011846 ] ] ] } },
{ "type": "Feature", "properties": { "element": "way", "id": 184410233, "addr:country": null, "addr:region": null, "name": "Арсеньево", "name:ar": null, "name:az": null, "name:de": null, "name:diq": null, "name:en": "Arsenyevo", "name:eo": null, "name:es": null, "name:fa": null, "name:fi": null, "name:fr": null, "name:hr": null, "name:it": "Arsen'evo", "name:ja": null, "name:ko": null, "name:nn": null, "name:no": null, "name:pl": null, "name:pt": null, "name:ru": null, "name:tl": null, "name:war": null, "name:zh": null, "official_status": null, "place": "town", "population": null, "population:date": null, "wikidata": "Q3623930", "wikipedia": "ru:Арсеньево (Тульская область)", "addr:district": null, "start_date": null, "addr:subdistrict": null, "name:ca": null, "name:et": null, "name:id": null, "name:lt": null, "name:ro": null, "source": "irs", "addr:postcode": null, "name:hsb": null, "name:nl": null, "name:pnb": null, "name:sr": null, "name:sv": null, "name:tt": null, "name:uk": null, "name:vi": null, "admin_level": null, "capital": null, "contact:website": null, "int_name": null, "is_in:country": null, "is_in:country_code": null, "name:be": null, "name:bn": null, "name:eu": null, "name:he": null, "name:hu": null, "name:ml": null, "name:ru:word_stress": null, "name:sk": null, "name:sr-Latn": null, "name:zh-Hant": null, "wikimedia_commons": null, "addr:city": null, "website": null, "name:be-tarask": null, "name:bg": null, "description": null, "name:io": null, "alt_name": null, "landuse": null, "is_in": null, "type": null, "ele": null, "name:pa": null, "tourism": 0, "leisure": 0, "healthcare": 0 }, "geometry": { "type": "Polygon", "coordinates": [ [ [ 36.6390454, 53.7284105 ], [ 36.6363775, 53.7279767 ], [ 36.6331894, 53.7268658 ], [ 36.6310301, 53.7284805 ], [ 36.6338502, 53.7301963 ], [ 36.6366751, 53.7307061 ], [ 36.6428095, 53.7326092 ], [ 36.6372983, 53.7377718 ], [ 36.6446484, 53.7447874 ], [ 36.6537713, 53.7468791 ], [ 36.658695, 53.746316 ], [ 36.6603317, 53.7460751 ], [ 36.6633355, 53.7454903 ], [ 36.6674451, 53.7452085 ], [ 36.670191, 53.7449651 ], [ 36.6731728, 53.7446254 ], [ 36.6766759, 53.7434079 ], [ 36.6772193, 53.7431328 ], [ 36.6799392, 53.7413474 ], [ 36.6811791, 53.7402977 ], [ 36.6875954, 53.7399783 ], [ 36.689935, 53.7322113 ], [ 36.6730742, 53.7333327 ], [ 36.673452, 53.727206 ], [ 36.6711072, 53.7256415 ], [ 36.6641831, 53.725539 ], [ 36.6565952, 53.7304121 ], [ 36.6390454, 53.7284105 ] ] ] } },
{ "type": "Feature", "properties": { "element": "way", "id": 188926092, "addr:country": "RU", "addr:region": "Тульская область", "name": "Суворов", "name:ar": null, "name:az": null, "name:de": "Suworow", "name:diq": null, "name:en": "Suvorov", "name:eo": null, "name:es": null, "name:fa": null, "name:fi": null, "name:fr": null, "name:hr": null, "name:it": null, "name:ja": null, "name:ko": null, "name:nn": null, "name:no": null, "name:pl": null, "name:pt": null, "name:ru": "Суворов", "name:tl": null, "name:war": null, "name:zh": null, "official_status": null, "place": "town", "population": null, "population:date": null, "wikidata": null, "wikipedia": null, "addr:district": "Суворовский район", "start_date": null, "addr:subdistrict": null, "name:ca": null, "name:et": null, "name:id": null, "name:lt": null, "name:ro": null, "source": null, "addr:postcode": "301430", "name:hsb": null, "name:nl": null, "name:pnb": null, "name:sr": null, "name:sv": null, "name:tt": null, "name:uk": null, "name:vi": null, "admin_level": null, "capital": null, "contact:website": null, "int_name": null, "is_in:country": null, "is_in:country_code": null, "name:be": null, "name:bn": null, "name:eu": null, "name:he": null, "name:hu": null, "name:ml": null, "name:ru:word_stress": null, "name:sk": null, "name:sr-Latn": null, "name:zh-Hant": null, "wikimedia_commons": null, "addr:city": null, "website": null, "name:be-tarask": null, "name:bg": null, "description": null, "name:io": null, "alt_name": null, "landuse": null, "is_in": null, "type": null, "ele": null, "name:pa": null, "tourism": 0, "leisure": 0, "healthcare": 0 }, "geometry": { "type": "Polygon", "coordinates": [ [ [ 36.4958256, 54.1057626 ], [ 36.4947754, 54.105733 ], [ 36.4933306, 54.1062181 ], [ 36.4904094, 54.1094945 ], [ 36.4729357, 54.116515 ], [ 36.454494, 54.1218497 ], [ 36.4697652, 54.1275279 ], [ 36.4715778, 54.1318921 ], [ 36.480262, 54.1289436 ], [ 36.4880598, 54.1268936 ], [ 36.4946947, 54.1274059 ], [ 36.4955469, 54.1274717 ], [ 36.5074507, 54.1294173 ], [ 36.5087752, 54.1337113 ], [ 36.5164132, 54.1272478 ], [ 36.519076, 54.1243716 ], [ 36.5333601, 54.1219733 ], [ 36.5307989, 54.1169423 ], [ 36.5196275, 54.1144272 ], [ 36.5090616, 54.1116353 ], [ 36.5076826, 54.1128912 ], [ 36.5062138, 54.1131932 ], [ 36.5048192, 54.1134358 ], [ 36.5036203, 54.1129794 ], [ 36.50218, 54.1115765 ], [ 36.497724, 54.1072357 ], [ 36.4964222, 54.1065361 ], [ 36.4958256, 54.1057626 ] ] ] } },
{ "type": "Feature", "properties": { "element": "way", "id": 188926092, "addr:country": "RU", "addr:region": "Тульская область", "name": "Суворов", "name:ar": null, "name:az": null, "name:de": "Suworow", "name:diq": null, "name:en": "Suvorov", "name:eo": null, "name:es": null, "name:fa": null, "name:fi": null, "name:fr": null, "name:hr": null, "name:it": null, "name:ja": null, "name:ko": null, "name:nn": null, "name:no": null, "name:pl": null, "name:pt": null, "name:ru": "Суворов", "name:tl": null, "name:war": null, "name:zh": null, "official_status": null, "place": "town", "population": null, "population:date": null, "wikidata": null, "wikipedia": null, "addr:district": "Суворовский район", "start_date": null, "addr:subdistrict": null, "name:ca": null, "name:et": null, "name:id": null, "name:lt": null, "name:ro": null, "source": null, "addr:postcode": "301430", "name:hsb": null, "name:nl": null, "name:pnb": null, "name:sr": null, "name:sv": null, "name:tt": null, "name:uk": null, "name:vi": null, "admin_level": null, "capital": null, "contact:website": null, "int_name": null, "is_in:country": null, "is_in:country_code": null, "name:be": null, "name:bn": null, "name:eu": null, "name:he": null, "name:hu": null, "name:ml": null, "name:ru:word_stress": null, "name:sk": null, "name:sr-Latn": null, "name:zh-Hant": null, "wikimedia_commons": null, "addr:city": null, "website": null, "name:be-tarask": null, "name:bg": null, "description": null, "name:io": null, "alt_name": null, "landuse": null, "is_in": null, "type": null, "ele": null, "name:pa": null, "tourism": 0, "leisure": 0, "healthcare": 0 }, "geometry": { "type": "Polygon", "coordinates": [ [ [ 36.4958256, 54.1057626 ], [ 36.4947754, 54.105733 ], [ 36.4933306, 54.1062181 ], [ 36.4904094, 54.1094945 ], [ 36.4729357, 54.116515 ], [ 36.454494, 54.1218497 ], [ 36.4697652, 54.1275279 ], [ 36.4715778, 54.1318921 ], [ 36.480262, 54.1289436 ], [ 36.4880598, 54.1268936 ], [ 36.4946947, 54.1274059 ], [ 36.4955469, 54.1274717 ], [ 36.5074507, 54.1294173 ], [ 36.5087752, 54.1337113 ], [ 36.5164132, 54.1272478 ], [ 36.519076, 54.1243716 ], [ 36.5333601, 54.1219733 ], [ 36.5307989, 54.1169423 ], [ 36.5196275, 54.1144272 ], [ 36.5090616, 54.1116353 ], [ 36.5076826, 54.1128912 ], [ 36.5062138, 54.1131932 ], [ 36.5048192, 54.1134358 ], [ 36.5036203, 54.1129794 ], [ 36.50218, 54.1115765 ], [ 36.497724, 54.1072357 ], [ 36.4964222, 54.1065361 ], [ 36.4958256, 54.1057626 ] ] ] } },
{ "type": "Feature", "properties": { "element": "way", "id": 407473291, "addr:country": null, "addr:region": null, "name": "Ефремов", "name:ar": null, "name:az": null, "name:de": null, "name:diq": null, "name:en": "Yefremov", "name:eo": null, "name:es": null, "name:fa": null, "name:fi": null, "name:fr": null, "name:hr": null, "name:it": null, "name:ja": null, "name:ko": null, "name:nn": null, "name:no": null, "name:pl": null, "name:pt": null, "name:ru": null, "name:tl": null, "name:war": null, "name:zh": null, "official_status": null, "place": "town", "population": null, "population:date": null, "wikidata": null, "wikipedia": null, "addr:district": null, "start_date": null, "addr:subdistrict": null, "name:ca": null, "name:et": null, "name:id": null, "name:lt": null, "name:ro": null, "source": null, "addr:postcode": null, "name:hsb": null, "name:nl": null, "name:pnb": null, "name:sr": null, "name:sv": null, "name:tt": null, "name:uk": null, "name:vi": null, "admin_level": null, "capital": null, "contact:website": null, "int_name": null, "is_in:country": null, "is_in:country_code": null, "name:be": null, "name:bn": null, "name:eu": null, "name:he": null, "name:hu": null, "name:ml": null, "name:ru:word_stress": null, "name:sk": null, "name:sr-Latn": null, "name:zh-Hant": null, "wikimedia_commons": null, "addr:city": null, "website": null, "name:be-tarask": null, "name:bg": null, "description": null, "name:io": null, "alt_name": null, "landuse": null, "is_in": null, "type": null, "ele": null, "name:pa": null, "tourism": 0, "leisure": 0, "healthcare": 0 }, "geometry": { "type": "Polygon", "coordinates": [ [ [ 38.0858307, 53.132871 ], [ 38.0863267, 53.1309728 ], [ 38.0916877, 53.1298341 ], [ 38.0958656, 53.129346 ], [ 38.1009925, 53.1277192 ], [ 38.1048623, 53.1268539 ], [ 38.1072162, 53.1261662 ], [ 38.1106054, 53.1260553 ], [ 38.1139822, 53.1246206 ], [ 38.1157692, 53.1244209 ], [ 38.1165333, 53.1244431 ], [ 38.1169893, 53.1256337 ], [ 38.1183203, 53.1272089 ], [ 38.1208714, 53.1301446 ], [ 38.123377, 53.1320799 ], [ 38.1248521, 53.1332132 ], [ 38.1242113, 53.1344702 ], [ 38.1222392, 53.1356931 ], [ 38.1221689, 53.1362744 ], [ 38.1224704, 53.1368558 ], [ 38.123176, 53.1380043 ], [ 38.1257395, 53.1407988 ], [ 38.1292026, 53.1442067 ], [ 38.1302994, 53.1431792 ], [ 38.1304473, 53.1417377 ], [ 38.1304227, 53.13847 ], [ 38.1301741, 53.1348024 ], [ 38.1306075, 53.1334424 ], [ 38.13152, 53.1326916 ], [ 38.1323329, 53.1320228 ], [ 38.1320535, 53.1249798 ], [ 38.1322097, 53.1237923 ], [ 38.1338611, 53.1210114 ], [ 38.1351798, 53.119547 ], [ 38.1359439, 53.1182378 ], [ 38.133553, 53.1174538 ], [ 38.134428, 53.1163812 ], [ 38.1328382, 53.1157229 ], [ 38.1307308, 53.1142361 ], [ 38.1307376, 53.113775 ], [ 38.1332326, 53.112113 ], [ 38.1348224, 53.110345 ], [ 38.1335653, 53.1097235 ], [ 38.1366505, 53.1062043 ], [ 38.1396535, 53.1027466 ], [ 38.1361288, 53.1015257 ], [ 38.1381006, 53.0990395 ], [ 38.139863, 53.0976927 ], [ 38.1417124, 53.0973165 ], [ 38.1434493, 53.0970192 ], [ 38.1444353, 53.096183 ], [ 38.146629, 53.0940591 ], [ 38.1487611, 53.0911135 ], [ 38.1497963, 53.0901661 ], [ 38.1507822, 53.089759 ], [ 38.1513368, 53.0899293 ], [ 38.1501812, 53.0913124 ], [ 38.1485762, 53.0937482 ], [ 38.14621, 53.0969304 ], [ 38.1454089, 53.0976779 ], [ 38.1512287, 53.1000288 ], [ 38.149328, 53.1024729 ], [ 38.1482207, 53.1036172 ], [ 38.1517189, 53.1047962 ], [ 38.1529266, 53.1058912 ], [ 38.1530006, 53.107763 ], [ 38.1520516, 53.1102414 ], [ 38.1503386, 53.1125717 ], [ 38.1490815, 53.1137775 ], [ 38.1427012, 53.1157648 ], [ 38.1380513, 53.1171209 ], [ 38.1372749, 53.1183783 ], [ 38.1378542, 53.1191254 ], [ 38.1352168, 53.1213295 ], [ 38.1335777, 53.1238145 ], [ 38.1332819, 53.1265286 ], [ 38.1344897, 53.1267356 ], [ 38.136671, 53.1272385 ], [ 38.1378418, 53.1291464 ], [ 38.1364369, 53.1313943 ], [ 38.1350935, 53.1338787 ], [ 38.1378911, 53.1336273 ], [ 38.1420567, 53.1343445 ], [ 38.1422169, 53.1356532 ], [ 38.1426976, 53.1364886 ], [ 38.1450392, 53.138337 ], [ 38.1400748, 53.1418859 ], [ 38.1395056, 53.1427504 ], [ 38.1396165, 53.145722 ], [ 38.1396165, 53.1502604 ], [ 38.1402204, 53.1522042 ], [ 38.1419951, 53.1549682 ], [ 38.1426483, 53.1557442 ], [ 38.145643, 53.1572591 ], [ 38.1438807, 53.158907 ], [ 38.1399123, 53.1592765 ], [ 38.1379651, 53.1596903 ], [ 38.1366341, 53.1588627 ], [ 38.1354509, 53.1590844 ], [ 38.1342687, 53.1591974 ], [ 38.13359, 53.1594021 ], [ 38.1329368, 53.1592765 ], [ 38.1318769, 53.1588036 ], [ 38.1310758, 53.1588257 ], [ 38.1306322, 53.1593356 ], [ 38.1292888, 53.1599268 ], [ 38.125456, 53.1610426 ], [ 38.1210932, 53.1621361 ], [ 38.1190105, 53.1625943 ], [ 38.1142903, 53.1645966 ], [ 38.1120719, 53.1656679 ], [ 38.1099891, 53.168276 ], [ 38.1092743, 53.1694506 ], [ 38.1071669, 53.1692068 ], [ 38.1050102, 53.1689557 ], [ 38.1038271, 53.1687414 ], [ 38.1059838, 53.1667245 ], [ 38.1069739, 53.1655131 ], [ 38.1060381, 53.1653703 ], [ 38.1045575, 53.1645527 ], [ 38.1032876, 53.1643813 ], [ 38.1005116, 53.1642217 ], [ 38.0982072, 53.1636065 ], [ 38.0946448, 53.1635756 ], [ 38.0917247, 53.1645671 ], [ 38.0925011, 53.1653207 ], [ 38.0911331, 53.1657344 ], [ 38.0905169, 53.1649513 ], [ 38.0867238, 53.1661068 ], [ 38.0857104, 53.1664925 ], [ 38.084589, 53.1668427 ], [ 38.0822832, 53.1677648 ], [ 38.079915, 53.1686534 ], [ 38.0758881, 53.1699899 ], [ 38.0741257, 53.1685715 ], [ 38.0770589, 53.1673229 ], [ 38.0811012, 53.1659265 ], [ 38.0829745, 53.1650769 ], [ 38.0897898, 53.1629563 ], [ 38.087744, 53.1605918 ], [ 38.0867087, 53.1605327 ], [ 38.0848601, 53.1596681 ], [ 38.0824446, 53.1585006 ], [ 38.0797702, 53.1579981 ], [ 38.075506, 53.156195 ], [ 38.0726528, 53.1537276 ], [ 38.0694916, 53.1542798 ], [ 38.0695781, 53.1548869 ], [ 38.0670024, 53.1553229 ], [ 38.0680376, 53.158205 ], [ 38.0687894, 53.1616189 ], [ 38.0639336, 53.1613455 ], [ 38.059768, 53.1614711 ], [ 38.0559352, 53.1617298 ], [ 38.0551286, 53.161312 ], [ 38.0543208, 53.1602741 ], [ 38.0520654, 53.1594243 ], [ 38.0511658, 53.1584489 ], [ 38.050796, 53.1578725 ], [ 38.0495266, 53.1584563 ], [ 38.051326, 53.1599268 ], [ 38.0514246, 53.1605105 ], [ 38.0500443, 53.1609243 ], [ 38.0487625, 53.1607027 ], [ 38.0474685, 53.1610352 ], [ 38.0441656, 53.1620992 ], [ 38.0425265, 53.1605696 ], [ 38.0418856, 53.1600672 ], [ 38.0411215, 53.1603554 ], [ 38.0434015, 53.1623135 ], [ 38.0447079, 53.1633701 ], [ 38.0463347, 53.163976 ], [ 38.0403328, 53.1651212 ], [ 38.0385458, 53.1633405 ], [ 38.0374243, 53.1619736 ], [ 38.035169, 53.1620992 ], [ 38.0380282, 53.1644267 ], [ 38.039618, 53.1656827 ], [ 38.0352922, 53.1665989 ], [ 38.034602, 53.1659044 ], [ 38.0321372, 53.1618554 ], [ 38.0321249, 53.1614859 ], [ 38.0382377, 53.1591435 ], [ 38.0443333, 53.1568859 ], [ 38.0469016, 53.1558107 ], [ 38.0470618, 53.1545544 ], [ 38.0463347, 53.1540223 ], [ 38.0452378, 53.1527289 ], [ 38.0435001, 53.1507482 ], [ 38.04631, 53.14978 ], [ 38.0489721, 53.1486047 ], [ 38.0506112, 53.1460694 ], [ 38.051289, 53.1460768 ], [ 38.0515725, 53.1456851 ], [ 38.0522256, 53.1456407 ], [ 38.0522387, 53.1453038 ], [ 38.0628368, 53.1436597 ], [ 38.0660799, 53.1429711 ], [ 38.0681362, 53.1392492 ], [ 38.0656068, 53.1384802 ], [ 38.065696, 53.1374128 ], [ 38.0656467, 53.1361707 ], [ 38.0659671, 53.1350321 ], [ 38.0664478, 53.1340635 ], [ 38.067976, 53.1330654 ], [ 38.070145, 53.13257 ], [ 38.0719937, 53.13257 ], [ 38.0732261, 53.132814 ], [ 38.0733616, 53.1334424 ], [ 38.073796, 53.133622 ], [ 38.0739677, 53.1337282 ], [ 38.0743056, 53.1337701 ], [ 38.0750406, 53.133651 ], [ 38.0759042, 53.1335673 ], [ 38.0768001, 53.1336381 ], [ 38.0775726, 53.1337379 ], [ 38.077991, 53.1337347 ], [ 38.0787072, 53.1336091 ], [ 38.0794367, 53.1333935 ], [ 38.0815422, 53.132782 ], [ 38.0824757, 53.1325599 ], [ 38.0834413, 53.1325278 ], [ 38.0842459, 53.1325599 ], [ 38.0858307, 53.132871 ] ] ] } }
]
}
